experiment_id,dataset,split,experimental_role,relative_to_data,filename,width,height,mode,format,sha256
IMG_0001,BSDS500,validation,development_parameter_selection,BSR\BSDS500\data\images\val\101085.jpg,101085.jpg,321,481,RGB,JPEG,dbefbd4ae3749913ee9fffcdb663bea87ab6634dc8b989422f741243bdbedc8a
IMG_0002,BSDS500,validation,development_parameter_selection,BSR\BSDS500\data\images\val\101087.jpg,101087.jpg,321,481,RGB,JPEG,d755a74144410290cff5e214bb7cbf352a8cb920d45fac3d992b9772ad92a017
IMG_0003,BSDS500,validation,development_parameter_selection,BSR\BSDS500\data\images\val\102061.jpg,102061.jpg,321,481,RGB,JPEG,35ce0a9baaebae00c19f6abccd1d7b3ecd8f1c62003e178610b2179c082f0a8e
IMG_0004,BSDS500,validation,development_parameter_selection,BSR\BSDS500\data\images\val\103070.jpg,103070.jpg,481,321,RGB,JPEG,6d1d9e564b5459e969f65470ff03aa3104af779e93c93ca434ad546477e27261
IMG_0005,BSDS500,validation,development_parameter_selection,BSR\BSDS500\data\images\val\105025.jpg,105025.jpg,481,321,RGB,JPEG,6678e84e923e5c1b085afe43ae2fc3735f7f424e02eaefe50a64405f76b9b51b
IMG_0006,BSDS500,validation,development_parameter_selection,BSR\BSDS500\data\images\val\106024.jpg,106024.jpg,481,321,RGB,JPEG,ea31189313c34be7b7a48b7cd776c17f3afb5585de37a6e740a638320fa9847d
IMG_0007,BSDS500,validation,development_parameter_selection,BSR\BSDS500\data\images\val\108005.jpg,108005.jpg,481,321,RGB,JPEG,e0210b50350e928e35f048fe4b8ea54e58200c58ae3bb5ff619b2074b38fac01
IMG_0008,BSDS500,validation,development_parameter_selection,BSR\BSDS500\data\images\val\108070.jpg,108070.jpg,481,321,RGB,JPEG,6a5d0dd5e9e0a14f680b1c8225b151268c40a41935add1c91483575fd5db51cb
IMG_0009,BSDS500,validation,development_parameter_selection,BSR\BSDS500\data\images\val\108082.jpg,108082.jpg,481,321,RGB,JPEG,389d781d17c9809aeec1f609a324725aa694aea668036bc17f79176a729f7071
IMG_0010,BSDS500,validation,development_parameter_selection,BSR\BSDS500\data\images\val\109053.jpg,109053.jpg,481,321,RGB,JPEG,91819e7ece60560b5f37398dacd12fc1ac41d095f3454bee965645781599a968
IMG_0011,BSDS500,validation,development_parameter_selection,BSR\BSDS500\data\images\val\119082.jpg,119082.jpg,481,321,RGB,JPEG,8cf5ce02395627b797b3da7a3845bcb0da14d66942d422a1c898372b67536d4c
IMG_0012,BSDS500,validation,development_parameter_selection,BSR\BSDS500\data\images\val\12084.jpg,12084.jpg,481,321,RGB,JPEG,937a95df6a3ded078400451ac163cac6ec20f0ca912c741ae7427d6fca84175d
IMG_0013,BSDS500,validation,development_parameter_selection,BSR\BSDS500\data\images\val\123074.jpg,123074.jpg,481,321,RGB,JPEG,f47e336f7f3c4da54d5d95b6217e4381ea62a8ff12d061f39da48539794aa82a
IMG_0014,BSDS500,validation,development_parameter_selection,BSR\BSDS500\data\images\val\126007.jpg,126007.jpg,481,321,RGB,JPEG,4a61a754b422680d24a148430cab10c3bb548aeee3f51ae8dc39cd783ef854ad
IMG_0015,BSDS500,validation,development_parameter_selection,BSR\BSDS500\data\images\val\130026.jpg,130026.jpg,481,321,RGB,JPEG,ab2865a5f0e54ad3a1b2f911b701560b1537e9c4ced6064d9759d33be0906761
IMG_0016,BSDS500,validation,development_parameter_selection,BSR\BSDS500\data\images\val\134035.jpg,134035.jpg,481,321,RGB,JPEG,fe71f4eed285623dc41b1be0d767f7223fe496a979ac16b264c47649655e1e7c
IMG_0017,BSDS500,validation,development_parameter_selection,BSR\BSDS500\data\images\val\14037.jpg,14037.jpg,481,321,RGB,JPEG,5cbff02cd015ece351725d5f89a880d6a70f71f383b412c81071c66546ce5076
IMG_0018,BSDS500,validation,development_parameter_selection,BSR\BSDS500\data\images\val\143090.jpg,143090.jpg,481,321,RGB,JPEG,b080362885015372c4d808000009820d044e21de1ea39f89b02307bfc73a0beb
IMG_0019,BSDS500,validation,development_parameter_selection,BSR\BSDS500\data\images\val\145086.jpg,145086.jpg,481,321,RGB,JPEG,ea31167eece902040a4dfc2e50e1a6112a6888c19566aa93ba698ec754f6e815
IMG_0020,BSDS500,validation,development_parameter_selection,BSR\BSDS500\data\images\val\147091.jpg,147091.jpg,481,321,RGB,JPEG,208f65955ad60894070a3b768ea7f241c87a3919cfc00ecae9ecf2c51220c791
IMG_0021,BSDS500,validation,development_parameter_selection,BSR\BSDS500\data\images\val\148026.jpg,148026.jpg,321,481,RGB,JPEG,270c2f11ddb596713ebdcbec5c69031a6df97f18cc9d8c5b26cf96a3ef74102c
IMG_0022,BSDS500,validation,development_parameter_selection,BSR\BSDS500\data\images\val\148089.jpg,148089.jpg,481,321,RGB,JPEG,d48e9934d24f6c96fcefa9db9b821a4803529786f50a088c78420454f597006f
IMG_0023,BSDS500,validation,development_parameter_selection,BSR\BSDS500\data\images\val\156065.jpg,156065.jpg,481,321,RGB,JPEG,2328df0f0f479e98fe313142bdc9d6463937e0ab6e7811f0b2ffb79329e946e2
IMG_0024,BSDS500,validation,development_parameter_selection,BSR\BSDS500\data\images\val\157055.jpg,157055.jpg,481,321,RGB,JPEG,65d2f1fa2847bf9b0207318e880b0dedae82793f5c3ab59b01ff72b2de686062
IMG_0025,BSDS500,validation,development_parameter_selection,BSR\BSDS500\data\images\val\159008.jpg,159008.jpg,481,321,RGB,JPEG,ce52eb682bc3686ba6907fa7fde3ea8a7f87b105aecfe43b93992ef3c9bad6f2
IMG_0026,BSDS500,validation,development_parameter_selection,BSR\BSDS500\data\images\val\160068.jpg,160068.jpg,481,321,RGB,JPEG,c757c98def260243a45eb6092d9be75efe77810451d2954e17acc495bb876d6a
IMG_0027,BSDS500,validation,development_parameter_selection,BSR\BSDS500\data\images\val\16077.jpg,16077.jpg,481,321,RGB,JPEG,19d4d8a03773c9b65f4e4cfed7b0f5674ebe07a9cc4800de554f0c30556c85ec
IMG_0028,BSDS500,validation,development_parameter_selection,BSR\BSDS500\data\images\val\163085.jpg,163085.jpg,481,321,RGB,JPEG,3886bc975ea9321e3a26536a95a441aeef14af3a5c3313872af23a0d76d55ac6
IMG_0029,BSDS500,validation,development_parameter_selection,BSR\BSDS500\data\images\val\167062.jpg,167062.jpg,481,321,RGB,JPEG,120d3b4c9eab16d6dad58004a6ce647a7007ca25a6b98e248a35ed5e70c6d5bf
IMG_0030,BSDS500,validation,development_parameter_selection,BSR\BSDS500\data\images\val\167083.jpg,167083.jpg,321,481,RGB,JPEG,0f09dd34a9d48f8650d1912cb4c4d1e90d33dd559223a27985cf6d6eda75ebe1
IMG_0031,BSDS500,validation,development_parameter_selection,BSR\BSDS500\data\images\val\170057.jpg,170057.jpg,481,321,RGB,JPEG,a485834fbbc26a08067e0ffef314c2129541d548f9f8dbc0923086c9569ba6c7
IMG_0032,BSDS500,validation,development_parameter_selection,BSR\BSDS500\data\images\val\175032.jpg,175032.jpg,321,481,RGB,JPEG,8e7b3faa193f7e6f36ab9b092dd7062b7d01e70ff59fe60123b7eabc951c8740
IMG_0033,BSDS500,validation,development_parameter_selection,BSR\BSDS500\data\images\val\175043.jpg,175043.jpg,481,321,RGB,JPEG,be578b68f530951b117c8bd04c5a79d2061da1d9a6c4c20d10ebc30c509eca89
IMG_0034,BSDS500,validation,development_parameter_selection,BSR\BSDS500\data\images\val\182053.jpg,182053.jpg,481,321,RGB,JPEG,61ce1ee72993d333bde9191794d63650f21f40cbfb4c630992c3d5e5680b9b65
IMG_0035,BSDS500,validation,development_parameter_selection,BSR\BSDS500\data\images\val\189080.jpg,189080.jpg,321,481,RGB,JPEG,c8db7afe744b586a8fd7ebb535fd73dd764e3c3335c34be4a59b162cea941100
IMG_0036,BSDS500,validation,development_parameter_selection,BSR\BSDS500\data\images\val\19021.jpg,19021.jpg,481,321,RGB,JPEG,e896602e24ac9c4f043fb67ecbe05d9b98c28a3ecd31c0e4ddc057ec1cca782e
IMG_0037,BSDS500,validation,development_parameter_selection,BSR\BSDS500\data\images\val\196073.jpg,196073.jpg,481,321,RGB,JPEG,56367543b34bf798dbe0a721f59cdeffdb67c176e8c75347b5974631b379bbe8
IMG_0038,BSDS500,validation,development_parameter_selection,BSR\BSDS500\data\images\val\197017.jpg,197017.jpg,481,321,RGB,JPEG,59e30cd9332aa9331665ccd9c32b4f5738d64747584d989de33ff5220d91733b
IMG_0039,BSDS500,validation,development_parameter_selection,BSR\BSDS500\data\images\val\208001.jpg,208001.jpg,321,481,RGB,JPEG,3056ff21b07978dfd9c7043a10b7eb024f5bce1612b15650b6dc8cb52b069800
IMG_0040,BSDS500,validation,development_parameter_selection,BSR\BSDS500\data\images\val\210088.jpg,210088.jpg,321,481,RGB,JPEG,a9f75c4315a16c10abadff1fc7f4b409b173ba6326e95e821ef5a41c02639f30
IMG_0041,BSDS500,validation,development_parameter_selection,BSR\BSDS500\data\images\val\21077.jpg,21077.jpg,481,321,RGB,JPEG,775c0d915b6a5261790eb99fc62afdec4664f9e3cbc2e2d5e724cc69afee3413
IMG_0042,BSDS500,validation,development_parameter_selection,BSR\BSDS500\data\images\val\216081.jpg,216081.jpg,481,321,RGB,JPEG,0a20b477293947433784dd7e0acb42e05364ef2294d49c5480a574a87aafac04
IMG_0043,BSDS500,validation,development_parameter_selection,BSR\BSDS500\data\images\val\219090.jpg,219090.jpg,481,321,RGB,JPEG,1f3f81c986fdca765d654d0ad05c6f7d68a0412ee4178bdfa0491558c03d6202
IMG_0044,BSDS500,validation,development_parameter_selection,BSR\BSDS500\data\images\val\220075.jpg,220075.jpg,481,321,RGB,JPEG,0fcc3e2e5b34f47858dc58587897d6b849558a38a8b9454ebb54a78236b2d0af
IMG_0045,BSDS500,validation,development_parameter_selection,BSR\BSDS500\data\images\val\223061.jpg,223061.jpg,481,321,RGB,JPEG,0246cf68cc5dba8185e0da2d5df04b90bee7b3f2ed85ab106913b929d115c139
IMG_0046,BSDS500,validation,development_parameter_selection,BSR\BSDS500\data\images\val\227092.jpg,227092.jpg,321,481,RGB,JPEG,00c00ab0b495598981ff87740e0085d91d8ac4ae39d327ef9b1de774426161cf
IMG_0047,BSDS500,validation,development_parameter_selection,BSR\BSDS500\data\images\val\229036.jpg,229036.jpg,481,321,RGB,JPEG,3ed19e58c2c7c2b67d8624ce7a1b1a929daec59e5fc7b4217f966f00853fa9b7
IMG_0048,BSDS500,validation,development_parameter_selection,BSR\BSDS500\data\images\val\236037.jpg,236037.jpg,481,321,RGB,JPEG,b2698ff2e33f683f2666fdc786ad46eab070922df51c9026767744722ea06851
IMG_0049,BSDS500,validation,development_parameter_selection,BSR\BSDS500\data\images\val\24077.jpg,24077.jpg,481,321,RGB,JPEG,d1a4b952de4b1b130f82675757f40fbe22fd71c4e4eb454ffa0b1d9f89bdec63
IMG_0050,BSDS500,validation,development_parameter_selection,BSR\BSDS500\data\images\val\241004.jpg,241004.jpg,481,321,RGB,JPEG,510b533e488a6aff986d3b7560a368ffed4a3fa6fefb7aa010376ef4e06e79b3
IMG_0051,BSDS500,validation,development_parameter_selection,BSR\BSDS500\data\images\val\241048.jpg,241048.jpg,481,321,RGB,JPEG,70c5e137c0b102852ae93c5ddf0e315e06297ed009dfe309d54c4cab02074457
IMG_0052,BSDS500,validation,development_parameter_selection,BSR\BSDS500\data\images\val\253027.jpg,253027.jpg,481,321,RGB,JPEG,a2936a80c928a0efb8db070a2e46bd6ef4a2f22d33b59db6eb91ca6676faed52
IMG_0053,BSDS500,validation,development_parameter_selection,BSR\BSDS500\data\images\val\253055.jpg,253055.jpg,481,321,RGB,JPEG,9e7248e4683233f8c8e61e5c4d342ef199d85ae0329116e46ca155de869d296b
IMG_0054,BSDS500,validation,development_parameter_selection,BSR\BSDS500\data\images\val\260058.jpg,260058.jpg,481,321,RGB,JPEG,3ce26289f3f2dadd74052a81f4da2120ee825e8fdcf6014798cfb8a15343bad7
IMG_0055,BSDS500,validation,development_parameter_selection,BSR\BSDS500\data\images\val\271035.jpg,271035.jpg,321,481,RGB,JPEG,d01d3266ddb456a47fb382c73862b8d48927e3f000be9587a0aba9aea66bc881
IMG_0056,BSDS500,validation,development_parameter_selection,BSR\BSDS500\data\images\val\285079.jpg,285079.jpg,321,481,RGB,JPEG,62c16ed71f166b59340fac19748abca19c613b668296733854fbd8911f5bad4e
IMG_0057,BSDS500,validation,development_parameter_selection,BSR\BSDS500\data\images\val\291000.jpg,291000.jpg,481,321,RGB,JPEG,1e3b80ec6631fa47a7357cb67d8e6235ca843839eff7f06e4c283ea7befcfb05
IMG_0058,BSDS500,validation,development_parameter_selection,BSR\BSDS500\data\images\val\295087.jpg,295087.jpg,481,321,RGB,JPEG,6f5023c2d062b4078c174f703899cc36a29895608531e7d2d6e2d32997d39d4f
IMG_0059,BSDS500,validation,development_parameter_selection,BSR\BSDS500\data\images\val\296007.jpg,296007.jpg,481,321,RGB,JPEG,d271c849ec0aca6a92845c0dff6f18c74e507dc93fc0703be0cb006058ca6458
IMG_0060,BSDS500,validation,development_parameter_selection,BSR\BSDS500\data\images\val\296059.jpg,296059.jpg,481,321,RGB,JPEG,9601b534d81275e5e5844198567015105e5feb418e45a0cfa58545e2d472b955
IMG_0061,BSDS500,validation,development_parameter_selection,BSR\BSDS500\data\images\val\299086.jpg,299086.jpg,481,321,RGB,JPEG,817939c0da8ad228271a1a1cd87f5a31fe93c741617fb478bb95d9ba3a34d2c2
IMG_0062,BSDS500,validation,development_parameter_selection,BSR\BSDS500\data\images\val\300091.jpg,300091.jpg,481,321,RGB,JPEG,543e73769b6040f38f9214b777e255f48697e72b8ad61fb001c84e852e2530d1
IMG_0063,BSDS500,validation,development_parameter_selection,BSR\BSDS500\data\images\val\302008.jpg,302008.jpg,321,481,RGB,JPEG,f8935ab579adfe9d1a71282a025bc25a81ec4e7b6b0468fa1d1ec913f6643fe4
IMG_0064,BSDS500,validation,development_parameter_selection,BSR\BSDS500\data\images\val\304034.jpg,304034.jpg,481,321,RGB,JPEG,4d529bb81d75bf03f52d969c90cc145a152ea76e878c5833d537df28a62eb7dc
IMG_0065,BSDS500,validation,development_parameter_selection,BSR\BSDS500\data\images\val\304074.jpg,304074.jpg,321,481,RGB,JPEG,5f9d7dbb32bc871450ce1384e5fbca5df7cfd5edbafb4464aed140194d41329e
IMG_0066,BSDS500,validation,development_parameter_selection,BSR\BSDS500\data\images\val\306005.jpg,306005.jpg,481,321,RGB,JPEG,27d7bee0b32e7a458c982d2009e81ef06111bd5716204ea6522cd4a95cdefea0
IMG_0067,BSDS500,validation,development_parameter_selection,BSR\BSDS500\data\images\val\3096.jpg,3096.jpg,481,321,RGB,JPEG,c66477f036b84d478e322c9cc2bd257969d29579549bcf7f35087f2e40d19ff5
IMG_0068,BSDS500,validation,development_parameter_selection,BSR\BSDS500\data\images\val\33039.jpg,33039.jpg,321,481,RGB,JPEG,9a54f363c4abc7be52b638724d06ce8cce372e6ebd9e5f48833d73fa1ea2a9ee
IMG_0069,BSDS500,validation,development_parameter_selection,BSR\BSDS500\data\images\val\351093.jpg,351093.jpg,481,321,RGB,JPEG,bd51e0dd49e656705534c8c7d55a7c98314330b06b366e9866e7a9965e128ce0
IMG_0070,BSDS500,validation,development_parameter_selection,BSR\BSDS500\data\images\val\361010.jpg,361010.jpg,481,321,RGB,JPEG,fe806b64c91cff4d3c4755d84d6e449581ec064be0593d8c7b483e76dcbf7cb1
IMG_0071,BSDS500,validation,development_parameter_selection,BSR\BSDS500\data\images\val\37073.jpg,37073.jpg,481,321,RGB,JPEG,16e3f09d490cea1bec87326bc02e0440bdb0f7b530a008ce858784c0c476aaff
IMG_0072,BSDS500,validation,development_parameter_selection,BSR\BSDS500\data\images\val\376043.jpg,376043.jpg,321,481,RGB,JPEG,96e30f229df06707d78c518d6d3de2233fb2b06b6245511d2896b67b13b10561
IMG_0073,BSDS500,validation,development_parameter_selection,BSR\BSDS500\data\images\val\38082.jpg,38082.jpg,481,321,RGB,JPEG,ebc17d84d39ad6a6c7735079edf295c453d31a5c7892e75eaaa7a3bd9bd2bec0
IMG_0074,BSDS500,validation,development_parameter_selection,BSR\BSDS500\data\images\val\38092.jpg,38092.jpg,481,321,RGB,JPEG,3bdf276d8084f31744b5ea5a88296cd929e5ae09f7571c597f687b8b2f100037
IMG_0075,BSDS500,validation,development_parameter_selection,BSR\BSDS500\data\images\val\385039.jpg,385039.jpg,481,321,RGB,JPEG,60b0a5d2e60b8cb6871fe0ff3a1a3a5623aadc2284155515aef5da8b4839a9f9
IMG_0076,BSDS500,validation,development_parameter_selection,BSR\BSDS500\data\images\val\41033.jpg,41033.jpg,481,321,RGB,JPEG,1048d94225898e420b3381ce1b3fd682b27ada4825326f9657fa198a6a1ab64a
IMG_0077,BSDS500,validation,development_parameter_selection,BSR\BSDS500\data\images\val\41069.jpg,41069.jpg,481,321,RGB,JPEG,e440f8eca36a7e503e1f2e5bf4fd4a17d9fbf092cf490e7940c2d02ad90713d2
IMG_0078,BSDS500,validation,development_parameter_selection,BSR\BSDS500\data\images\val\42012.jpg,42012.jpg,321,481,RGB,JPEG,8681423a18c8910f38c801bd3c0dc21627aa99035994c6e37e13dad7424fddd2
IMG_0079,BSDS500,validation,development_parameter_selection,BSR\BSDS500\data\images\val\42049.jpg,42049.jpg,481,321,RGB,JPEG,a947a1fc0f0f83fc5ae52a907709447d7a5c3b74bd6bfadf75794116731985c8
IMG_0080,BSDS500,validation,development_parameter_selection,BSR\BSDS500\data\images\val\43074.jpg,43074.jpg,481,321,RGB,JPEG,b1284bc51ace9a8dc849ac4d63c377e3480627c6982fa3c7a794ad31c46ad2bd
IMG_0081,BSDS500,validation,development_parameter_selection,BSR\BSDS500\data\images\val\45096.jpg,45096.jpg,481,321,RGB,JPEG,8a9cd328ef7c8339f0246ec73c14eda01a29545b5fe4782a3c118976e44f26bf
IMG_0082,BSDS500,validation,development_parameter_selection,BSR\BSDS500\data\images\val\54082.jpg,54082.jpg,321,481,RGB,JPEG,b5a25d284128cc3e4307c404d26a57107945609bd974ebaac0f026607e98f9b2
IMG_0083,BSDS500,validation,development_parameter_selection,BSR\BSDS500\data\images\val\55073.jpg,55073.jpg,321,481,RGB,JPEG,539d516840aa3daebe57f5d65d7ca13f4877c8da6ad0a12745bb58fe823a7119
IMG_0084,BSDS500,validation,development_parameter_selection,BSR\BSDS500\data\images\val\58060.jpg,58060.jpg,481,321,RGB,JPEG,cea82e71a4bbee23d89c18538cd565c9e43a1f4995de6d605352505f83094277
IMG_0085,BSDS500,validation,development_parameter_selection,BSR\BSDS500\data\images\val\62096.jpg,62096.jpg,481,321,RGB,JPEG,733d222d7aaaff4702b6412eff824e676f37be9fa59a52cf7740ab7695928ef8
IMG_0086,BSDS500,validation,development_parameter_selection,BSR\BSDS500\data\images\val\65033.jpg,65033.jpg,481,321,RGB,JPEG,7971752b0552d3f8df80cf83656d8f1b10fabefe4cfd1fb5434a97b784b23bff
IMG_0087,BSDS500,validation,development_parameter_selection,BSR\BSDS500\data\images\val\66053.jpg,66053.jpg,481,321,RGB,JPEG,bc27ff2d520d63f8ffc8575269a14c295788542cb723fcce6bda3752e9de27a7
IMG_0088,BSDS500,validation,development_parameter_selection,BSR\BSDS500\data\images\val\69015.jpg,69015.jpg,321,481,RGB,JPEG,11ee0b6169a765f20df6126e542deeec1b5e0cac2fa45894cc4990b1358a6248
IMG_0089,BSDS500,validation,development_parameter_selection,BSR\BSDS500\data\images\val\69020.jpg,69020.jpg,481,321,RGB,JPEG,b48ee9eba4e447d411da427cdd19c01d519d2efef81858d9a15447f687d477c3
IMG_0090,BSDS500,validation,development_parameter_selection,BSR\BSDS500\data\images\val\69040.jpg,69040.jpg,481,321,RGB,JPEG,fa2492dcdd305967280ea566f2fd2edf21c60104edc0407c2d8aba75fffb4e05
IMG_0091,BSDS500,validation,development_parameter_selection,BSR\BSDS500\data\images\val\76053.jpg,76053.jpg,481,321,RGB,JPEG,6cc809339a953a105ee1bfdf074200181d0e04240e68c830f7aeb21be237c72c
IMG_0092,BSDS500,validation,development_parameter_selection,BSR\BSDS500\data\images\val\78004.jpg,78004.jpg,321,481,RGB,JPEG,14ab48ad51e27fb7e3b60bcdfba6d5354a4af957893455b5dd53e624da71b971
IMG_0093,BSDS500,validation,development_parameter_selection,BSR\BSDS500\data\images\val\8023.jpg,8023.jpg,481,321,RGB,JPEG,c14e203930593ff50b0457bb96a1b1f8165a8b2ceb7c0ebb9ddb283641464f4e
IMG_0094,BSDS500,validation,development_parameter_selection,BSR\BSDS500\data\images\val\85048.jpg,85048.jpg,481,321,RGB,JPEG,7802d81358356ae5033fdd4be7b475e9e28d6eb5eabba3559594214c603c8ba5
IMG_0095,BSDS500,validation,development_parameter_selection,BSR\BSDS500\data\images\val\86000.jpg,86000.jpg,321,481,RGB,JPEG,216fca8c3f045c3161e2053a7e85923c874f64e662b4c929d73afdb1c0cd4cbe
IMG_0096,BSDS500,validation,development_parameter_selection,BSR\BSDS500\data\images\val\86016.jpg,86016.jpg,481,321,RGB,JPEG,f53ca96f3024531f85fcd148833ac37944f4ae8dcb4492905e3469f3f102c970
IMG_0097,BSDS500,validation,development_parameter_selection,BSR\BSDS500\data\images\val\86068.jpg,86068.jpg,481,321,RGB,JPEG,4a76e8193007a2b86183ecf175c43239377f4deaf6957ef95069ed8c455cb36f
IMG_0098,BSDS500,validation,development_parameter_selection,BSR\BSDS500\data\images\val\87046.jpg,87046.jpg,481,321,RGB,JPEG,166d637f2602865b43c7f98926056172fc8df29d1daff62af96d80feabd43980
IMG_0099,BSDS500,validation,development_parameter_selection,BSR\BSDS500\data\images\val\89072.jpg,89072.jpg,321,481,RGB,JPEG,b08020789fcfc502fc3902489d1f1c80f3de55c1a6e5456b930b04c6db78c825
IMG_0100,BSDS500,validation,development_parameter_selection,BSR\BSDS500\data\images\val\97033.jpg,97033.jpg,481,321,RGB,JPEG,0598c9c6d44af64c04e314f41c21453da7c4bb94adfda48f71548d98b4287d3e
IMG_0101,BSDS500,test,final_evaluation_natural_images,BSR\BSDS500\data\images\test\100007.jpg,100007.jpg,481,321,RGB,JPEG,464449ecba30a5a5c229c0133059c83b034e9000bd1d7752a189a8cf21182bf9
IMG_0102,BSDS500,test,final_evaluation_natural_images,BSR\BSDS500\data\images\test\100039.jpg,100039.jpg,481,321,RGB,JPEG,418366bbb4f0f4c2200b93e8bda153ab84809fe873a371b32e7cc36c2d091cc3
IMG_0103,BSDS500,test,final_evaluation_natural_images,BSR\BSDS500\data\images\test\100099.jpg,100099.jpg,481,321,RGB,JPEG,e5a275fcafb0dc986d802037210989f4852bfb09bd19e525c3b7719104f1fc77
IMG_0104,BSDS500,test,final_evaluation_natural_images,BSR\BSDS500\data\images\test\10081.jpg,10081.jpg,481,321,RGB,JPEG,ce1a8bd8da460cf2606b6b5fd55762f8e13b2576fff508228ac24c80839db389
IMG_0105,BSDS500,test,final_evaluation_natural_images,BSR\BSDS500\data\images\test\101027.jpg,101027.jpg,481,321,RGB,JPEG,22903efe16abd94cfd821952de276cc36c531070c27bd84de7a3fb958bd64bc9
IMG_0106,BSDS500,test,final_evaluation_natural_images,BSR\BSDS500\data\images\test\101084.jpg,101084.jpg,321,481,RGB,JPEG,6bfa36b8e03b12a83abcfd59c5ccdc89334ea23761f11242d5903935ad292d0c
IMG_0107,BSDS500,test,final_evaluation_natural_images,BSR\BSDS500\data\images\test\102062.jpg,102062.jpg,481,321,RGB,JPEG,242ea9821b189197d436da1b252325f5e7850248c5d57da53cec29c37ba0773d
IMG_0108,BSDS500,test,final_evaluation_natural_images,BSR\BSDS500\data\images\test\103006.jpg,103006.jpg,481,321,RGB,JPEG,67968e9d84cd4c69dea832184ba910d4851c284fcc65a38ed6aee89f2a3a72c1
IMG_0109,BSDS500,test,final_evaluation_natural_images,BSR\BSDS500\data\images\test\103029.jpg,103029.jpg,481,321,RGB,JPEG,a05f1c0b30f4e18ad31364abacb54ec55300704ff3a4f8b2889f400bc3757da1
IMG_0110,BSDS500,test,final_evaluation_natural_images,BSR\BSDS500\data\images\test\103078.jpg,103078.jpg,481,321,RGB,JPEG,2b21f416993ca1ef49aafa28e5b7f463713dc1b1d510144c673d8b72e035c1f7
IMG_0111,BSDS500,test,final_evaluation_natural_images,BSR\BSDS500\data\images\test\104010.jpg,104010.jpg,321,481,RGB,JPEG,1f8516487071b94e3820d833c4795c788ef8df130cb8f7fccf0b87f4cd952339
IMG_0112,BSDS500,test,final_evaluation_natural_images,BSR\BSDS500\data\images\test\104055.jpg,104055.jpg,321,481,RGB,JPEG,d2de9fccbf15edde57948cda64ae034a92b14ab2ecefb7d77a436151c8dd7751
IMG_0113,BSDS500,test,final_evaluation_natural_images,BSR\BSDS500\data\images\test\105027.jpg,105027.jpg,481,321,RGB,JPEG,f6cba0ae618d793b67729ba561461be7b5339aeaad27429f3a2804f588a4e623
IMG_0114,BSDS500,test,final_evaluation_natural_images,BSR\BSDS500\data\images\test\106005.jpg,106005.jpg,481,321,RGB,JPEG,35cd328a7d0e4bcaccbdb8154ec5ebbc8f24439807e573b2fe4a4996ea802bed
IMG_0115,BSDS500,test,final_evaluation_natural_images,BSR\BSDS500\data\images\test\106047.jpg,106047.jpg,481,321,RGB,JPEG,2e6250fdfdd796b6d63924233362eb8a194f10466d8d7d69a60cc3ef51a2c356
IMG_0116,BSDS500,test,final_evaluation_natural_images,BSR\BSDS500\data\images\test\107014.jpg,107014.jpg,481,321,RGB,JPEG,7bba718bed4919723a576cad0623c0a10e92b8c707d35196180257a3e867cfcd
IMG_0117,BSDS500,test,final_evaluation_natural_images,BSR\BSDS500\data\images\test\107045.jpg,107045.jpg,481,321,RGB,JPEG,11ee811a5c67b3499eabbafc9157cd0bce74df369c57e18c988123f576a6f20c
IMG_0118,BSDS500,test,final_evaluation_natural_images,BSR\BSDS500\data\images\test\107072.jpg,107072.jpg,481,321,RGB,JPEG,faa70504470e50ea37c0ad01f7f2c2e8682098af3630064a3ca02f6261b2e076
IMG_0119,BSDS500,test,final_evaluation_natural_images,BSR\BSDS500\data\images\test\108004.jpg,108004.jpg,481,321,RGB,JPEG,3fb004a47be33dca07744000e794b0ca3cff2251ba85a99f46ccf34d3b9b29df
IMG_0120,BSDS500,test,final_evaluation_natural_images,BSR\BSDS500\data\images\test\108036.jpg,108036.jpg,481,321,RGB,JPEG,f24bee7977df112c548f5cd02cb8342784df2582dbb11853b80d59ccd01a62e2
IMG_0121,BSDS500,test,final_evaluation_natural_images,BSR\BSDS500\data\images\test\108069.jpg,108069.jpg,481,321,RGB,JPEG,a6d8ba350cac0701edc115fa583bf666231c4e1526801d0a53cea495a15b433a
IMG_0122,BSDS500,test,final_evaluation_natural_images,BSR\BSDS500\data\images\test\109055.jpg,109055.jpg,481,321,RGB,JPEG,7e9ed22fb8d3143d47b4a6df687a34335afe36bee74473a4b4d3b240cf04ab6a
IMG_0123,BSDS500,test,final_evaluation_natural_images,BSR\BSDS500\data\images\test\112056.jpg,112056.jpg,481,321,RGB,JPEG,df32aa99ba6e9b8e30a60671b37b44af9c578afae809ae972b3d7068c3d7c26f
IMG_0124,BSDS500,test,final_evaluation_natural_images,BSR\BSDS500\data\images\test\112090.jpg,112090.jpg,481,321,RGB,JPEG,f625fcefd5e37a5d2efd3ad87e508a562d053eda3a2c67092103b957430023d9
IMG_0125,BSDS500,test,final_evaluation_natural_images,BSR\BSDS500\data\images\test\117025.jpg,117025.jpg,321,481,RGB,JPEG,4239e66eb251e85d266b20bd09efa3d1aedd5a537ede0b9ad411c84db34e3739
IMG_0126,BSDS500,test,final_evaluation_natural_images,BSR\BSDS500\data\images\test\118015.jpg,118015.jpg,481,321,RGB,JPEG,3b7f6647fc717f459175014cb7a23f5f2728b9fd7ee9689d20eaaabc8dd00393
IMG_0127,BSDS500,test,final_evaluation_natural_images,BSR\BSDS500\data\images\test\118031.jpg,118031.jpg,481,321,RGB,JPEG,1af5bcf37b28ee68c2e18aeac19ff9a79cf1edb522ecdcb064094349f1c28610
IMG_0128,BSDS500,test,final_evaluation_natural_images,BSR\BSDS500\data\images\test\118072.jpg,118072.jpg,481,321,RGB,JPEG,5da8ebc70169f79ca0bfc118a25b74469da928cd41ffc6a646bf67a97d933c28
IMG_0129,BSDS500,test,final_evaluation_natural_images,BSR\BSDS500\data\images\test\120003.jpg,120003.jpg,481,321,RGB,JPEG,ec900ce4bdbe93c621dc15edfbbe2b9dce9abd734d6dd3d90bc000afbbb894f0
IMG_0130,BSDS500,test,final_evaluation_natural_images,BSR\BSDS500\data\images\test\120093.jpg,120093.jpg,481,321,RGB,JPEG,9642ec65e348528f9657924c76a0e5de9bb9a625247cde3a9b388cebdc44e777
IMG_0131,BSDS500,test,final_evaluation_natural_images,BSR\BSDS500\data\images\test\123057.jpg,123057.jpg,481,321,RGB,JPEG,6a89868d16a768df2a995c31200e261f69389b75c278db9ebf7308cabc27036e
IMG_0132,BSDS500,test,final_evaluation_natural_images,BSR\BSDS500\data\images\test\128035.jpg,128035.jpg,481,321,RGB,JPEG,8cb08848a8298b47a766842fa690e75cd9e1fcb6c78c5c6ec81b3de7f8810425
IMG_0133,BSDS500,test,final_evaluation_natural_images,BSR\BSDS500\data\images\test\130014.jpg,130014.jpg,321,481,RGB,JPEG,07767957cad004bbb9b5b9a651a610c7bc190b9144f0f33ae5de53ddc066cc08
IMG_0134,BSDS500,test,final_evaluation_natural_images,BSR\BSDS500\data\images\test\130066.jpg,130066.jpg,481,321,RGB,JPEG,76bea9cddc43fcd5bf476a6ce57be846f7a4c58367c75b65342ee48b83a7fd59
IMG_0135,BSDS500,test,final_evaluation_natural_images,BSR\BSDS500\data\images\test\134049.jpg,134049.jpg,481,321,RGB,JPEG,aef65fe0e008b8ab4d380008956239008a9d87af18db48bd4bfc5949f853fb80
IMG_0136,BSDS500,test,final_evaluation_natural_images,BSR\BSDS500\data\images\test\134067.jpg,134067.jpg,321,481,RGB,JPEG,a6edef5e4ece7772631d83d0d540915fb24d0702832b1b55c882ff9f10f84ead
IMG_0137,BSDS500,test,final_evaluation_natural_images,BSR\BSDS500\data\images\test\140006.jpg,140006.jpg,321,481,RGB,JPEG,b2a7f8bbe5997025679a2aef5c63a2af1dc8f82f4f10a54968ed2265eda4f3ed
IMG_0138,BSDS500,test,final_evaluation_natural_images,BSR\BSDS500\data\images\test\140088.jpg,140088.jpg,321,481,RGB,JPEG,d7d9d8f75fc2e7e016cd032d36cee2cb879f49d81b781a13666efe25ae34f4ff
IMG_0139,BSDS500,test,final_evaluation_natural_images,BSR\BSDS500\data\images\test\14085.jpg,14085.jpg,481,321,RGB,JPEG,422ecc12e446aab0402491ca760617614efe5df15ff2885047898348366cd182
IMG_0140,BSDS500,test,final_evaluation_natural_images,BSR\BSDS500\data\images\test\14092.jpg,14092.jpg,481,321,RGB,JPEG,28cf7a6fedc4e759b555a21ec7293c1c76ed86ba584e78acc15fa80a3f0a8af4
IMG_0141,BSDS500,test,final_evaluation_natural_images,BSR\BSDS500\data\images\test\141012.jpg,141012.jpg,481,321,RGB,JPEG,64c79597add3618b25e4f1da5ec4663606003ff567ab4f885dc70f2dfdb65bfb
IMG_0142,BSDS500,test,final_evaluation_natural_images,BSR\BSDS500\data\images\test\141048.jpg,141048.jpg,481,321,RGB,JPEG,077a9ba0b47ffaca3378a3b9238037f1cc9f4e3ce05a1ea79234b74a220fbb1d
IMG_0143,BSDS500,test,final_evaluation_natural_images,BSR\BSDS500\data\images\test\145059.jpg,145059.jpg,481,321,RGB,JPEG,e54556691f0d1932809307d09ed28beb758b88f4964b5be2f25dd55b15c65dae
IMG_0144,BSDS500,test,final_evaluation_natural_images,BSR\BSDS500\data\images\test\145079.jpg,145079.jpg,481,321,RGB,JPEG,c22b573f79cc33a74f95fe7657a885eb28a72dddbce293031fb6b5a0383a1ef0
IMG_0145,BSDS500,test,final_evaluation_natural_images,BSR\BSDS500\data\images\test\146074.jpg,146074.jpg,481,321,RGB,JPEG,363c7412accc072dd333079ece458ae7242ffb6e7e7ff43769535695c2eb36df
IMG_0146,BSDS500,test,final_evaluation_natural_images,BSR\BSDS500\data\images\test\147077.jpg,147077.jpg,321,481,RGB,JPEG,58d982e3a21641de41fd7226f12930d58c263faa46e7873c32a8482adc1f2195
IMG_0147,BSDS500,test,final_evaluation_natural_images,BSR\BSDS500\data\images\test\147080.jpg,147080.jpg,481,321,RGB,JPEG,d123b0805613106d9963256cade9303c836bf7e44ad4246a1ee80c1787ab4fc3
IMG_0148,BSDS500,test,final_evaluation_natural_images,BSR\BSDS500\data\images\test\15011.jpg,15011.jpg,481,321,RGB,JPEG,faa6f24b35efb5368b35cad0c855cdf1346caa762d881a77b6499b7dfa6bd9c9
IMG_0149,BSDS500,test,final_evaluation_natural_images,BSR\BSDS500\data\images\test\15062.jpg,15062.jpg,481,321,RGB,JPEG,5f712262d849dc0c0f3a2105f7a84a5e9d43acd0322dbe3c623ab1666c263b45
IMG_0150,BSDS500,test,final_evaluation_natural_images,BSR\BSDS500\data\images\test\156054.jpg,156054.jpg,321,481,RGB,JPEG,b6fd2f5ea33770bf59d1c93cb072eef201a6ed2effe1b6849047c79bbe3cf7d1
IMG_0151,BSDS500,test,final_evaluation_natural_images,BSR\BSDS500\data\images\test\157032.jpg,157032.jpg,481,321,RGB,JPEG,871b712b8378152f556ab893fea214ddad054dfe3b477aafe50aa6b28ab62180
IMG_0152,BSDS500,test,final_evaluation_natural_images,BSR\BSDS500\data\images\test\157087.jpg,157087.jpg,481,321,RGB,JPEG,3c11e74c45c841bd15cef1ccb798748180348712c122d17fac1b325d9181a03c
IMG_0153,BSDS500,test,final_evaluation_natural_images,BSR\BSDS500\data\images\test\159002.jpg,159002.jpg,321,481,RGB,JPEG,9943225e4dc4f0beeb47f647dbb0135211f03ec227aa0f2f5414bd76879c1d5e
IMG_0154,BSDS500,test,final_evaluation_natural_images,BSR\BSDS500\data\images\test\159022.jpg,159022.jpg,481,321,RGB,JPEG,bfd411afa908510a2d8b5ddb408f260274cd405dbc12f3917634958dd7125055
IMG_0155,BSDS500,test,final_evaluation_natural_images,BSR\BSDS500\data\images\test\160006.jpg,160006.jpg,481,321,RGB,JPEG,d7e9211d09d4e2f9ed1cc26c2881a875b6d0267ceaed46c33752c73634437e54
IMG_0156,BSDS500,test,final_evaluation_natural_images,BSR\BSDS500\data\images\test\16004.jpg,16004.jpg,481,321,RGB,JPEG,60bbabf581e05d4375f038a2f5e3b54d7f432309555ec862bad055861745d065
IMG_0157,BSDS500,test,final_evaluation_natural_images,BSR\BSDS500\data\images\test\160067.jpg,160067.jpg,481,321,RGB,JPEG,67433727c173c6d39898b951a9bf0ffad5cd67162e9fd72bd3e63922437c8dfb
IMG_0158,BSDS500,test,final_evaluation_natural_images,BSR\BSDS500\data\images\test\16068.jpg,16068.jpg,481,321,RGB,JPEG,41860a888ef88a53fd2a8f87efe6aa940cb251846a4e4286b314cf6837db685d
IMG_0159,BSDS500,test,final_evaluation_natural_images,BSR\BSDS500\data\images\test\161045.jpg,161045.jpg,481,321,RGB,JPEG,fc1fef369b737153abc1939d5caadd2bcb1c43c993b0585d76baddf904097d54
IMG_0160,BSDS500,test,final_evaluation_natural_images,BSR\BSDS500\data\images\test\163004.jpg,163004.jpg,321,481,RGB,JPEG,f0fcae5a5423204d97b76b5d4ec908f252f12ec9a5389dd78f6b77b4682ac1d8
IMG_0161,BSDS500,test,final_evaluation_natural_images,BSR\BSDS500\data\images\test\163096.jpg,163096.jpg,321,481,RGB,JPEG,0664af30fb590ed984fc84cf465d2bbf98f7ff4224ccafa07d0c8a88ae7e489a
IMG_0162,BSDS500,test,final_evaluation_natural_images,BSR\BSDS500\data\images\test\164046.jpg,164046.jpg,321,481,RGB,JPEG,a22ecdcecbdfeb9b59689a253e1f6eb623fff9366eab7432cc25c6493b26480e
IMG_0163,BSDS500,test,final_evaluation_natural_images,BSR\BSDS500\data\images\test\168084.jpg,168084.jpg,481,321,RGB,JPEG,cfd2ca5c91a4d0766a0361cae0fa85156e5d41837423b456afe116f1aab5df51
IMG_0164,BSDS500,test,final_evaluation_natural_images,BSR\BSDS500\data\images\test\17067.jpg,17067.jpg,321,481,RGB,JPEG,009272fd55b183079416afa7dce44f378e5ebee0671fb93f0b7c625896568d7d
IMG_0165,BSDS500,test,final_evaluation_natural_images,BSR\BSDS500\data\images\test\175083.jpg,175083.jpg,481,321,RGB,JPEG,1195c007b2c5bfd1dd2e3ca745234761ae84c8eeb6be9369f4dcc7fd683edfc8
IMG_0166,BSDS500,test,final_evaluation_natural_images,BSR\BSDS500\data\images\test\176051.jpg,176051.jpg,481,321,RGB,JPEG,35e756e96c7aae6c5a60e30f383d73a8d23f39e0017bb215fee042969e7f0ece
IMG_0167,BSDS500,test,final_evaluation_natural_images,BSR\BSDS500\data\images\test\179084.jpg,179084.jpg,481,321,RGB,JPEG,56d2163c22047df06b2cc1822d938ac7a5f006dace4a36348cec84581305c178
IMG_0168,BSDS500,test,final_evaluation_natural_images,BSR\BSDS500\data\images\test\181021.jpg,181021.jpg,321,481,RGB,JPEG,0c2691f21f60443a0ff374b0dcd5f4d59b292493f059950783927edd2cc343d1
IMG_0169,BSDS500,test,final_evaluation_natural_images,BSR\BSDS500\data\images\test\183066.jpg,183066.jpg,481,321,RGB,JPEG,51e445086f15f1ac6ed53fe36d8b05cee73af1814b31bfebe586c1ad380ea3f6
IMG_0170,BSDS500,test,final_evaluation_natural_images,BSR\BSDS500\data\images\test\185092.jpg,185092.jpg,481,321,RGB,JPEG,62ccd6f5e239e9f1436fde259b2790d311ae9d44d080fb41d2ee52af4158a51d
IMG_0171,BSDS500,test,final_evaluation_natural_images,BSR\BSDS500\data\images\test\187058.jpg,187058.jpg,481,321,RGB,JPEG,7e22c0aad5a70be1ef3b39208628c7e684b8dd316e5277c711656264f28957d5
IMG_0172,BSDS500,test,final_evaluation_natural_images,BSR\BSDS500\data\images\test\187099.jpg,187099.jpg,481,321,RGB,JPEG,446645603a915a14f7396e59338029ea07347445b35e69b0d4288aed6dd72fa3
IMG_0173,BSDS500,test,final_evaluation_natural_images,BSR\BSDS500\data\images\test\188025.jpg,188025.jpg,481,321,RGB,JPEG,36f77290d5616c2a19d1e500894d654eb4150334b6d7415a4ae94281d82ccddd
IMG_0174,BSDS500,test,final_evaluation_natural_images,BSR\BSDS500\data\images\test\189006.jpg,189006.jpg,321,481,RGB,JPEG,145c090ed9124d70f4831fa65eaf9b03037394620e09eed18fb6664d1e18899f
IMG_0175,BSDS500,test,final_evaluation_natural_images,BSR\BSDS500\data\images\test\189013.jpg,189013.jpg,321,481,RGB,JPEG,ae1e6b753a9d57ec0f67fa49aa0184103100f0735126b99aafe7b2bf2ee82945
IMG_0176,BSDS500,test,final_evaluation_natural_images,BSR\BSDS500\data\images\test\189029.jpg,189029.jpg,321,481,RGB,JPEG,04cabce52bd2d45a4223887e2668b8d2c5a568ba4ba038f14d94e22843fec4db
IMG_0177,BSDS500,test,final_evaluation_natural_images,BSR\BSDS500\data\images\test\189096.jpg,189096.jpg,481,321,RGB,JPEG,78aec8826416eb8846855b62ff8afd3808776ad3ab6b2acb1350dd373ed741cd
IMG_0178,BSDS500,test,final_evaluation_natural_images,BSR\BSDS500\data\images\test\196027.jpg,196027.jpg,321,481,RGB,JPEG,17d600717a50f174642f369cc5ad93c3463680b5b2d1cfc9ad8aa355ce2508c8
IMG_0179,BSDS500,test,final_evaluation_natural_images,BSR\BSDS500\data\images\test\196040.jpg,196040.jpg,321,481,RGB,JPEG,118104de61573ce715006fd507185a23acdc5db88d7ea419bfee068b90eaca64
IMG_0180,BSDS500,test,final_evaluation_natural_images,BSR\BSDS500\data\images\test\196062.jpg,196062.jpg,481,321,RGB,JPEG,c883772cbce3ecbd583bc1c44bef7f29d45ac45834f514b31e440f60407ae768
IMG_0181,BSDS500,test,final_evaluation_natural_images,BSR\BSDS500\data\images\test\196088.jpg,196088.jpg,481,321,RGB,JPEG,4212157c1800d1327405cd1370254cdd9ac2ee79b0a5676c1dd02fa13665c0e5
IMG_0182,BSDS500,test,final_evaluation_natural_images,BSR\BSDS500\data\images\test\198087.jpg,198087.jpg,321,481,RGB,JPEG,ae2e968cab42ec427271ed1e7e3b83cfa9908ede08af67cc9016b67c286366c5
IMG_0183,BSDS500,test,final_evaluation_natural_images,BSR\BSDS500\data\images\test\20069.jpg,20069.jpg,321,481,RGB,JPEG,824f794603001e2e80e1e1fdab16e732dcb6dba29aec7370154bfb4349b9c681
IMG_0184,BSDS500,test,final_evaluation_natural_images,BSR\BSDS500\data\images\test\201080.jpg,201080.jpg,481,321,RGB,JPEG,80feeec5dab8c086d7d45c0b9d6c9e96672e1d678f5769f5ebb25626e0ca2662
IMG_0185,BSDS500,test,final_evaluation_natural_images,BSR\BSDS500\data\images\test\2018.jpg,2018.jpg,321,481,RGB,JPEG,181f54d5dc7c77222c5c9992289c885f38156fcae91df8e25c2dda2d3f810b00
IMG_0186,BSDS500,test,final_evaluation_natural_images,BSR\BSDS500\data\images\test\202000.jpg,202000.jpg,481,321,RGB,JPEG,ae107eef61c8090c695062025ed354986a15c13a2f9798a0252fb365831b1a1f
IMG_0187,BSDS500,test,final_evaluation_natural_images,BSR\BSDS500\data\images\test\206062.jpg,206062.jpg,481,321,RGB,JPEG,851ec0d133e3b8a16767bc0106f14bfcdfecc51faf8a2a109741a952218f8848
IMG_0188,BSDS500,test,final_evaluation_natural_images,BSR\BSDS500\data\images\test\206097.jpg,206097.jpg,481,321,RGB,JPEG,72399dc8926a89b4420a528457826e246d333f77f859effe15ca60b37ae9fe4d
IMG_0189,BSDS500,test,final_evaluation_natural_images,BSR\BSDS500\data\images\test\207038.jpg,207038.jpg,481,321,RGB,JPEG,11c553e62de3511c9ab066cc80fb9ffce4bb67bac1b935f6e5eb7ae9509f865b
IMG_0190,BSDS500,test,final_evaluation_natural_images,BSR\BSDS500\data\images\test\207049.jpg,207049.jpg,481,321,RGB,JPEG,98bd2ca6d90a6e89baf5f53f992f5d240a39fa62e2dac8666b9839cee2a0e6ae
IMG_0191,BSDS500,test,final_evaluation_natural_images,BSR\BSDS500\data\images\test\208078.jpg,208078.jpg,481,321,RGB,JPEG,063a3c11846c0ee2591da2a5c5542f915cfb36a9085198a053569f8acc1f3f1f
IMG_0192,BSDS500,test,final_evaluation_natural_images,BSR\BSDS500\data\images\test\209021.jpg,209021.jpg,481,321,RGB,JPEG,df655d42df8ed4eff60aa84ee8ce98c4892f8a547c9f01a2674edb54a25d1c70
IMG_0193,BSDS500,test,final_evaluation_natural_images,BSR\BSDS500\data\images\test\217013.jpg,217013.jpg,321,481,RGB,JPEG,21749c24da02f0ecfceb903ba4820445e2f033a9c36569401dd6b5c1a5c24398
IMG_0194,BSDS500,test,final_evaluation_natural_images,BSR\BSDS500\data\images\test\217090.jpg,217090.jpg,481,321,RGB,JPEG,9ff5a18053187ca3d3c4a00d87178259b1712323c3f6e7d5be2bccc78216e889
IMG_0195,BSDS500,test,final_evaluation_natural_images,BSR\BSDS500\data\images\test\220003.jpg,220003.jpg,481,321,RGB,JPEG,c46e222c79eda837d7f2895d009687e804a056bdbbb5c7f666c9aadf08e4267a
IMG_0196,BSDS500,test,final_evaluation_natural_images,BSR\BSDS500\data\images\test\223004.jpg,223004.jpg,321,481,RGB,JPEG,662898ae8e5821d9e14fe11a534101eb0630afb8926fb6352032c75eb96b8358
IMG_0197,BSDS500,test,final_evaluation_natural_images,BSR\BSDS500\data\images\test\223060.jpg,223060.jpg,481,321,RGB,JPEG,59cdcdb8f190665337fc5ee855151bd2aa1422cb0eae6f10e4a790f06948c066
IMG_0198,BSDS500,test,final_evaluation_natural_images,BSR\BSDS500\data\images\test\225022.jpg,225022.jpg,321,481,RGB,JPEG,252611ccaf6f32e40ef2cd65d26a00849e26014bfbca2a573f6a22fd0f957ffc
IMG_0199,BSDS500,test,final_evaluation_natural_images,BSR\BSDS500\data\images\test\226022.jpg,226022.jpg,481,321,RGB,JPEG,51e4b6f8927117ccae90f496fdb00170cf82bf5060666a537c898a6648fb56e0
IMG_0200,BSDS500,test,final_evaluation_natural_images,BSR\BSDS500\data\images\test\226033.jpg,226033.jpg,481,321,RGB,JPEG,fdb2b0e42c05e6e403d1c726f72f88d5d14476fd6bb03f3061c67c731a8d5534
IMG_0201,BSDS500,test,final_evaluation_natural_images,BSR\BSDS500\data\images\test\226043.jpg,226043.jpg,321,481,RGB,JPEG,e8c71386c23af6bd2ee36d101a830806aafeacce08cd312c602cc427f89e11d8
IMG_0202,BSDS500,test,final_evaluation_natural_images,BSR\BSDS500\data\images\test\226060.jpg,226060.jpg,321,481,RGB,JPEG,65b6cce818f591d581abb641cb105b58bebf6462c7ce2653cb407249ddcb6eaf
IMG_0203,BSDS500,test,final_evaluation_natural_images,BSR\BSDS500\data\images\test\228076.jpg,228076.jpg,481,321,RGB,JPEG,3f9dacb6b6abd274379c54a2a093066a2b74cf070df786eae2147e0549016cb6
IMG_0204,BSDS500,test,final_evaluation_natural_images,BSR\BSDS500\data\images\test\230063.jpg,230063.jpg,321,481,RGB,JPEG,4d0063df58cbcb503aa7276b8b5166a12fc2f50c767db46a1a9a8e1b4c2f79cf
IMG_0205,BSDS500,test,final_evaluation_natural_images,BSR\BSDS500\data\images\test\230098.jpg,230098.jpg,321,481,RGB,JPEG,78f5c5914ad2c292a3e0b7d08d1d781c48c3b98fc4eabd762488db55c6dbc2e9
IMG_0206,BSDS500,test,final_evaluation_natural_images,BSR\BSDS500\data\images\test\23050.jpg,23050.jpg,321,481,RGB,JPEG,85ee9ee1c7181d680ddb2735bc48c7971c793e31501305be4806fa7adf324ea7
IMG_0207,BSDS500,test,final_evaluation_natural_images,BSR\BSDS500\data\images\test\232076.jpg,232076.jpg,481,321,RGB,JPEG,962addabe93b2b86ac75ecd75613b81b777b2c4ea69c1dff58a9bbc1a851509e
IMG_0208,BSDS500,test,final_evaluation_natural_images,BSR\BSDS500\data\images\test\235098.jpg,235098.jpg,481,321,RGB,JPEG,8c46a1b13714c09efae4f9ab0b9bf629730f67cc64d97661c958da04a8230d40
IMG_0209,BSDS500,test,final_evaluation_natural_images,BSR\BSDS500\data\images\test\238025.jpg,238025.jpg,321,481,RGB,JPEG,bf5f49a5c122029bda2b400675d331fbf45b37dfd8dc4c2257c690692d5ba253
IMG_0210,BSDS500,test,final_evaluation_natural_images,BSR\BSDS500\data\images\test\243095.jpg,243095.jpg,321,481,RGB,JPEG,a47a0846360e7682d285ad27a3bd838ddad88d44db13796792487a3f1ce90393
IMG_0211,BSDS500,test,final_evaluation_natural_images,BSR\BSDS500\data\images\test\246009.jpg,246009.jpg,321,481,RGB,JPEG,0d3aa8482d5b188db3554615d999dae010690f9da66c68efac5ffdb17cd12df0
IMG_0212,BSDS500,test,final_evaluation_natural_images,BSR\BSDS500\data\images\test\247003.jpg,247003.jpg,481,321,RGB,JPEG,a2cd96da4a2ac152771f68b3cb8e0e0ef2103893576c28f9bda99858d393802e
IMG_0213,BSDS500,test,final_evaluation_natural_images,BSR\BSDS500\data\images\test\247012.jpg,247012.jpg,481,321,RGB,JPEG,36939d7a38fedcddc27b2b8cc0f7a45379422c7c84f25febe477163e9b8f66ca
IMG_0214,BSDS500,test,final_evaluation_natural_images,BSR\BSDS500\data\images\test\249021.jpg,249021.jpg,321,481,RGB,JPEG,593e328eff454ece7daf784333e325bcf9642640dba1d287c03cd745e6c74e45
IMG_0215,BSDS500,test,final_evaluation_natural_images,BSR\BSDS500\data\images\test\250047.jpg,250047.jpg,321,481,RGB,JPEG,28fd01582cbbdc023998fe079f4b03497b185754112835832dcb56deb5f77987
IMG_0216,BSDS500,test,final_evaluation_natural_images,BSR\BSDS500\data\images\test\250087.jpg,250087.jpg,321,481,RGB,JPEG,b3566a4d1f2da4769c81cb521f4f61c1d5ab40c60c1f791b47e6fd52fdb07a2b
IMG_0217,BSDS500,test,final_evaluation_natural_images,BSR\BSDS500\data\images\test\253016.jpg,253016.jpg,481,321,RGB,JPEG,c6ccab77d494ddf61d20adb2414dd47ca05cf0324f2778a340e4759593ee3d9b
IMG_0218,BSDS500,test,final_evaluation_natural_images,BSR\BSDS500\data\images\test\253092.jpg,253092.jpg,321,481,RGB,JPEG,3fe885e6fa17e23f05f39198f017dd337fd8dd278d292c7e221996746fb06527
IMG_0219,BSDS500,test,final_evaluation_natural_images,BSR\BSDS500\data\images\test\257098.jpg,257098.jpg,321,481,RGB,JPEG,ef35cd90dcc88409ed7c19e24ed837b4cc226c65adb979535110c37ba4d2c60f
IMG_0220,BSDS500,test,final_evaluation_natural_images,BSR\BSDS500\data\images\test\258089.jpg,258089.jpg,481,321,RGB,JPEG,b72abd40eaecbacf462c6859de98d92f3b5ed09256cd845f1fd1f5b64ff36e35
IMG_0221,BSDS500,test,final_evaluation_natural_images,BSR\BSDS500\data\images\test\259060.jpg,259060.jpg,321,481,RGB,JPEG,5f03b6830584ecc86270eb22d6fc397137fd6b841315fd810451971d6ccae742
IMG_0222,BSDS500,test,final_evaluation_natural_images,BSR\BSDS500\data\images\test\267036.jpg,267036.jpg,321,481,RGB,JPEG,ed0bcd791de3af150bba912676d3fc30f2a9a4c6c6a21de3cbabc13c339fe85d
IMG_0223,BSDS500,test,final_evaluation_natural_images,BSR\BSDS500\data\images\test\268048.jpg,268048.jpg,481,321,RGB,JPEG,f456df09433d1184cda416cff96489baf29b23ce9c1aade1546e93ec0cf8de7c
IMG_0224,BSDS500,test,final_evaluation_natural_images,BSR\BSDS500\data\images\test\268074.jpg,268074.jpg,321,481,RGB,JPEG,72aad50c614c21978639c13315acd8c7008891ffaec90842642edd94bc1fdc01
IMG_0225,BSDS500,test,final_evaluation_natural_images,BSR\BSDS500\data\images\test\277053.jpg,277053.jpg,481,321,RGB,JPEG,e6efb84d5861557244cc8dd3ba3e3ea23bec2fd9c92813ecf61643036c6ba9d4
IMG_0226,BSDS500,test,final_evaluation_natural_images,BSR\BSDS500\data\images\test\279005.jpg,279005.jpg,321,481,RGB,JPEG,26adc42b6bf112e744ca68977b275a22871ed152ceb4f0512fdb9c88b229e699
IMG_0227,BSDS500,test,final_evaluation_natural_images,BSR\BSDS500\data\images\test\28083.jpg,28083.jpg,481,321,RGB,JPEG,3f35dfd750653a0122c8c69ccd32a6376cf0393d35cc6441ab20560e703e1bb1
IMG_0228,BSDS500,test,final_evaluation_natural_images,BSR\BSDS500\data\images\test\281017.jpg,281017.jpg,321,481,RGB,JPEG,446289c0b04d3a5cc69691b44a679a072b25960b16635fbd30f5079a60a1351e
IMG_0229,BSDS500,test,final_evaluation_natural_images,BSR\BSDS500\data\images\test\285022.jpg,285022.jpg,481,321,RGB,JPEG,ae15351a5ceb4be26557a55f809ff1d2d56e7109ed9cc9c7dde8210d284b9527
IMG_0230,BSDS500,test,final_evaluation_natural_images,BSR\BSDS500\data\images\test\288024.jpg,288024.jpg,481,321,RGB,JPEG,47cb843cfd749aee3ce64b8912c3ae69a775d151c538c3889c539976a96f35d8
IMG_0231,BSDS500,test,final_evaluation_natural_images,BSR\BSDS500\data\images\test\289011.jpg,289011.jpg,321,481,RGB,JPEG,fdc2db38488c6d651234e5ef71bbeae39ad981ac39e2fe0376b80b5ec7f01aa0
IMG_0232,BSDS500,test,final_evaluation_natural_images,BSR\BSDS500\data\images\test\290035.jpg,290035.jpg,481,321,RGB,JPEG,1b5c5488a1e71587b4c52f1e727666d79a3876d68e472d6161d2ca5c6919fa8a
IMG_0233,BSDS500,test,final_evaluation_natural_images,BSR\BSDS500\data\images\test\29030.jpg,29030.jpg,481,321,RGB,JPEG,586afdd37df42107807307b75ae03e42c68fe6c813792a85c8ec1daffb71c598
IMG_0234,BSDS500,test,final_evaluation_natural_images,BSR\BSDS500\data\images\test\296028.jpg,296028.jpg,481,321,RGB,JPEG,8606729e41788f88f970b302d9981660b1f2aea7bcbb8a23b4c2feb6f16e555e
IMG_0235,BSDS500,test,final_evaluation_natural_images,BSR\BSDS500\data\images\test\296058.jpg,296058.jpg,481,321,RGB,JPEG,393a7678cf917d0620ee3a48e97626f1c6a38b81559bb0d8d3ac7f25cc633bc7
IMG_0236,BSDS500,test,final_evaluation_natural_images,BSR\BSDS500\data\images\test\302022.jpg,302022.jpg,321,481,RGB,JPEG,d703e462c4c4871ad85ddb3af06eed0095ff7976cb8d6df7e2948450c3ef5561
IMG_0237,BSDS500,test,final_evaluation_natural_images,BSR\BSDS500\data\images\test\306051.jpg,306051.jpg,321,481,RGB,JPEG,fc1a1310bb2b827c98506ec665c3844c347613a92debd6fb3e29b5dbcd0ce2c4
IMG_0238,BSDS500,test,final_evaluation_natural_images,BSR\BSDS500\data\images\test\306052.jpg,306052.jpg,481,321,RGB,JPEG,e573ee9d2ec6a7f2c6a215bf2ad979fbc9056ade59d02de5832efd59fea11b3d
IMG_0239,BSDS500,test,final_evaluation_natural_images,BSR\BSDS500\data\images\test\3063.jpg,3063.jpg,481,321,RGB,JPEG,b98bff045cc2fca3011e11d437b11e9ad564c305f5e75aeed8cf1e99b23d2076
IMG_0240,BSDS500,test,final_evaluation_natural_images,BSR\BSDS500\data\images\test\309040.jpg,309040.jpg,481,321,RGB,JPEG,00a0850bc056decb473ecb48785939858adad89c2a1378e83b71d0020d148211
IMG_0241,BSDS500,test,final_evaluation_natural_images,BSR\BSDS500\data\images\test\317043.jpg,317043.jpg,481,321,RGB,JPEG,268dbaff8e5a307428e8677953a2997830befa3aba1732f419b400dc9fa7f14c
IMG_0242,BSDS500,test,final_evaluation_natural_images,BSR\BSDS500\data\images\test\326025.jpg,326025.jpg,481,321,RGB,JPEG,3ec181582e98ec5acc43e9c920a5385cb900d99977e54f79ffc2b6fdeeeee46e
IMG_0243,BSDS500,test,final_evaluation_natural_images,BSR\BSDS500\data\images\test\326085.jpg,326085.jpg,321,481,RGB,JPEG,c79e9a93f5d8e5484db1132afdbaf465245c64fcd3473d24105a8b8054eec9f5
IMG_0244,BSDS500,test,final_evaluation_natural_images,BSR\BSDS500\data\images\test\33044.jpg,33044.jpg,321,481,RGB,JPEG,e7fb5606edf799db4c13804fbb1b2148f85896a643dcf1ce87493b9e5996e2b2
IMG_0245,BSDS500,test,final_evaluation_natural_images,BSR\BSDS500\data\images\test\334025.jpg,334025.jpg,321,481,RGB,JPEG,2545f5caaa9842cfc0a63fce25fd7a66ec6a2c874a9ed429917e73c19b25f788
IMG_0246,BSDS500,test,final_evaluation_natural_images,BSR\BSDS500\data\images\test\335088.jpg,335088.jpg,481,321,RGB,JPEG,5a9396fd5099fd5d0786c8ba231165c1ba30d2eac2cdb27c31bf0c6c2d0634cf
IMG_0247,BSDS500,test,final_evaluation_natural_images,BSR\BSDS500\data\images\test\335094.jpg,335094.jpg,481,321,RGB,JPEG,ddfbe0893c856b7ab627a242b98d712429cd26f4176f8e7bb781bab11562661a
IMG_0248,BSDS500,test,final_evaluation_natural_images,BSR\BSDS500\data\images\test\344010.jpg,344010.jpg,481,321,RGB,JPEG,4f8625be97ee6ee5ba239a02a160b1e1bc7ec09afaf7be42f2785c3244db3a6f
IMG_0249,BSDS500,test,final_evaluation_natural_images,BSR\BSDS500\data\images\test\346016.jpg,346016.jpg,481,321,RGB,JPEG,59a237f15337f1fefb5ae61c8ef62f5c010a72e37b67c6126109a4292d38e034
IMG_0250,BSDS500,test,final_evaluation_natural_images,BSR\BSDS500\data\images\test\347031.jpg,347031.jpg,321,481,RGB,JPEG,283792b66010077e6dd7353e7a45de356b4bed897c8e7678561b0369127c0b08
IMG_0251,BSDS500,test,final_evaluation_natural_images,BSR\BSDS500\data\images\test\35028.jpg,35028.jpg,481,321,RGB,JPEG,2b1a0220ce00cf61497b330addd15896d0f457cd2493b2c76ce0c8c70137c9c0
IMG_0252,BSDS500,test,final_evaluation_natural_images,BSR\BSDS500\data\images\test\35049.jpg,35049.jpg,481,321,RGB,JPEG,b540a52875496f04379fb6cd848a39eb067e48d338d9e14f880a9e6cb4de9bdd
IMG_0253,BSDS500,test,final_evaluation_natural_images,BSR\BSDS500\data\images\test\36046.jpg,36046.jpg,481,321,RGB,JPEG,6c82c7843999aab18ed5099e2b3326900acf6ac37c458a93932b0bbdc5c4ca9a
IMG_0254,BSDS500,test,final_evaluation_natural_images,BSR\BSDS500\data\images\test\365072.jpg,365072.jpg,321,481,RGB,JPEG,5d7c33fb1ef47ad01f0dab0dfc9fa188db7979150e33c84434d8179fe5b1b290
IMG_0255,BSDS500,test,final_evaluation_natural_images,BSR\BSDS500\data\images\test\368037.jpg,368037.jpg,481,321,RGB,JPEG,f1d91ed462c3924e76a4299c4804aacb2b6301c66a090b3e69c640bf80c6db55
IMG_0256,BSDS500,test,final_evaluation_natural_images,BSR\BSDS500\data\images\test\372019.jpg,372019.jpg,321,481,RGB,JPEG,2311adf60a1a992b6d9cb3c07375b2a1bc044591a4d331098beb5a0f1cf49941
IMG_0257,BSDS500,test,final_evaluation_natural_images,BSR\BSDS500\data\images\test\376086.jpg,376086.jpg,481,321,RGB,JPEG,4cc879fcd8099cee913a26c01cdc7368c590be944f5cf2ebfbeb74233902d161
IMG_0258,BSDS500,test,final_evaluation_natural_images,BSR\BSDS500\data\images\test\384022.jpg,384022.jpg,481,321,RGB,JPEG,8c43be1b30d233826e864252f5ffa14fccde969864b63b78da1ae462086f9873
IMG_0259,BSDS500,test,final_evaluation_natural_images,BSR\BSDS500\data\images\test\384089.jpg,384089.jpg,321,481,RGB,JPEG,718f3f5d861839a515c7676b4236e52935f28c4c7280c9d6a581ddbb041d7040
IMG_0260,BSDS500,test,final_evaluation_natural_images,BSR\BSDS500\data\images\test\385022.jpg,385022.jpg,481,321,RGB,JPEG,27689330d1528f85b2f468a6d6d0b08248f9385c6c3fbfafb7e5fd0e1b603cfc
IMG_0261,BSDS500,test,final_evaluation_natural_images,BSR\BSDS500\data\images\test\388006.jpg,388006.jpg,321,481,RGB,JPEG,9775af03fae6a2cdd2faf95f5e72660d5772e57a0a523508b8268b3da37d9b23
IMG_0262,BSDS500,test,final_evaluation_natural_images,BSR\BSDS500\data\images\test\388018.jpg,388018.jpg,321,481,RGB,JPEG,314ee54777f32f9f4cebc51d41f8baf232a5b81a46984ac851b3ee127737f36b
IMG_0263,BSDS500,test,final_evaluation_natural_images,BSR\BSDS500\data\images\test\388067.jpg,388067.jpg,321,481,RGB,JPEG,931d9be6ea03469b5c3fa7fe157dbdb708a9c559bb4db5a62f7fd4776528a7b6
IMG_0264,BSDS500,test,final_evaluation_natural_images,BSR\BSDS500\data\images\test\393035.jpg,393035.jpg,481,321,RGB,JPEG,efb9e098415dfeaba979ef52e7c895f91cbe1fdbeddcd4a85f83f28125d1acd2
IMG_0265,BSDS500,test,final_evaluation_natural_images,BSR\BSDS500\data\images\test\41006.jpg,41006.jpg,481,321,RGB,JPEG,23a926b6ac7bee64a9dc216dfde6a9bf30343d7276fbc5b14e584b32df94e483
IMG_0266,BSDS500,test,final_evaluation_natural_images,BSR\BSDS500\data\images\test\41029.jpg,41029.jpg,481,321,RGB,JPEG,d6b527cb6e80d86df5cdc9f161b9ea3b728f152296aee44a83f85752b9040e8b
IMG_0267,BSDS500,test,final_evaluation_natural_images,BSR\BSDS500\data\images\test\41085.jpg,41085.jpg,481,321,RGB,JPEG,2ea580f7c07e104624e8da4733319fb25def289b4fa6258b39e9c97eba2cb221
IMG_0268,BSDS500,test,final_evaluation_natural_images,BSR\BSDS500\data\images\test\41096.jpg,41096.jpg,481,321,RGB,JPEG,93e81be1cdc9d6ed5e81d01597c45a208398e66f5114ed6ae5314cb5ad32bc0e
IMG_0269,BSDS500,test,final_evaluation_natural_images,BSR\BSDS500\data\images\test\43033.jpg,43033.jpg,481,321,RGB,JPEG,1abebaa96fdf42186d97679cd28d22dffba206767ebc8838e61c0f517b89b7f1
IMG_0270,BSDS500,test,final_evaluation_natural_images,BSR\BSDS500\data\images\test\43051.jpg,43051.jpg,481,321,RGB,JPEG,e2f447b14fc6179c172c559e59192e395a1b6fee44e36d1c7aa2d665a3c71d35
IMG_0271,BSDS500,test,final_evaluation_natural_images,BSR\BSDS500\data\images\test\45000.jpg,45000.jpg,481,321,RGB,JPEG,024d686ebe9533a174e3c3f29161f384b235ab37ff3fdb990e9199ed3b8c7178
IMG_0272,BSDS500,test,final_evaluation_natural_images,BSR\BSDS500\data\images\test\48017.jpg,48017.jpg,481,321,RGB,JPEG,c61255d24cc29986d0bcdf056d2f6cea6875ad1fcba4d01792904422eb9c94c3
IMG_0273,BSDS500,test,final_evaluation_natural_images,BSR\BSDS500\data\images\test\48025.jpg,48025.jpg,481,321,RGB,JPEG,afef725853d55d53d7aa6a767ecc64b6ed681ecc87a57e69aeed09a115406ed7
IMG_0274,BSDS500,test,final_evaluation_natural_images,BSR\BSDS500\data\images\test\49024.jpg,49024.jpg,481,321,RGB,JPEG,b730a4fe2ebc1218f00a0f8ee8ae118fdc916533145f0a9ced52f2d1982b3ed4
IMG_0275,BSDS500,test,final_evaluation_natural_images,BSR\BSDS500\data\images\test\5096.jpg,5096.jpg,481,321,RGB,JPEG,036eeb42cc04fea9f0bd7c3c19343e0c3e66b74c979e74829331e4a832ae7810
IMG_0276,BSDS500,test,final_evaluation_natural_images,BSR\BSDS500\data\images\test\51084.jpg,51084.jpg,481,321,RGB,JPEG,86e0d880135152ee9d03993078d27f0acd3345f353d005449a287400cbfa0fce
IMG_0277,BSDS500,test,final_evaluation_natural_images,BSR\BSDS500\data\images\test\6046.jpg,6046.jpg,321,481,RGB,JPEG,3db99e079df3ee618560d840d02dbf124e35d06461058b4f88688b7334cbe098
IMG_0278,BSDS500,test,final_evaluation_natural_images,BSR\BSDS500\data\images\test\61034.jpg,61034.jpg,321,481,RGB,JPEG,1a265d4c2dfd4867567288a30997020bf6196dda5a510052a076036a48f04e59
IMG_0279,BSDS500,test,final_evaluation_natural_images,BSR\BSDS500\data\images\test\64061.jpg,64061.jpg,321,481,RGB,JPEG,4cfd5b5a749ea7500938da17efc3dcc71090494697d929895f0c9c13940232b8
IMG_0280,BSDS500,test,final_evaluation_natural_images,BSR\BSDS500\data\images\test\65084.jpg,65084.jpg,321,481,RGB,JPEG,c2d4c6fc1ebadde2e53956137fc7526a0ade479106cb3c55d283f30b314e5ce6
IMG_0281,BSDS500,test,final_evaluation_natural_images,BSR\BSDS500\data\images\test\69000.jpg,69000.jpg,481,321,RGB,JPEG,e1a43557e4cc455604580005d332f2f2d3833e71643e186de922a8f46f1152c8
IMG_0282,BSDS500,test,final_evaluation_natural_images,BSR\BSDS500\data\images\test\69007.jpg,69007.jpg,481,321,RGB,JPEG,ad974d0fb5c6912820255485dd571ef971ac910fc7c54c7401d55b65bec0c05d
IMG_0283,BSDS500,test,final_evaluation_natural_images,BSR\BSDS500\data\images\test\69022.jpg,69022.jpg,481,321,RGB,JPEG,5ea4f2727b606318075639f1489df29f1fdae655f2efa8597f7f2b24445f9679
IMG_0284,BSDS500,test,final_evaluation_natural_images,BSR\BSDS500\data\images\test\70011.jpg,70011.jpg,481,321,RGB,JPEG,94773c7c4e35706528722b48fce9cf9783e937358d419ce9be92729c6d3579f4
IMG_0285,BSDS500,test,final_evaluation_natural_images,BSR\BSDS500\data\images\test\70090.jpg,70090.jpg,321,481,RGB,JPEG,51bffc1621da3661902b8d56bdfd931a266e65c8bfddb5da194043a192c74288
IMG_0286,BSDS500,test,final_evaluation_natural_images,BSR\BSDS500\data\images\test\71076.jpg,71076.jpg,321,481,RGB,JPEG,10d4c925dcb0f0fd25534e9e0aa402cc34a3aa28e7cf60db2ab04085b0bec8b6
IMG_0287,BSDS500,test,final_evaluation_natural_images,BSR\BSDS500\data\images\test\71099.jpg,71099.jpg,481,321,RGB,JPEG,62426062ba1e6cabff1e6d26f74dcd91614e9ea73ff681aec76096354ed085df
IMG_0288,BSDS500,test,final_evaluation_natural_images,BSR\BSDS500\data\images\test\77062.jpg,77062.jpg,481,321,RGB,JPEG,ca86ba0d129c97802b191efa9df573564fbc1f5b3467358adff7e52ff94119a9
IMG_0289,BSDS500,test,final_evaluation_natural_images,BSR\BSDS500\data\images\test\78098.jpg,78098.jpg,481,321,RGB,JPEG,5b46e76177965acc8b5d604f7e5845051c68220929a0ce5793bf3abcbc16baf2
IMG_0290,BSDS500,test,final_evaluation_natural_images,BSR\BSDS500\data\images\test\79073.jpg,79073.jpg,481,321,RGB,JPEG,1c7fe8b57627008635032a0c0890d797fca3d5aa20826a0690766ac235c5c871
IMG_0291,BSDS500,test,final_evaluation_natural_images,BSR\BSDS500\data\images\test\80085.jpg,80085.jpg,481,321,RGB,JPEG,536e2b2eeb432b3e1a616e23c79251c02ff2fd2226fcc374a30cc8e409d2c982
IMG_0292,BSDS500,test,final_evaluation_natural_images,BSR\BSDS500\data\images\test\80090.jpg,80090.jpg,321,481,RGB,JPEG,d740d8619e8624f7ec960614831a19e21fca876a147316916f69008a20f8b65f
IMG_0293,BSDS500,test,final_evaluation_natural_images,BSR\BSDS500\data\images\test\8068.jpg,8068.jpg,481,321,RGB,JPEG,160faa4e5a1ce7428bc03e12c4d5b12b2780e8955de2210b7e91421d662911d5
IMG_0294,BSDS500,test,final_evaluation_natural_images,BSR\BSDS500\data\images\test\81066.jpg,81066.jpg,481,321,RGB,JPEG,1cadc6af923560f2f80f7608ec750877c3194c9eff492dd744af5c0c7bf9a914
IMG_0295,BSDS500,test,final_evaluation_natural_images,BSR\BSDS500\data\images\test\81090.jpg,81090.jpg,321,481,RGB,JPEG,97a600ef49cb2b1b975bd56a8ad53cddf2790ad914154c12ceb709ee9bbd5486
IMG_0296,BSDS500,test,final_evaluation_natural_images,BSR\BSDS500\data\images\test\81095.jpg,81095.jpg,481,321,RGB,JPEG,ce6a90f3b14d89ae9646bdb57cb4d014b09f298a67b91eb8f5249e3075ea3dfb
IMG_0297,BSDS500,test,final_evaluation_natural_images,BSR\BSDS500\data\images\test\87015.jpg,87015.jpg,481,321,RGB,JPEG,67e46094e3018c35400ac756eb85cc18f17f47492a999e7336a43ac6ffb24fd1
IMG_0298,BSDS500,test,final_evaluation_natural_images,BSR\BSDS500\data\images\test\92014.jpg,92014.jpg,481,321,RGB,JPEG,193fa567046bd4fc4c331e57d7dff8329c3335c903a6dfbb451403df32dfeeae
IMG_0299,BSDS500,test,final_evaluation_natural_images,BSR\BSDS500\data\images\test\94095.jpg,94095.jpg,481,321,RGB,JPEG,4e4a8018bd002cb6a4995f28b3700a160d1eea9c4e67a356a4a76896c4f8d58e
IMG_0300,BSDS500,test,final_evaluation_natural_images,BSR\BSDS500\data\images\test\97010.jpg,97010.jpg,481,321,RGB,JPEG,b7dffd6106f6379ff965ed972973c8490f2708a92b3cbfa84f2be546907b093c
IMG_0301,USC-SIPI Miscellaneous,classical,final_evaluation_classical,misc\4.1.01.tiff,4.1.01.tiff,256,256,RGB,TIFF,c3ea2466396790c8aa0e4a60bc5031c44a3288da666cfd6a4f732ae0fec5efad
IMG_0302,USC-SIPI Miscellaneous,classical,final_evaluation_classical,misc\4.1.02.tiff,4.1.02.tiff,256,256,RGB,TIFF,31d1e7aafff59f5754ee38b77287ee6cfa05a095e63bb245fc44af87fa9d0329
IMG_0303,USC-SIPI Miscellaneous,classical,final_evaluation_classical,misc\4.1.03.tiff,4.1.03.tiff,256,256,RGB,TIFF,3d9cf65ca9a43a674cd7fd80192902458921aa81885a16bdcf9dd738e406af62
IMG_0304,USC-SIPI Miscellaneous,classical,final_evaluation_classical,misc\4.1.04.tiff,4.1.04.tiff,256,256,RGB,TIFF,abb652cfa55da20b95941834f8887d0dccfa71e33c94dc16ec0c473111dac15e
IMG_0305,USC-SIPI Miscellaneous,classical,final_evaluation_classical,misc\4.1.05.tiff,4.1.05.tiff,256,256,RGB,TIFF,6cecbf11be31a64a8397463b24b32cc753a657a616a80b147c93e4579f4c734e
IMG_0306,USC-SIPI Miscellaneous,classical,final_evaluation_classical,misc\4.1.06.tiff,4.1.06.tiff,256,256,RGB,TIFF,f09642b452f6c82bccd1282f45b46e4603630c2863708f27079a676e65c928ef
IMG_0307,USC-SIPI Miscellaneous,classical,final_evaluation_classical,misc\4.1.07.tiff,4.1.07.tiff,256,256,RGB,TIFF,ee21b55963d29ed18effeef9a4dc3edc85208d9b79690bf2339c14649dcf41f6
IMG_0308,USC-SIPI Miscellaneous,classical,final_evaluation_classical,misc\4.1.08.tiff,4.1.08.tiff,256,256,RGB,TIFF,8fd360f5cf6d230eff7934599edf0024995b6da69146e9c85bbaaf327d4a2abc
IMG_0309,USC-SIPI Miscellaneous,classical,final_evaluation_classical,misc\4.2.01.tiff,4.2.01.tiff,512,512,RGB,TIFF,f27f806d2f5e3d6b66e4223bad6a9fcd38756c715491eafb38c43a9befe89cfd
IMG_0310,USC-SIPI Miscellaneous,classical,final_evaluation_classical,misc\4.2.03.tiff,4.2.03.tiff,512,512,RGB,TIFF,3f590b52279fb59b81906f1e928ae713a5357b1afc1a2017a103adb563fb4494
IMG_0311,USC-SIPI Miscellaneous,classical,final_evaluation_classical,misc\4.2.05.tiff,4.2.05.tiff,512,512,RGB,TIFF,ae9eba12b80df955e47585bf4a16332ea0dadc753668d3457c509564934dbd40
IMG_0312,USC-SIPI Miscellaneous,classical,final_evaluation_classical,misc\4.2.06.tiff,4.2.06.tiff,512,512,RGB,TIFF,aa00ff3defadcd99e2e5fb5fbd06d12d6570284822a37186e3f8827f9bb4ca73
IMG_0313,USC-SIPI Miscellaneous,classical,final_evaluation_classical,misc\4.2.07.tiff,4.2.07.tiff,512,512,RGB,TIFF,676c21edcc56b517ebd54764d6026d2befe7e15014ec3f0c9e6f2ce1d9ad74bf
IMG_0314,USC-SIPI Miscellaneous,classical,final_evaluation_classical,misc\house.tiff,house.tiff,512,512,RGB,TIFF,82717baf56d3f48bc4e2767afc9f233e7f595ad150ca91932a4a8daa46b3300f
