run_key,experiment_id,filename,run_index,seed,runtime_s,evaluations,budget_compliant,archive_size,mean_diversity,final_diversity,injection_count,bda_proposals,ehho_proposals,bda_fraction,cache_hit_rate
IMG_0001|r1,IMG_0001,101085.jpg,1,1266129992,47.04234310000902,600,True,100,0.9490648148148146,0.9525925925925925,0,294,276,0.5157894736842106,0.0016666666666666668
IMG_0001|r2,IMG_0001,101085.jpg,2,364888884,44.165495999972336,600,True,99,0.9481666666666666,0.9427777777777777,0,289,281,0.5070175438596491,0.006666666666666667
IMG_0001|r3,IMG_0001,101085.jpg,3,1710573787,43.197939400037285,600,True,99,0.9445092592592591,0.9092592592592593,0,289,281,0.5070175438596491,0.0016666666666666668
IMG_0001|r4,IMG_0001,101085.jpg,4,1543612035,44.24961020000046,600,True,94,0.9259074074074073,0.9135185185185185,0,284,286,0.4982456140350877,0.0
IMG_0001|r5,IMG_0001,101085.jpg,5,642304673,72.15607500000624,600,True,100,0.9321944444444444,0.9507407407407408,0,262,308,0.45964912280701753,0.0
IMG_0002|r1,IMG_0002,101087.jpg,1,1731300429,105.99168360000476,600,True,34,0.9288240740740742,0.9301851851851852,0,316,254,0.5543859649122806,0.0
IMG_0002|r2,IMG_0002,101087.jpg,2,734837942,110.5195861000102,600,True,71,0.9448611111111109,0.9548148148148149,0,285,285,0.5,0.0033333333333333335
IMG_0002|r3,IMG_0002,101087.jpg,3,1443104526,80.49561710003763,600,True,32,0.930712962962963,0.9107407407407407,0,297,273,0.5210526315789473,0.0016666666666666668
IMG_0002|r4,IMG_0002,101087.jpg,4,1408327285,84.20663520001108,600,True,100,0.9502500000000002,0.9379629629629629,0,270,300,0.47368421052631576,0.005
IMG_0002|r5,IMG_0002,101087.jpg,5,666131303,96.30903900001431,600,True,75,0.9352777777777778,0.891111111111111,0,295,275,0.5175438596491229,0.0033333333333333335
IMG_0003|r1,IMG_0003,102061.jpg,1,424240572,128.76562799996464,600,True,100,0.9451944444444443,0.9218518518518518,0,280,290,0.49122807017543857,0.0016666666666666668
IMG_0003|r2,IMG_0003,102061.jpg,2,2104809593,136.67314000002807,600,True,71,0.9373981481481483,0.9248148148148149,0,279,291,0.48947368421052634,0.0033333333333333335
IMG_0003|r3,IMG_0003,102061.jpg,3,2146482104,142.98321169998962,600,True,99,0.9372685185185183,0.9164814814814815,0,267,303,0.46842105263157896,0.0016666666666666668
IMG_0003|r4,IMG_0003,102061.jpg,4,674140768,110.39958949998254,600,True,50,0.9154814814814813,0.8938888888888888,0,253,317,0.443859649122807,0.0
IMG_0003|r5,IMG_0003,102061.jpg,5,820259271,105.04236620001029,600,True,63,0.9390462962962964,0.8992592592592592,0,271,299,0.47543859649122805,0.0
IMG_0004|r1,IMG_0004,103070.jpg,1,1072181741,131.9071055999957,600,True,62,0.9400462962962963,0.9085185185185184,0,291,279,0.5105263157894737,0.0
IMG_0004|r2,IMG_0004,103070.jpg,2,330758256,142.78128220001236,600,True,100,0.949472222222222,0.9377777777777778,0,280,290,0.49122807017543857,0.0
IMG_0004|r3,IMG_0004,103070.jpg,3,1179417782,135.67001879995223,600,True,78,0.9396388888888886,0.9246296296296297,0,273,297,0.4789473684210526,0.0033333333333333335
IMG_0004|r4,IMG_0004,103070.jpg,4,1179898578,138.2245332999737,600,True,93,0.9481388888888889,0.9353703703703703,0,283,287,0.4964912280701754,0.0
IMG_0004|r5,IMG_0004,103070.jpg,5,82215611,132.6611794999917,600,True,84,0.9280277777777778,0.9364814814814815,0,290,280,0.5087719298245614,0.0
IMG_0005|r1,IMG_0005,105025.jpg,1,309004466,122.10068840003805,600,True,41,0.9440462962962963,0.8531481481481481,0,287,283,0.5035087719298246,0.0033333333333333335
IMG_0005|r2,IMG_0005,105025.jpg,2,1566198515,106.15260190004483,600,True,35,0.9221203703703702,0.8905555555555557,0,275,295,0.4824561403508772,0.0016666666666666668
IMG_0005|r3,IMG_0005,105025.jpg,3,1955195281,120.3589982999838,600,True,39,0.9182870370370371,0.9031481481481481,0,273,297,0.4789473684210526,0.0
IMG_0005|r4,IMG_0005,105025.jpg,4,322940297,123.58394199999748,600,True,26,0.9319444444444442,0.8896296296296295,0,272,298,0.47719298245614034,0.0033333333333333335
IMG_0005|r5,IMG_0005,105025.jpg,5,1483114701,101.60624630004168,600,True,24,0.9020092592592592,0.9116666666666667,0,272,298,0.47719298245614034,0.0016666666666666668
IMG_0006|r1,IMG_0006,106024.jpg,1,848987170,72.3863612000132,600,True,45,0.9197685185185185,0.8688888888888888,0,289,281,0.5070175438596491,0.011666666666666667
IMG_0006|r2,IMG_0006,106024.jpg,2,764450894,86.11069839994889,600,True,75,0.9494722222222223,0.9348148148148147,0,291,279,0.5105263157894737,0.005
IMG_0006|r3,IMG_0006,106024.jpg,3,17291374,106.46800049999729,600,True,100,0.952388888888889,0.9590740740740741,0,276,294,0.4842105263157895,0.0
IMG_0006|r4,IMG_0006,106024.jpg,4,1907979731,86.46729549998417,600,True,69,0.9405185185185184,0.9312962962962962,0,264,306,0.4631578947368421,0.0
IMG_0006|r5,IMG_0006,106024.jpg,5,702738150,78.87405069998931,600,True,35,0.878638888888889,0.8744444444444445,0,271,299,0.47543859649122805,0.0
IMG_0007|r1,IMG_0007,108005.jpg,1,221020759,98.90397370001301,600,True,71,0.939324074074074,0.9485185185185184,0,294,276,0.5157894736842106,0.0033333333333333335
IMG_0007|r2,IMG_0007,108005.jpg,2,327759021,76.5966008999967,600,True,54,0.8945925925925925,0.8624074074074075,0,285,285,0.5,0.0
IMG_0007|r3,IMG_0007,108005.jpg,3,416803558,79.37631050002528,600,True,87,0.948925925925926,0.9622222222222222,0,274,296,0.4807017543859649,0.0
IMG_0007|r4,IMG_0007,108005.jpg,4,1759848355,74.45468170003733,600,True,73,0.9404537037037036,0.9109259259259259,0,280,290,0.49122807017543857,0.0
IMG_0007|r5,IMG_0007,108005.jpg,5,1321066827,70.59926899999846,600,True,39,0.8874722222222221,0.8509259259259259,0,283,287,0.4964912280701754,0.0033333333333333335
IMG_0008|r1,IMG_0008,108070.jpg,1,454173142,64.03149170003599,600,True,62,0.9126111111111112,0.8414814814814814,0,298,272,0.5228070175438596,0.0
IMG_0008|r2,IMG_0008,108070.jpg,2,81370515,57.01474640000379,600,True,37,0.9257314814814815,0.918148148148148,0,287,283,0.5035087719298246,0.0016666666666666668
IMG_0008|r3,IMG_0008,108070.jpg,3,1948731891,57.10599599999841,600,True,68,0.9469444444444445,0.8892592592592593,0,269,301,0.47192982456140353,0.0033333333333333335
IMG_0008|r4,IMG_0008,108070.jpg,4,1367317816,75.44789170002332,600,True,54,0.9373611111111112,0.9653703703703703,0,276,294,0.4842105263157895,0.0
IMG_0008|r5,IMG_0008,108070.jpg,5,1704782920,94.0118550999905,600,True,70,0.9453796296296296,0.9053703703703704,0,263,307,0.4614035087719298,0.005
IMG_0009|r1,IMG_0009,108082.jpg,1,1953235526,88.63469410000835,600,True,42,0.9249629629629628,0.8568518518518519,0,283,287,0.4964912280701754,0.0
IMG_0009|r2,IMG_0009,108082.jpg,2,1527640689,100.00517260003835,600,True,26,0.9246388888888891,0.862037037037037,0,292,278,0.512280701754386,0.0
IMG_0009|r3,IMG_0009,108082.jpg,3,624198843,91.39745610003592,600,True,54,0.90675,0.8574074074074073,0,284,286,0.4982456140350877,0.0
IMG_0009|r4,IMG_0009,108082.jpg,4,1798325757,96.23413820000133,600,True,20,0.8877685185185185,0.8635185185185185,0,284,286,0.4982456140350877,0.01
IMG_0009|r5,IMG_0009,108082.jpg,5,587705216,102.65093639999395,600,True,39,0.9456666666666667,0.9535185185185185,0,270,300,0.47368421052631576,0.006666666666666667
IMG_0010|r1,IMG_0010,109053.jpg,1,679020198,92.53423450002447,600,True,52,0.8974074074074074,0.8612962962962962,0,254,316,0.4456140350877193,0.0
IMG_0010|r2,IMG_0010,109053.jpg,2,1179148009,86.8961496000411,600,True,57,0.9373796296296295,0.9507407407407408,0,275,295,0.4824561403508772,0.005
IMG_0010|r3,IMG_0010,109053.jpg,3,880750381,111.4405834999634,600,True,46,0.927351851851852,0.931111111111111,0,297,273,0.5210526315789473,0.0
IMG_0010|r4,IMG_0010,109053.jpg,4,1227626175,121.8212377000018,600,True,97,0.9388981481481482,0.9233333333333332,0,278,292,0.48771929824561405,0.0
IMG_0010|r5,IMG_0010,109053.jpg,5,293001441,125.07914220000384,600,True,77,0.9418981481481483,0.8994444444444444,0,283,287,0.4964912280701754,0.011666666666666667
IMG_0011|r1,IMG_0011,119082.jpg,1,1083765001,118.74051360000158,600,True,70,0.9436574074074076,0.9272222222222223,0,286,284,0.5017543859649123,0.006666666666666667
IMG_0011|r2,IMG_0011,119082.jpg,2,127995402,105.05757399997674,600,True,88,0.9464722222222222,0.8944444444444445,0,271,299,0.47543859649122805,0.0016666666666666668
IMG_0011|r3,IMG_0011,119082.jpg,3,531302282,121.567892400024,600,True,97,0.9434074074074073,0.9470370370370369,0,289,281,0.5070175438596491,0.0033333333333333335
IMG_0011|r4,IMG_0011,119082.jpg,4,755072661,111.2522309999913,600,True,100,0.9504814814814815,0.9696296296296296,0,287,283,0.5035087719298246,0.0016666666666666668
IMG_0011|r5,IMG_0011,119082.jpg,5,487122781,90.06744549999712,600,True,69,0.935074074074074,0.9216666666666667,0,280,290,0.49122807017543857,0.0
IMG_0012|r1,IMG_0012,12084.jpg,1,1009157700,93.69045699998969,600,True,58,0.9386944444444442,0.9187037037037037,0,274,296,0.4807017543859649,0.0016666666666666668
IMG_0012|r2,IMG_0012,12084.jpg,2,214489821,117.3196952000144,600,True,70,0.9302314814814814,0.9344444444444443,0,285,285,0.5,0.0016666666666666668
IMG_0012|r3,IMG_0012,12084.jpg,3,1224693685,112.10394749999978,600,True,41,0.881462962962963,0.8464814814814815,0,272,298,0.47719298245614034,0.01
IMG_0012|r4,IMG_0012,12084.jpg,4,136074952,104.26032800000394,600,True,59,0.8869999999999999,0.8518518518518517,0,286,284,0.5017543859649123,0.013333333333333334
IMG_0012|r5,IMG_0012,12084.jpg,5,676962929,121.7497210999718,600,True,50,0.9062129629629629,0.8333333333333334,0,276,294,0.4842105263157895,0.0
IMG_0013|r1,IMG_0013,123074.jpg,1,1375342256,140.96158800000558,600,True,100,0.9503148148148147,0.937037037037037,0,280,290,0.49122807017543857,0.0
IMG_0013|r2,IMG_0013,123074.jpg,2,638898097,140.40243979997467,600,True,100,0.9497592592592591,0.956111111111111,0,297,273,0.5210526315789473,0.0
IMG_0013|r3,IMG_0013,123074.jpg,3,2771910,147.18260249996092,600,True,100,0.9435185185185183,0.9398148148148149,0,295,275,0.5175438596491229,0.0016666666666666668
IMG_0013|r4,IMG_0013,123074.jpg,4,1587257576,167.47061159997247,600,True,100,0.9555277777777776,0.965925925925926,0,278,292,0.48771929824561405,0.0033333333333333335
IMG_0013|r5,IMG_0013,123074.jpg,5,1973777458,173.2325770999887,600,True,100,0.9450092592592594,0.9672222222222221,0,281,289,0.49298245614035086,0.005
IMG_0014|r1,IMG_0014,126007.jpg,1,1328554748,139.0555444000056,600,True,100,0.9434166666666666,0.9044444444444443,0,269,301,0.47192982456140353,0.0016666666666666668
IMG_0014|r2,IMG_0014,126007.jpg,2,368830938,143.56917550001526,600,True,100,0.9614814814814816,0.9390740740740741,0,270,300,0.47368421052631576,0.0
IMG_0014|r3,IMG_0014,126007.jpg,3,668585395,134.15922839997802,600,True,100,0.939398148148148,0.9383333333333334,0,274,296,0.4807017543859649,0.006666666666666667
IMG_0014|r4,IMG_0014,126007.jpg,4,1735346984,124.87292029999662,600,True,100,0.9380462962962964,0.9412962962962963,0,265,305,0.4649122807017544,0.0
IMG_0014|r5,IMG_0014,126007.jpg,5,1860065653,144.24738499999512,600,True,100,0.9515555555555556,0.9288888888888888,0,284,286,0.4982456140350877,0.0
IMG_0015|r1,IMG_0015,130026.jpg,1,1894544977,130.08325560000958,600,True,45,0.9341296296296295,0.9061111111111111,0,278,292,0.48771929824561405,0.0
IMG_0015|r2,IMG_0015,130026.jpg,2,953508513,159.768186900008,600,True,81,0.9438148148148148,0.9416666666666668,0,290,280,0.5087719298245614,0.0
IMG_0015|r3,IMG_0015,130026.jpg,3,427893494,145.72807569999713,600,True,64,0.9247962962962962,0.8527777777777777,0,271,299,0.47543859649122805,0.0
IMG_0015|r4,IMG_0015,130026.jpg,4,744269294,134.5924801999936,600,True,51,0.9264629629629629,0.892962962962963,0,260,310,0.45614035087719296,0.0016666666666666668
IMG_0015|r5,IMG_0015,130026.jpg,5,321603420,148.85526009998284,600,True,66,0.9258611111111111,0.9001851851851853,0,278,292,0.48771929824561405,0.0
IMG_0016|r1,IMG_0016,134035.jpg,1,1103740145,175.7139742000145,600,True,100,0.9537777777777776,0.9444444444444445,0,289,281,0.5070175438596491,0.0016666666666666668
IMG_0016|r2,IMG_0016,134035.jpg,2,1059878554,152.3489402999985,600,True,100,0.9252314814814813,0.8794444444444444,0,297,273,0.5210526315789473,0.005
IMG_0016|r3,IMG_0016,134035.jpg,3,44484449,139.0625299999956,600,True,99,0.9409907407407406,0.91,0,273,297,0.4789473684210526,0.0033333333333333335
IMG_0016|r4,IMG_0016,134035.jpg,4,1224561983,81.1396659000311,600,True,50,0.9289907407407407,0.887962962962963,0,288,282,0.5052631578947369,0.0016666666666666668
IMG_0016|r5,IMG_0016,134035.jpg,5,1310023238,78.72822819999419,600,True,65,0.940324074074074,0.9090740740740743,0,282,288,0.49473684210526314,0.0033333333333333335
IMG_0017|r1,IMG_0017,14037.jpg,1,1099459433,50.48638850002317,600,True,58,0.9270370370370369,0.893148148148148,0,278,292,0.48771929824561405,0.0016666666666666668
IMG_0017|r2,IMG_0017,14037.jpg,2,1198963768,70.5684894999722,600,True,57,0.9237314814814814,0.8774074074074075,0,269,301,0.47192982456140353,0.0
IMG_0017|r3,IMG_0017,14037.jpg,3,152058514,50.86665959999664,600,True,40,0.8962129629629632,0.8477777777777779,0,292,278,0.512280701754386,0.0
IMG_0017|r4,IMG_0017,14037.jpg,4,1248507780,48.43047059996752,600,True,38,0.9375925925925925,0.9248148148148149,0,268,302,0.47017543859649125,0.0016666666666666668
IMG_0017|r5,IMG_0017,14037.jpg,5,1909711882,55.15457720000995,600,True,90,0.9390555555555554,0.9116666666666666,0,272,298,0.47719298245614034,0.0
IMG_0018|r1,IMG_0018,143090.jpg,1,309818230,61.980120400025044,600,True,100,0.9399166666666667,0.9259259259259259,0,281,289,0.49298245614035086,0.0033333333333333335
IMG_0018|r2,IMG_0018,143090.jpg,2,660160220,59.623141399992164,600,True,100,0.9516296296296296,0.9196296296296297,0,305,265,0.5350877192982456,0.01
IMG_0018|r3,IMG_0018,143090.jpg,3,2144989769,60.712008800008334,600,True,100,0.9401111111111111,0.9551851851851851,0,285,285,0.5,0.005
IMG_0018|r4,IMG_0018,143090.jpg,4,1194556771,60.99572079995414,600,True,100,0.9478888888888888,0.9451851851851852,0,253,317,0.443859649122807,0.0
IMG_0018|r5,IMG_0018,143090.jpg,5,74972844,64.32748360000551,600,True,98,0.9456296296296296,0.9409259259259258,0,264,306,0.4631578947368421,0.0
IMG_0019|r1,IMG_0019,145086.jpg,1,1034515459,64.16372820001561,600,True,97,0.9502407407407405,0.949074074074074,0,279,291,0.48947368421052634,0.005
IMG_0019|r2,IMG_0019,145086.jpg,2,1275834657,52.25166710000485,600,True,68,0.9332962962962963,0.8892592592592591,0,282,288,0.49473684210526314,0.0016666666666666668
IMG_0019|r3,IMG_0019,145086.jpg,3,1158007498,52.75155270000687,600,True,74,0.9435185185185183,0.9383333333333334,0,290,280,0.5087719298245614,0.006666666666666667
IMG_0019|r4,IMG_0019,145086.jpg,4,618444789,59.125089499983005,600,True,100,0.9483055555555555,0.9390740740740741,0,301,269,0.5280701754385965,0.0033333333333333335
IMG_0019|r5,IMG_0019,145086.jpg,5,1484499674,74.99801669997396,600,True,100,0.9471111111111112,0.8920370370370371,0,255,315,0.4473684210526316,0.0033333333333333335
IMG_0020|r1,IMG_0020,147091.jpg,1,1961689900,53.25654819997726,600,True,43,0.9405555555555555,0.9485185185185184,0,278,292,0.48771929824561405,0.0
IMG_0020|r2,IMG_0020,147091.jpg,2,245698681,59.074166999955196,600,True,100,0.9401851851851853,0.8909259259259259,0,290,280,0.5087719298245614,0.0
IMG_0020|r3,IMG_0020,147091.jpg,3,904476097,59.876510600035544,600,True,97,0.9389814814814814,0.9324074074074075,0,280,290,0.49122807017543857,0.0
IMG_0020|r4,IMG_0020,147091.jpg,4,701964641,57.11935270001413,600,True,96,0.9346111111111111,0.924074074074074,0,283,287,0.4964912280701754,0.0016666666666666668
IMG_0020|r5,IMG_0020,147091.jpg,5,1819755982,59.461274400004186,600,True,100,0.9561296296296294,0.9661111111111111,0,291,279,0.5105263157894737,0.005
IMG_0021|r1,IMG_0021,148026.jpg,1,1440651205,55.1496023000218,600,True,71,0.9413148148148149,0.9551851851851851,0,285,285,0.5,0.008333333333333333
IMG_0021|r2,IMG_0021,148026.jpg,2,2114358672,78.345493300003,600,True,76,0.9458703703703704,0.9140740740740739,0,291,279,0.5105263157894737,0.0
IMG_0021|r3,IMG_0021,148026.jpg,3,1319327308,123.16655909997644,600,True,50,0.9207222222222221,0.9222222222222222,0,258,312,0.45263157894736844,0.008333333333333333
IMG_0021|r4,IMG_0021,148026.jpg,4,2105325627,63.82207620004192,600,True,30,0.9084537037037037,0.8516666666666667,0,277,293,0.48596491228070177,0.005
IMG_0021|r5,IMG_0021,148026.jpg,5,96481939,41.24202439998044,600,True,53,0.9038055555555558,0.8283333333333333,0,286,284,0.5017543859649123,0.0016666666666666668
IMG_0022|r1,IMG_0022,148089.jpg,1,13101029,41.07867279998027,600,True,39,0.9200740740740742,0.875,0,270,300,0.47368421052631576,0.0016666666666666668
IMG_0022|r2,IMG_0022,148089.jpg,2,927829402,42.57475159998285,600,True,69,0.9136851851851852,0.871851851851852,0,269,301,0.47192982456140353,0.0033333333333333335
IMG_0022|r3,IMG_0022,148089.jpg,3,545794602,44.89563220000127,600,True,30,0.9143055555555556,0.8887037037037037,0,283,287,0.4964912280701754,0.0
IMG_0022|r4,IMG_0022,148089.jpg,4,1593024124,49.622704500041436,600,True,65,0.9407037037037037,0.9466666666666667,0,279,291,0.48947368421052634,0.0
IMG_0022|r5,IMG_0022,148089.jpg,5,24502150,54.65403549995972,600,True,73,0.9361759259259259,0.909814814814815,0,277,293,0.48596491228070177,0.006666666666666667
IMG_0023|r1,IMG_0023,156065.jpg,1,2030976392,64.80847390001873,600,True,96,0.9475370370370368,0.9337037037037037,0,277,293,0.48596491228070177,0.0016666666666666668
IMG_0023|r2,IMG_0023,156065.jpg,2,1360257368,43.44628090003971,600,True,48,0.9249074074074073,0.9188888888888888,0,274,296,0.4807017543859649,0.0
IMG_0023|r3,IMG_0023,156065.jpg,3,1395816892,50.370773900009226,600,True,73,0.9428518518518517,0.9049999999999999,0,296,274,0.519298245614035,0.0
IMG_0023|r4,IMG_0023,156065.jpg,4,1784571770,42.65013750002254,600,True,61,0.9264629629629629,0.8742592592592593,0,258,312,0.45263157894736844,0.005
IMG_0023|r5,IMG_0023,156065.jpg,5,92505014,42.71382329997141,600,True,63,0.9196851851851852,0.9059259259259259,0,268,302,0.47017543859649125,0.0
IMG_0024|r1,IMG_0024,157055.jpg,1,1443789879,47.76054029999068,600,True,100,0.9453703703703702,0.9446296296296296,0,280,290,0.49122807017543857,0.0
IMG_0024|r2,IMG_0024,157055.jpg,2,1206228818,48.248712999979034,600,True,100,0.9508425925925925,0.9485185185185184,0,269,301,0.47192982456140353,0.0033333333333333335
IMG_0024|r3,IMG_0024,157055.jpg,3,1707194698,86.01874169998337,600,True,99,0.9248333333333332,0.9457407407407405,0,278,292,0.48771929824561405,0.0
IMG_0024|r4,IMG_0024,157055.jpg,4,1011539013,88.22195969999302,600,True,100,0.9360462962962963,0.9248148148148148,0,296,274,0.519298245614035,0.0033333333333333335
IMG_0024|r5,IMG_0024,157055.jpg,5,1392954278,75.28311770001892,600,True,100,0.9478240740740741,0.9337037037037037,0,283,287,0.4964912280701754,0.0
IMG_0025|r1,IMG_0025,159008.jpg,1,956045049,72.59130910004023,600,True,31,0.9303796296296298,0.9064814814814816,0,273,297,0.4789473684210526,0.0016666666666666668
IMG_0025|r2,IMG_0025,159008.jpg,2,1048981024,74.00339899997925,600,True,37,0.9394722222222225,0.8722222222222221,0,280,290,0.49122807017543857,0.0016666666666666668
IMG_0025|r3,IMG_0025,159008.jpg,3,196207815,68.38324550003745,600,True,40,0.9277777777777778,0.9068518518518518,0,265,305,0.4649122807017544,0.0
IMG_0025|r4,IMG_0025,159008.jpg,4,1789170608,43.535326200013515,600,True,29,0.9267962962962963,0.899074074074074,0,302,268,0.5298245614035088,0.0
IMG_0025|r5,IMG_0025,159008.jpg,5,1994276647,36.347943699976895,600,True,28,0.911712962962963,0.8864814814814815,0,279,291,0.48947368421052634,0.0
IMG_0026|r1,IMG_0026,160068.jpg,1,850340831,48.501097800035495,600,True,100,0.9416018518518519,0.9481481481481482,0,263,307,0.4614035087719298,0.0
IMG_0026|r2,IMG_0026,160068.jpg,2,1641841146,44.95606909994967,600,True,42,0.9047777777777778,0.8611111111111112,0,275,295,0.4824561403508772,0.0033333333333333335
IMG_0026|r3,IMG_0026,160068.jpg,3,1971917165,46.373259000014514,600,True,45,0.8610833333333335,0.8101851851851851,0,273,297,0.4789473684210526,0.005
IMG_0026|r4,IMG_0026,160068.jpg,4,844014402,56.226794499962125,600,True,56,0.9127777777777777,0.8909259259259259,0,284,286,0.4982456140350877,0.0033333333333333335
IMG_0026|r5,IMG_0026,160068.jpg,5,216480577,50.93568300001789,600,True,63,0.9252314814814815,0.8822222222222221,0,295,275,0.5175438596491229,0.0
IMG_0027|r1,IMG_0027,16077.jpg,1,2028620502,57.628234200004954,600,True,79,0.9290185185185184,0.8790740740740741,0,281,289,0.49298245614035086,0.0016666666666666668
IMG_0027|r2,IMG_0027,16077.jpg,2,1095503581,97.86280729999999,600,True,57,0.9344722222222221,0.8796296296296297,0,288,282,0.5052631578947369,0.0
IMG_0027|r3,IMG_0027,16077.jpg,3,2133940673,129.50975569995353,600,True,53,0.9169259259259258,0.8783333333333333,0,280,290,0.49122807017543857,0.0016666666666666668
IMG_0027|r4,IMG_0027,16077.jpg,4,560514351,78.9402362999972,600,True,100,0.9513333333333331,0.9444444444444443,0,269,301,0.47192982456140353,0.0
IMG_0027|r5,IMG_0027,16077.jpg,5,653416824,50.592551600013394,600,True,56,0.9448611111111109,0.9555555555555554,0,299,271,0.5245614035087719,0.006666666666666667
IMG_0028|r1,IMG_0028,163085.jpg,1,1772643205,51.6934639000101,600,True,54,0.937824074074074,0.9120370370370371,0,296,274,0.519298245614035,0.0
IMG_0028|r2,IMG_0028,163085.jpg,2,2007091365,52.814239599974826,600,True,74,0.9379166666666666,0.9199999999999999,0,270,300,0.47368421052631576,0.0
IMG_0028|r3,IMG_0028,163085.jpg,3,1491737309,57.12098710000282,600,True,100,0.947046296296296,0.9418518518518519,0,272,298,0.47719298245614034,0.0
IMG_0028|r4,IMG_0028,163085.jpg,4,1216040989,49.05938990000868,600,True,51,0.9276481481481481,0.9109259259259259,0,273,297,0.4789473684210526,0.0033333333333333335
IMG_0028|r5,IMG_0028,163085.jpg,5,1964589382,53.56099459994584,600,True,86,0.9501574074074075,0.9427777777777777,0,269,301,0.47192982456140353,0.005
IMG_0029|r1,IMG_0029,167062.jpg,1,1345611638,52.24839029996656,600,True,88,0.9398981481481481,0.9412962962962963,0,282,288,0.49473684210526314,0.0
IMG_0029|r2,IMG_0029,167062.jpg,2,1444320952,56.30794020002941,600,True,100,0.9476666666666664,0.9331481481481482,0,293,277,0.5140350877192983,0.0
IMG_0029|r3,IMG_0029,167062.jpg,3,917029624,46.59973399998853,600,True,31,0.8903055555555556,0.8712962962962963,0,302,268,0.5298245614035088,0.008333333333333333
IMG_0029|r4,IMG_0029,167062.jpg,4,293497558,45.513448200013954,600,True,26,0.8951203703703705,0.8783333333333333,0,272,298,0.47719298245614034,0.005
IMG_0029|r5,IMG_0029,167062.jpg,5,1332123980,46.38689560000785,600,True,40,0.905787037037037,0.8375925925925927,0,276,294,0.4842105263157895,0.0
IMG_0030|r1,IMG_0030,167083.jpg,1,382640578,64.9815347000258,600,True,48,0.9399629629629629,0.9629629629629629,0,276,294,0.4842105263157895,0.0033333333333333335
IMG_0030|r2,IMG_0030,167083.jpg,2,88283874,160.6922233000514,600,True,100,0.9428888888888889,0.9051851851851852,0,259,311,0.4543859649122807,0.0016666666666666668
IMG_0030|r3,IMG_0030,167083.jpg,3,1554252397,149.59883639996406,600,True,100,0.9504629629629628,0.9327777777777778,0,300,270,0.5263157894736842,0.0033333333333333335
IMG_0030|r4,IMG_0030,167083.jpg,4,589602528,164.21845509996638,600,True,76,0.9365277777777778,0.9438888888888887,0,279,291,0.48947368421052634,0.008333333333333333
IMG_0030|r5,IMG_0030,167083.jpg,5,388138568,173.48886629997287,600,True,100,0.9480000000000001,0.87,0,290,280,0.5087719298245614,0.006666666666666667
IMG_0031|r1,IMG_0031,170057.jpg,1,1251486396,196.60296729998663,600,True,100,0.9574999999999999,0.9190740740740742,0,283,287,0.4964912280701754,0.0
IMG_0031|r2,IMG_0031,170057.jpg,2,51008313,200.89484180003637,600,True,100,0.9428240740740741,0.895,0,275,295,0.4824561403508772,0.0016666666666666668
IMG_0031|r3,IMG_0031,170057.jpg,3,680997215,155.66670239996165,600,True,100,0.9460185185185186,0.8672222222222222,0,264,306,0.4631578947368421,0.0016666666666666668
IMG_0031|r4,IMG_0031,170057.jpg,4,1625647424,195.3759198000189,600,True,100,0.9495555555555555,0.945,0,292,278,0.512280701754386,0.0
IMG_0031|r5,IMG_0031,170057.jpg,5,530680949,191.82115289999638,600,True,100,0.9420462962962963,0.9112962962962964,0,264,306,0.4631578947368421,0.0
IMG_0032|r1,IMG_0032,175032.jpg,1,1536327930,144.30115710000973,600,True,100,0.9390925925925926,0.9487037037037037,0,270,300,0.47368421052631576,0.0016666666666666668
IMG_0032|r2,IMG_0032,175032.jpg,2,1951597827,198.730692800018,600,True,100,0.9473240740740738,0.9409259259259258,0,282,288,0.49473684210526314,0.0
IMG_0032|r3,IMG_0032,175032.jpg,3,2067684248,145.1180656000506,600,True,100,0.9520740740740742,0.9425925925925925,0,279,291,0.48947368421052634,0.0016666666666666668
IMG_0032|r4,IMG_0032,175032.jpg,4,2066036384,148.35844240000006,600,True,100,0.9524722222222222,0.9383333333333334,0,273,297,0.4789473684210526,0.0016666666666666668
IMG_0032|r5,IMG_0032,175032.jpg,5,1367102545,113.58173330000136,600,True,100,0.9461203703703704,0.918888888888889,0,277,293,0.48596491228070177,0.0033333333333333335
IMG_0033|r1,IMG_0033,175043.jpg,1,645161760,105.87573130003875,600,True,100,0.9427870370370369,0.9016666666666667,0,284,286,0.4982456140350877,0.0
IMG_0033|r2,IMG_0033,175043.jpg,2,1283842141,94.68104310001945,600,True,100,0.9556944444444444,0.9392592592592592,0,245,325,0.4298245614035088,0.005
IMG_0033|r3,IMG_0033,175043.jpg,3,1318904071,59.55311940005049,600,True,100,0.9463055555555556,0.9035185185185185,0,269,301,0.47192982456140353,0.0016666666666666668
IMG_0033|r4,IMG_0033,175043.jpg,4,22767796,62.39182509999955,600,True,100,0.9467777777777776,0.8861111111111111,0,278,292,0.48771929824561405,0.005
IMG_0033|r5,IMG_0033,175043.jpg,5,189745097,109.029823400022,600,True,100,0.9523703703703703,0.8894444444444445,0,267,303,0.46842105263157896,0.0016666666666666668
IMG_0034|r1,IMG_0034,182053.jpg,1,2005345627,100.85275959997671,600,True,100,0.9543518518518519,0.917962962962963,0,281,289,0.49298245614035086,0.0016666666666666668
IMG_0034|r2,IMG_0034,182053.jpg,2,1355268047,72.42628590000095,600,True,100,0.955111111111111,0.9531481481481482,0,302,268,0.5298245614035088,0.0016666666666666668
IMG_0034|r3,IMG_0034,182053.jpg,3,635393737,62.862203099997714,600,True,98,0.9463796296296296,0.9372222222222222,0,275,295,0.4824561403508772,0.0016666666666666668
IMG_0034|r4,IMG_0034,182053.jpg,4,1551224340,63.7456591000082,600,True,98,0.9413518518518519,0.9064814814814813,0,270,300,0.47368421052631576,0.0
IMG_0034|r5,IMG_0034,182053.jpg,5,720886206,64.26736330002313,600,True,100,0.9384907407407406,0.9027777777777778,0,264,306,0.4631578947368421,0.006666666666666667
IMG_0035|r1,IMG_0035,189080.jpg,1,1096354664,55.47413789998973,600,True,91,0.9475185185185184,0.9111111111111111,0,276,294,0.4842105263157895,0.0033333333333333335
IMG_0035|r2,IMG_0035,189080.jpg,2,954051291,61.70039559999714,600,True,98,0.9486296296296297,0.9259259259259259,0,282,288,0.49473684210526314,0.0033333333333333335
IMG_0035|r3,IMG_0035,189080.jpg,3,1561437841,52.30188530002488,600,True,45,0.9123703703703704,0.9109259259259259,0,277,293,0.48596491228070177,0.0016666666666666668
IMG_0035|r4,IMG_0035,189080.jpg,4,1342907675,50.93791559996316,600,True,37,0.9306296296296296,0.8935185185185185,0,295,275,0.5175438596491229,0.0016666666666666668
IMG_0035|r5,IMG_0035,189080.jpg,5,864312834,53.679830399982166,600,True,62,0.9270092592592594,0.8675925925925926,0,266,304,0.4666666666666667,0.0
IMG_0036|r1,IMG_0036,19021.jpg,1,1079391369,54.17937800002983,600,True,61,0.9333703703703703,0.965925925925926,0,277,293,0.48596491228070177,0.0016666666666666668
IMG_0036|r2,IMG_0036,19021.jpg,2,563258682,50.84709669998847,600,True,47,0.9097129629629629,0.8816666666666667,0,291,279,0.5105263157894737,0.0016666666666666668
IMG_0036|r3,IMG_0036,19021.jpg,3,497079086,50.82849049998913,600,True,55,0.9288888888888887,0.9151851851851852,0,271,299,0.47543859649122805,0.0033333333333333335
IMG_0036|r4,IMG_0036,19021.jpg,4,736572479,51.52425440005027,600,True,51,0.9297777777777778,0.9401851851851853,0,287,283,0.5035087719298246,0.0016666666666666668
IMG_0036|r5,IMG_0036,19021.jpg,5,1176969433,51.37664049997693,600,True,32,0.9360555555555555,0.9011111111111111,0,282,288,0.49473684210526314,0.0016666666666666668
IMG_0037|r1,IMG_0037,196073.jpg,1,1261914457,63.26018820004538,600,True,100,0.9415740740740739,0.9501851851851851,0,274,296,0.4807017543859649,0.0016666666666666668
IMG_0037|r2,IMG_0037,196073.jpg,2,1823354866,63.14163590001408,600,True,100,0.9512407407407407,0.927962962962963,0,284,286,0.4982456140350877,0.0
IMG_0037|r3,IMG_0037,196073.jpg,3,38812,64.7968022999703,600,True,100,0.9551388888888889,0.9548148148148149,0,291,279,0.5105263157894737,0.0033333333333333335
IMG_0037|r4,IMG_0037,196073.jpg,4,1914075984,62.66167179995682,600,True,100,0.9400185185185184,0.9385185185185185,0,267,303,0.46842105263157896,0.0016666666666666668
IMG_0037|r5,IMG_0037,196073.jpg,5,497227508,63.49178340000799,600,True,100,0.9357314814814817,0.9433333333333334,0,283,287,0.4964912280701754,0.0
IMG_0038|r1,IMG_0038,197017.jpg,1,1523983824,65.28173679998145,600,True,100,0.9486481481481481,0.9335185185185185,0,288,282,0.5052631578947369,0.0016666666666666668
IMG_0038|r2,IMG_0038,197017.jpg,2,1674400802,64.78860879997956,600,True,100,0.9504166666666668,0.9322222222222222,0,274,296,0.4807017543859649,0.0
IMG_0038|r3,IMG_0038,197017.jpg,3,1706320447,128.0699645000277,600,True,100,0.9484259259259259,0.9061111111111112,0,274,296,0.4807017543859649,0.006666666666666667
IMG_0038|r4,IMG_0038,197017.jpg,4,1335284681,122.92027800000506,600,True,99,0.9508333333333333,0.9381481481481483,0,280,290,0.49122807017543857,0.0016666666666666668
IMG_0038|r5,IMG_0038,197017.jpg,5,816496357,119.98574400000507,600,True,100,0.9490370370370369,0.918148148148148,0,294,276,0.5157894736842106,0.0
IMG_0039|r1,IMG_0039,208001.jpg,1,338738053,85.58989499998279,600,True,67,0.9049814814814814,0.8846296296296295,0,264,306,0.4631578947368421,0.005
IMG_0039|r2,IMG_0039,208001.jpg,2,95492005,88.47957370005315,600,True,95,0.9488518518518518,0.9387037037037036,0,275,295,0.4824561403508772,0.0033333333333333335
IMG_0039|r3,IMG_0039,208001.jpg,3,1718998255,108.56882490002317,600,True,100,0.9465185185185184,0.9501851851851852,0,293,277,0.5140350877192983,0.0033333333333333335
IMG_0039|r4,IMG_0039,208001.jpg,4,1157454286,112.56536450004205,600,True,61,0.9274351851851852,0.9225925925925926,0,284,286,0.4982456140350877,0.0016666666666666668
IMG_0039|r5,IMG_0039,208001.jpg,5,499015926,110.46740830002818,600,True,44,0.9127777777777778,0.8814814814814816,0,281,289,0.49298245614035086,0.0
IMG_0040|r1,IMG_0040,210088.jpg,1,1336107420,138.7642214000225,600,True,100,0.9385370370370371,0.8949999999999999,0,275,295,0.4824561403508772,0.005
IMG_0040|r2,IMG_0040,210088.jpg,2,1776753951,109.85962549998658,600,True,96,0.9312222222222222,0.8922222222222222,0,267,303,0.46842105263157896,0.0
IMG_0040|r3,IMG_0040,210088.jpg,3,1431888146,100.63568789995043,600,True,64,0.9180925925925925,0.9116666666666667,0,282,288,0.49473684210526314,0.0
IMG_0040|r4,IMG_0040,210088.jpg,4,1837071018,65.50972980004735,600,True,75,0.9412407407407407,0.8981481481481483,0,264,306,0.4631578947368421,0.0016666666666666668
IMG_0040|r5,IMG_0040,210088.jpg,5,218812298,63.14693749998696,600,True,100,0.953574074074074,0.9724074074074074,0,289,281,0.5070175438596491,0.0
IMG_0041|r1,IMG_0041,21077.jpg,1,925718564,64.6464681000216,600,True,100,0.9527129629629629,0.9440740740740741,0,271,299,0.47543859649122805,0.0
IMG_0041|r2,IMG_0041,21077.jpg,2,1687817118,65.62249709997559,600,True,100,0.9542777777777778,0.9344444444444445,0,274,296,0.4807017543859649,0.0
IMG_0041|r3,IMG_0041,21077.jpg,3,1728159174,64.36572120001074,600,True,100,0.9448055555555556,0.9672222222222223,0,278,292,0.48771929824561405,0.0
IMG_0041|r4,IMG_0041,21077.jpg,4,636378110,65.58509050001157,600,True,98,0.9460462962962962,0.9692592592592592,0,275,295,0.4824561403508772,0.0
IMG_0041|r5,IMG_0041,21077.jpg,5,1993865755,64.93780519999564,600,True,100,0.9495092592592591,0.9112962962962964,0,282,288,0.49473684210526314,0.0033333333333333335
IMG_0042|r1,IMG_0042,216081.jpg,1,504068873,52.59715290000895,600,True,39,0.9119166666666665,0.907037037037037,0,285,285,0.5,0.0033333333333333335
IMG_0042|r2,IMG_0042,216081.jpg,2,532754164,53.176264599955175,600,True,64,0.9035277777777779,0.8385185185185184,0,285,285,0.5,0.01
IMG_0042|r3,IMG_0042,216081.jpg,3,1112498314,54.184048799972516,600,True,68,0.9335000000000002,0.9107407407407407,0,280,290,0.49122807017543857,0.02
IMG_0042|r4,IMG_0042,216081.jpg,4,578837120,61.02025479997974,600,True,100,0.9464629629629631,0.9574074074074074,0,300,270,0.5263157894736842,0.005
IMG_0042|r5,IMG_0042,216081.jpg,5,1693056366,54.75001150002936,600,True,63,0.914398148148148,0.9396296296296297,0,275,295,0.4824561403508772,0.0
IMG_0043|r1,IMG_0043,219090.jpg,1,226559010,64.42229219997535,600,True,100,0.9506944444444443,0.9325925925925928,0,296,274,0.519298245614035,0.0016666666666666668
IMG_0043|r2,IMG_0043,219090.jpg,2,1619364559,61.56595680001192,600,True,100,0.9540555555555554,0.9320370370370371,0,292,278,0.512280701754386,0.0033333333333333335
IMG_0043|r3,IMG_0043,219090.jpg,3,2096933757,64.03051359998062,600,True,99,0.9521944444444441,0.965185185185185,0,286,284,0.5017543859649123,0.0
IMG_0043|r4,IMG_0043,219090.jpg,4,81081968,64.65172239998356,600,True,100,0.9461296296296295,0.9255555555555555,0,284,286,0.4982456140350877,0.0
IMG_0043|r5,IMG_0043,219090.jpg,5,796524554,120.75752510002349,600,True,100,0.9446018518518517,0.9268518518518519,0,274,296,0.4807017543859649,0.0
IMG_0044|r1,IMG_0044,220075.jpg,1,2120495481,129.62906569999177,600,True,100,0.9420092592592593,0.916111111111111,0,267,303,0.46842105263157896,0.0016666666666666668
IMG_0044|r2,IMG_0044,220075.jpg,2,300079874,104.03162069997052,600,True,81,0.9360833333333332,0.9187037037037037,0,265,305,0.4649122807017544,0.0
IMG_0044|r3,IMG_0044,220075.jpg,3,9735699,93.50770580000244,600,True,72,0.9248888888888889,0.9112962962962964,0,280,290,0.49122807017543857,0.0016666666666666668
IMG_0044|r4,IMG_0044,220075.jpg,4,772382063,114.05996250000317,600,True,83,0.9322962962962962,0.8833333333333333,0,276,294,0.4842105263157895,0.0016666666666666668
IMG_0044|r5,IMG_0044,220075.jpg,5,1491685379,84.71020470000803,600,True,77,0.9383981481481483,0.9320370370370371,0,279,291,0.48947368421052634,0.0016666666666666668
IMG_0045|r1,IMG_0045,223061.jpg,1,577105944,64.98884830001043,600,True,72,0.9324999999999999,0.9416666666666668,0,270,300,0.47368421052631576,0.0016666666666666668
IMG_0045|r2,IMG_0045,223061.jpg,2,1726347762,110.50563339999644,600,True,93,0.9349999999999999,0.9533333333333335,0,267,303,0.46842105263157896,0.0016666666666666668
IMG_0045|r3,IMG_0045,223061.jpg,3,407533602,94.25290659995517,600,True,85,0.9254166666666668,0.9085185185185184,0,285,285,0.5,0.0
IMG_0045|r4,IMG_0045,223061.jpg,4,1356618048,104.5726153999567,600,True,88,0.9322962962962963,0.8842592592592592,0,278,292,0.48771929824561405,0.0033333333333333335
IMG_0045|r5,IMG_0045,223061.jpg,5,2017062541,90.1710753000225,600,True,76,0.9277962962962961,0.909074074074074,0,282,288,0.49473684210526314,0.0033333333333333335
IMG_0046|r1,IMG_0046,227092.jpg,1,1229661843,111.90450529998634,600,True,100,0.9435185185185185,0.9477777777777776,0,269,301,0.47192982456140353,0.0
IMG_0046|r2,IMG_0046,227092.jpg,2,1754676251,117.45267159998184,600,True,100,0.9429166666666665,0.9244444444444445,0,276,294,0.4842105263157895,0.0016666666666666668
IMG_0046|r3,IMG_0046,227092.jpg,3,380350418,142.45177719998173,600,True,100,0.9447129629629627,0.9618518518518518,0,282,288,0.49473684210526314,0.0
IMG_0046|r4,IMG_0046,227092.jpg,4,852786161,121.40863590000663,600,True,100,0.9504907407407407,0.9096296296296297,0,276,294,0.4842105263157895,0.0
IMG_0046|r5,IMG_0046,227092.jpg,5,1626603625,154.66525020002155,600,True,100,0.9526018518518518,0.9390740740740741,0,279,291,0.48947368421052634,0.005
IMG_0047|r1,IMG_0047,229036.jpg,1,1359076955,163.93603410001379,600,True,97,0.9491944444444445,0.9707407407407408,0,266,304,0.4666666666666667,0.0
IMG_0047|r2,IMG_0047,229036.jpg,2,931058782,155.7328294000472,600,True,100,0.9536944444444446,0.9464814814814814,0,289,281,0.5070175438596491,0.0
IMG_0047|r3,IMG_0047,229036.jpg,3,1018600145,132.6702276999713,600,True,100,0.9338240740740739,0.9116666666666667,0,284,286,0.4982456140350877,0.0
IMG_0047|r4,IMG_0047,229036.jpg,4,1623539416,146.8164944999735,600,True,100,0.9419351851851852,0.9548148148148149,0,274,296,0.4807017543859649,0.0
IMG_0047|r5,IMG_0047,229036.jpg,5,622087549,129.62298649997683,600,True,100,0.945361111111111,0.8775925925925926,0,265,305,0.4649122807017544,0.0033333333333333335
IMG_0048|r1,IMG_0048,236037.jpg,1,812088126,117.35574309999356,600,True,100,0.9423148148148147,0.9048148148148147,0,270,300,0.47368421052631576,0.005
IMG_0048|r2,IMG_0048,236037.jpg,2,1039738604,159.05412240000442,600,True,100,0.9402777777777777,0.9496296296296297,0,266,304,0.4666666666666667,0.0016666666666666668
IMG_0048|r3,IMG_0048,236037.jpg,3,1064576593,121.7349654000136,600,True,100,0.9517685185185185,0.9685185185185184,0,294,276,0.5157894736842106,0.0016666666666666668
IMG_0048|r4,IMG_0048,236037.jpg,4,539519674,134.3758225000347,600,True,100,0.9487962962962964,0.9472222222222223,0,287,283,0.5035087719298246,0.0
IMG_0048|r5,IMG_0048,236037.jpg,5,1464484938,154.2399837000412,600,True,100,0.9541203703703702,0.9411111111111111,0,267,303,0.46842105263157896,0.0
IMG_0049|r1,IMG_0049,24077.jpg,1,1250658350,114.60554069996579,600,True,80,0.9466111111111111,0.9027777777777778,0,266,304,0.4666666666666667,0.0
IMG_0049|r2,IMG_0049,24077.jpg,2,220777829,122.38605299999472,600,True,68,0.9240833333333333,0.9103703703703704,0,277,293,0.48596491228070177,0.0016666666666666668
IMG_0049|r3,IMG_0049,24077.jpg,3,929707967,130.5055577000021,600,True,50,0.9171018518518519,0.899074074074074,0,279,291,0.48947368421052634,0.008333333333333333
IMG_0049|r4,IMG_0049,24077.jpg,4,1530296456,111.65003000001889,600,True,57,0.9502037037037038,0.9196296296296297,0,281,289,0.49298245614035086,0.0033333333333333335
IMG_0049|r5,IMG_0049,24077.jpg,5,1513109876,132.1958644000115,600,True,100,0.9477685185185185,0.9551851851851851,0,275,295,0.4824561403508772,0.0
IMG_0050|r1,IMG_0050,241004.jpg,1,1163958040,120.21476579998853,600,True,88,0.9553425925925925,0.9211111111111112,0,301,269,0.5280701754385965,0.0033333333333333335
IMG_0050|r2,IMG_0050,241004.jpg,2,744244302,111.69420560001163,600,True,85,0.945787037037037,0.8961111111111112,0,301,269,0.5280701754385965,0.0016666666666666668
IMG_0050|r3,IMG_0050,241004.jpg,3,651340679,107.01551729999483,600,True,50,0.9469074074074074,0.9122222222222223,0,276,294,0.4842105263157895,0.0
IMG_0050|r4,IMG_0050,241004.jpg,4,2049245053,96.0212496999884,600,True,84,0.9318796296296297,0.8981481481481483,0,288,282,0.5052631578947369,0.0
IMG_0050|r5,IMG_0050,241004.jpg,5,1542544172,118.47794930002419,600,True,85,0.9333611111111111,0.9320370370370371,0,268,302,0.47017543859649125,0.0016666666666666668
IMG_0051|r1,IMG_0051,241048.jpg,1,1497886966,111.23895059997449,600,True,45,0.9324351851851851,0.8694444444444445,0,253,317,0.443859649122807,0.0016666666666666668
IMG_0051|r2,IMG_0051,241048.jpg,2,1587799988,132.19640930002788,600,True,76,0.9504444444444445,0.9468518518518518,0,277,293,0.48596491228070177,0.008333333333333333
IMG_0051|r3,IMG_0051,241048.jpg,3,1555527013,103.38305460003903,600,True,25,0.8810833333333333,0.8249999999999998,0,281,289,0.49298245614035086,0.01
IMG_0051|r4,IMG_0051,241048.jpg,4,2036581998,103.09694660000969,600,True,81,0.937111111111111,0.9287037037037038,0,289,281,0.5070175438596491,0.0016666666666666668
IMG_0051|r5,IMG_0051,241048.jpg,5,1689018028,97.10635580000235,600,True,81,0.943675925925926,0.8844444444444445,0,292,278,0.512280701754386,0.0016666666666666668
IMG_0052|r1,IMG_0052,253027.jpg,1,689851294,132.70464309997624,600,True,100,0.9489907407407406,0.8905555555555554,0,270,300,0.47368421052631576,0.0016666666666666668
IMG_0052|r2,IMG_0052,253027.jpg,2,508514054,109.36863089998951,600,True,100,0.9221851851851852,0.8338888888888888,0,265,305,0.4649122807017544,0.0016666666666666668
IMG_0052|r3,IMG_0052,253027.jpg,3,1044890123,139.15492949995678,600,True,100,0.9210000000000003,0.8814814814814814,0,285,285,0.5,0.0016666666666666668
IMG_0052|r4,IMG_0052,253027.jpg,4,565649100,137.19219289999455,600,True,100,0.9333796296296295,0.9025925925925926,0,292,278,0.512280701754386,0.0
IMG_0052|r5,IMG_0052,253027.jpg,5,1911035895,134.89016920002177,600,True,100,0.9502314814814816,0.9562962962962963,0,279,291,0.48947368421052634,0.0
IMG_0053|r1,IMG_0053,253055.jpg,1,1805793249,96.46662969997851,600,True,27,0.9221481481481482,0.907037037037037,0,269,301,0.47192982456140353,0.008333333333333333
IMG_0053|r2,IMG_0053,253055.jpg,2,773783618,89.89541759999702,600,True,32,0.9041203703703704,0.8244444444444445,0,265,305,0.4649122807017544,0.005
IMG_0053|r3,IMG_0053,253055.jpg,3,199538068,98.20652230002452,600,True,48,0.9305370370370369,0.8485185185185186,0,258,312,0.45263157894736844,0.0033333333333333335
IMG_0053|r4,IMG_0053,253055.jpg,4,1945572922,115.8869102000026,600,True,37,0.9126574074074076,0.8662962962962965,0,274,296,0.4807017543859649,0.005
IMG_0053|r5,IMG_0053,253055.jpg,5,1516257976,109.1627434999682,600,True,37,0.9327037037037037,0.945925925925926,0,261,309,0.45789473684210524,0.0016666666666666668
IMG_0054|r1,IMG_0054,260058.jpg,1,1638710553,102.68702479999047,600,True,100,0.9547314814814815,0.967962962962963,0,286,284,0.5017543859649123,0.0016666666666666668
IMG_0054|r2,IMG_0054,260058.jpg,2,700732480,137.61344430001918,600,True,100,0.9319814814814815,0.8846296296296297,0,246,324,0.43157894736842106,0.0
IMG_0054|r3,IMG_0054,260058.jpg,3,1681051167,125.50742719997652,600,True,98,0.9368425925925925,0.9277777777777777,0,280,290,0.49122807017543857,0.0016666666666666668
IMG_0054|r4,IMG_0054,260058.jpg,4,179331966,125.12413059995743,600,True,95,0.951277777777778,0.9029629629629629,0,267,303,0.46842105263157896,0.0016666666666666668
IMG_0054|r5,IMG_0054,260058.jpg,5,889898930,142.52139240002725,600,True,100,0.9444537037037037,0.9174074074074073,0,293,277,0.5140350877192983,0.0016666666666666668
IMG_0055|r1,IMG_0055,271035.jpg,1,1035428105,138.11198410001816,600,True,100,0.9423703703703705,0.9033333333333333,0,292,278,0.512280701754386,0.0
IMG_0055|r2,IMG_0055,271035.jpg,2,508300063,141.0501267000218,600,True,100,0.9499444444444443,0.9716666666666666,0,293,277,0.5140350877192983,0.0016666666666666668
IMG_0055|r3,IMG_0055,271035.jpg,3,1294826769,135.446322600008,600,True,100,0.9389537037037036,0.8877777777777777,0,285,285,0.5,0.011666666666666667
IMG_0055|r4,IMG_0055,271035.jpg,4,481755093,136.3711847999948,600,True,100,0.9476111111111111,0.9614814814814815,0,282,288,0.49473684210526314,0.0
IMG_0055|r5,IMG_0055,271035.jpg,5,883060855,149.31585040001664,600,True,100,0.9436666666666668,0.9438888888888887,0,262,308,0.45964912280701753,0.0
IMG_0056|r1,IMG_0056,285079.jpg,1,1725882156,99.66208440001355,600,True,29,0.9266296296296297,0.9172222222222222,0,287,283,0.5035087719298246,0.0
IMG_0056|r2,IMG_0056,285079.jpg,2,565109014,102.75680670002475,600,True,85,0.9242685185185187,0.9244444444444445,0,248,322,0.43508771929824563,0.0
IMG_0056|r3,IMG_0056,285079.jpg,3,2089658143,110.22099900001194,600,True,27,0.9346574074074075,0.9074074074074074,0,284,286,0.4982456140350877,0.0
IMG_0056|r4,IMG_0056,285079.jpg,4,445344338,105.37857639999129,600,True,67,0.936425925925926,0.9262962962962963,0,274,296,0.4807017543859649,0.0016666666666666668
IMG_0056|r5,IMG_0056,285079.jpg,5,1989002804,110.76702559995465,600,True,47,0.9406944444444445,0.9396296296296297,0,286,284,0.5017543859649123,0.0
IMG_0057|r1,IMG_0057,291000.jpg,1,19721768,128.03595689998474,600,True,100,0.9441574074074074,0.9227777777777778,0,281,289,0.49298245614035086,0.0033333333333333335
IMG_0057|r2,IMG_0057,291000.jpg,2,1616257654,124.72749700001441,600,True,100,0.9502407407407407,0.9318518518518518,0,292,278,0.512280701754386,0.0016666666666666668
IMG_0057|r3,IMG_0057,291000.jpg,3,886064040,137.63478020002367,600,True,100,0.9222685185185184,0.9231481481481482,0,266,304,0.4666666666666667,0.0033333333333333335
IMG_0057|r4,IMG_0057,291000.jpg,4,1765147188,109.4112504000077,600,True,100,0.9475092592592592,0.9346296296296295,0,285,285,0.5,0.0016666666666666668
IMG_0057|r5,IMG_0057,291000.jpg,5,72511801,101.91792679997161,600,True,100,0.9462222222222222,0.9301851851851852,0,270,300,0.47368421052631576,0.0
IMG_0058|r1,IMG_0058,295087.jpg,1,881557802,94.74518700002227,600,True,75,0.9396296296296297,0.9288888888888889,0,289,281,0.5070175438596491,0.0016666666666666668
IMG_0058|r2,IMG_0058,295087.jpg,2,979297043,90.45407239999622,600,True,74,0.934138888888889,0.9246296296296297,0,279,291,0.48947368421052634,0.0016666666666666668
IMG_0058|r3,IMG_0058,295087.jpg,3,1458550741,103.44771159999073,600,True,58,0.9025370370370369,0.89,0,280,290,0.49122807017543857,0.0016666666666666668
IMG_0058|r4,IMG_0058,295087.jpg,4,1214953813,99.46030670002801,600,True,100,0.9494259259259257,0.9525925925925925,0,290,280,0.5087719298245614,0.0016666666666666668
IMG_0058|r5,IMG_0058,295087.jpg,5,1015891205,107.67014910001308,600,True,62,0.9262500000000001,0.9107407407407407,0,263,307,0.4614035087719298,0.0016666666666666668
IMG_0059|r1,IMG_0059,296007.jpg,1,1952303297,128.78723780001746,600,True,100,0.9527314814814813,0.9388888888888888,0,260,310,0.45614035087719296,0.0
IMG_0059|r2,IMG_0059,296007.jpg,2,743365699,87.07784440001706,600,True,83,0.9479907407407406,0.9464814814814814,0,280,290,0.49122807017543857,0.0016666666666666668
IMG_0059|r3,IMG_0059,296007.jpg,3,1383405143,81.8137419000268,600,True,95,0.9510555555555555,0.9351851851851851,0,271,299,0.47543859649122805,0.0016666666666666668
IMG_0059|r4,IMG_0059,296007.jpg,4,965238699,110.7716778999893,600,True,82,0.9341018518518519,0.8912962962962964,0,296,274,0.519298245614035,0.0016666666666666668
IMG_0059|r5,IMG_0059,296007.jpg,5,398112641,121.87645750003867,600,True,100,0.9454166666666666,0.9422222222222221,0,253,317,0.443859649122807,0.0016666666666666668
IMG_0060|r1,IMG_0060,296059.jpg,1,1074145060,130.72540350002237,600,True,99,0.9425462962962964,0.9483333333333334,0,270,300,0.47368421052631576,0.0016666666666666668
IMG_0060|r2,IMG_0060,296059.jpg,2,483963205,122.81997799995588,600,True,100,0.9308055555555554,0.9127777777777778,0,270,300,0.47368421052631576,0.0
IMG_0060|r3,IMG_0060,296059.jpg,3,36701289,125.4081154000014,600,True,100,0.9495833333333333,0.950925925925926,0,272,298,0.47719298245614034,0.0
IMG_0060|r4,IMG_0060,296059.jpg,4,1021787651,115.72821869998006,600,True,100,0.9375925925925926,0.9464814814814814,0,279,291,0.48947368421052634,0.0016666666666666668
IMG_0060|r5,IMG_0060,296059.jpg,5,1069145180,103.9795565000386,600,True,100,0.9526111111111112,0.9329629629629629,0,304,266,0.5333333333333333,0.0033333333333333335
IMG_0061|r1,IMG_0061,299086.jpg,1,1960003962,125.46092440001667,600,True,100,0.9556203703703705,0.9425925925925925,0,272,298,0.47719298245614034,0.0
IMG_0061|r2,IMG_0061,299086.jpg,2,2051191591,159.48971910000546,600,True,99,0.9289444444444444,0.907962962962963,0,287,283,0.5035087719298246,0.0033333333333333335
IMG_0061|r3,IMG_0061,299086.jpg,3,967802884,180.69764560001204,600,True,100,0.9527129629629629,0.8962962962962964,0,299,271,0.5245614035087719,0.006666666666666667
IMG_0061|r4,IMG_0061,299086.jpg,4,1001690988,181.02409230003832,600,True,100,0.9364907407407406,0.9388888888888888,0,274,296,0.4807017543859649,0.0016666666666666668
IMG_0061|r5,IMG_0061,299086.jpg,5,913029626,159.60835090000182,600,True,100,0.9438796296296299,0.9270370370370372,0,273,297,0.4789473684210526,0.0016666666666666668
IMG_0062|r1,IMG_0062,300091.jpg,1,725806766,135.96782899997197,600,True,75,0.9429166666666667,0.9325925925925925,0,276,294,0.4842105263157895,0.0016666666666666668
IMG_0062|r2,IMG_0062,300091.jpg,2,259256023,143.84868090000236,600,True,74,0.9101203703703703,0.9344444444444444,0,283,287,0.4964912280701754,0.0033333333333333335
IMG_0062|r3,IMG_0062,300091.jpg,3,661971551,137.02669369999785,600,True,50,0.9266296296296297,0.9209259259259258,0,274,296,0.4807017543859649,0.0033333333333333335
IMG_0062|r4,IMG_0062,300091.jpg,4,784746732,130.84648460004246,600,True,62,0.9385648148148148,0.9275925925925925,0,278,292,0.48771929824561405,0.0016666666666666668
IMG_0062|r5,IMG_0062,300091.jpg,5,1445493457,103.48386229999596,600,True,46,0.9495462962962964,0.932962962962963,0,303,267,0.531578947368421,0.0016666666666666668
IMG_0063|r1,IMG_0063,302008.jpg,1,694085452,124.49238850001711,600,True,13,0.8839907407407406,0.8031481481481482,0,273,297,0.4789473684210526,0.0016666666666666668
IMG_0063|r2,IMG_0063,302008.jpg,2,1426485997,130.8254904000205,600,True,18,0.8702962962962962,0.8577777777777778,0,293,277,0.5140350877192983,0.0
IMG_0063|r3,IMG_0063,302008.jpg,3,1036195625,123.04177840001648,600,True,41,0.9226388888888888,0.8722222222222222,0,260,310,0.45614035087719296,0.005
IMG_0063|r4,IMG_0063,302008.jpg,4,900722986,124.2310637999908,600,True,16,0.908787037037037,0.8362962962962963,0,290,280,0.5087719298245614,0.0033333333333333335
IMG_0063|r5,IMG_0063,302008.jpg,5,716112252,133.3372922000126,600,True,22,0.8650185185185185,0.7866666666666666,0,292,278,0.512280701754386,0.0
IMG_0064|r1,IMG_0064,304034.jpg,1,804525945,181.57260759995552,600,True,100,0.9497500000000001,0.918148148148148,0,262,308,0.45964912280701753,0.0
IMG_0064|r2,IMG_0064,304034.jpg,2,90020761,174.4236552999937,600,True,100,0.9383148148148148,0.9305555555555555,0,279,291,0.48947368421052634,0.0
IMG_0064|r3,IMG_0064,304034.jpg,3,65035254,154.72836769995047,600,True,100,0.9518981481481482,0.9496296296296296,0,282,288,0.49473684210526314,0.0033333333333333335
IMG_0064|r4,IMG_0064,304034.jpg,4,2050988808,172.2304232000024,600,True,100,0.9560555555555557,0.945925925925926,0,271,299,0.47543859649122805,0.0033333333333333335
IMG_0064|r5,IMG_0064,304034.jpg,5,625034262,176.92501599999378,600,True,99,0.9461944444444443,0.9477777777777777,0,280,290,0.49122807017543857,0.0016666666666666668
IMG_0065|r1,IMG_0065,304074.jpg,1,1961625466,161.97435079998104,600,True,100,0.9487037037037036,0.9583333333333334,0,261,309,0.45789473684210524,0.0
IMG_0065|r2,IMG_0065,304074.jpg,2,1640295920,184.8157223999733,600,True,100,0.9530462962962961,0.9122222222222223,0,271,299,0.47543859649122805,0.006666666666666667
IMG_0065|r3,IMG_0065,304074.jpg,3,503044520,147.89323379995767,600,True,84,0.938287037037037,0.962037037037037,0,265,305,0.4649122807017544,0.0
IMG_0065|r4,IMG_0065,304074.jpg,4,1994546477,167.31673189997673,600,True,100,0.9405092592592592,0.8974074074074073,0,263,307,0.4614035087719298,0.0
IMG_0065|r5,IMG_0065,304074.jpg,5,848106077,168.86504000000423,600,True,100,0.9514166666666666,0.958888888888889,0,302,268,0.5298245614035088,0.006666666666666667
IMG_0066|r1,IMG_0066,306005.jpg,1,1788307043,119.77115250000497,600,True,43,0.9389074074074074,0.8942592592592593,0,278,292,0.48771929824561405,0.005
IMG_0066|r2,IMG_0066,306005.jpg,2,480662392,118.56308039999567,600,True,32,0.9195740740740739,0.9444444444444443,0,291,279,0.5105263157894737,0.0016666666666666668
IMG_0066|r3,IMG_0066,306005.jpg,3,478327093,139.51458119996823,600,True,42,0.9269629629629629,0.9348148148148147,0,285,285,0.5,0.005
IMG_0066|r4,IMG_0066,306005.jpg,4,839730439,129.74266539997188,600,True,51,0.9278148148148148,0.9399999999999998,0,292,278,0.512280701754386,0.0
IMG_0066|r5,IMG_0066,306005.jpg,5,770606666,90.97664680000162,600,True,64,0.9382037037037037,0.8955555555555555,0,266,304,0.4666666666666667,0.0016666666666666668
IMG_0067|r1,IMG_0067,3096.jpg,1,1990138881,100.25680680002552,600,True,100,0.9418148148148149,0.8411111111111111,0,270,300,0.47368421052631576,0.0016666666666666668
IMG_0067|r2,IMG_0067,3096.jpg,2,2119757158,140.10208829998737,600,True,100,0.9444166666666666,0.8987037037037037,0,265,305,0.4649122807017544,0.0
IMG_0067|r3,IMG_0067,3096.jpg,3,2050135088,123.1980198000092,600,True,100,0.9482870370370369,0.9159259259259258,0,291,279,0.5105263157894737,0.0
IMG_0067|r4,IMG_0067,3096.jpg,4,1335277098,113.31662200001301,600,True,100,0.9523518518518518,0.9579629629629629,0,287,283,0.5035087719298246,0.0
IMG_0067|r5,IMG_0067,3096.jpg,5,1214978047,119.21918840002036,600,True,100,0.9514907407407407,0.927962962962963,0,271,299,0.47543859649122805,0.0
IMG_0068|r1,IMG_0068,33039.jpg,1,170767519,114.46803210000508,600,True,100,0.9421018518518517,0.9442592592592591,0,282,288,0.49473684210526314,0.0016666666666666668
IMG_0068|r2,IMG_0068,33039.jpg,2,998640736,124.42152779997559,600,True,100,0.9442870370370372,0.9274074074074073,0,267,303,0.46842105263157896,0.0016666666666666668
IMG_0068|r3,IMG_0068,33039.jpg,3,1416346393,114.44623209995916,600,True,100,0.9486296296296297,0.9531481481481481,0,278,292,0.48771929824561405,0.0
IMG_0068|r4,IMG_0068,33039.jpg,4,1575367705,111.55308220000006,600,True,100,0.9480000000000001,0.971111111111111,0,289,281,0.5070175438596491,0.0033333333333333335
IMG_0068|r5,IMG_0068,33039.jpg,5,825811396,116.59944769996218,600,True,100,0.9410185185185185,0.8774074074074075,0,269,301,0.47192982456140353,0.0
IMG_0069|r1,IMG_0069,351093.jpg,1,1244654454,94.48283340001944,600,True,88,0.9334814814814816,0.9207407407407407,0,271,299,0.47543859649122805,0.0033333333333333335
IMG_0069|r2,IMG_0069,351093.jpg,2,362476769,107.6944494000054,600,True,97,0.9300092592592593,0.897037037037037,0,269,301,0.47192982456140353,0.0016666666666666668
IMG_0069|r3,IMG_0069,351093.jpg,3,1292722148,98.31440430000657,600,True,74,0.9363518518518518,0.9337037037037037,0,313,257,0.5491228070175439,0.0016666666666666668
IMG_0069|r4,IMG_0069,351093.jpg,4,296293865,101.07837589998962,600,True,92,0.9477685185185185,0.9018518518518519,0,283,287,0.4964912280701754,0.0016666666666666668
IMG_0069|r5,IMG_0069,351093.jpg,5,993631635,107.63730200001737,600,True,100,0.9430277777777778,0.9503703703703703,0,278,292,0.48771929824561405,0.0033333333333333335
IMG_0070|r1,IMG_0070,361010.jpg,1,875764913,118.08013989997562,600,True,100,0.9497500000000001,0.9196296296296295,0,264,306,0.4631578947368421,0.005
IMG_0070|r2,IMG_0070,361010.jpg,2,1190885636,117.03319629997713,600,True,100,0.9499074074074075,0.9625925925925927,0,280,290,0.49122807017543857,0.0016666666666666668
IMG_0070|r3,IMG_0070,361010.jpg,3,2057061712,131.2958603000152,600,True,100,0.9473425925925929,0.9637037037037036,0,287,283,0.5035087719298246,0.0
IMG_0070|r4,IMG_0070,361010.jpg,4,345974893,117.222809400002,600,True,100,0.952925925925926,0.9701851851851852,0,279,291,0.48947368421052634,0.0016666666666666668
IMG_0070|r5,IMG_0070,361010.jpg,5,1628738528,107.07676219998393,600,True,100,0.9464444444444444,0.9283333333333332,0,270,300,0.47368421052631576,0.0016666666666666668
IMG_0071|r1,IMG_0071,37073.jpg,1,1250775536,112.27663979999488,600,True,100,0.9387499999999998,0.9477777777777779,0,287,283,0.5035087719298246,0.0016666666666666668
IMG_0071|r2,IMG_0071,37073.jpg,2,50565543,96.6679200999788,600,True,100,0.9405277777777779,0.9138888888888888,0,272,298,0.47719298245614034,0.0
IMG_0071|r3,IMG_0071,37073.jpg,3,1770925050,126.48833989998093,600,True,100,0.9476388888888889,0.8912962962962964,0,310,260,0.543859649122807,0.0016666666666666668
IMG_0071|r4,IMG_0071,37073.jpg,4,1079050970,123.70750650000991,600,True,100,0.9479351851851853,0.9257407407407406,0,274,296,0.4807017543859649,0.0016666666666666668
IMG_0071|r5,IMG_0071,37073.jpg,5,1677650891,119.73805089999223,600,True,100,0.9494814814814813,0.9257407407407406,0,279,291,0.48947368421052634,0.0016666666666666668
IMG_0072|r1,IMG_0072,376043.jpg,1,826319891,102.83860170003027,600,True,100,0.9490740740740741,0.9431481481481482,0,284,286,0.4982456140350877,0.0
IMG_0072|r2,IMG_0072,376043.jpg,2,1460414431,95.18756839999696,600,True,100,0.9354074074074074,0.9237037037037036,0,288,282,0.5052631578947369,0.0016666666666666668
IMG_0072|r3,IMG_0072,376043.jpg,3,1872220989,113.23245080001652,600,True,100,0.9468333333333332,0.8838888888888888,0,288,282,0.5052631578947369,0.0033333333333333335
IMG_0072|r4,IMG_0072,376043.jpg,4,1490798305,114.3254076000303,600,True,100,0.9463703703703704,0.9635185185185184,0,293,277,0.5140350877192983,0.0016666666666666668
IMG_0072|r5,IMG_0072,376043.jpg,5,363104131,108.53100670001004,600,True,100,0.9487777777777779,0.9320370370370371,0,276,294,0.4842105263157895,0.0
IMG_0073|r1,IMG_0073,38082.jpg,1,458777153,114.07940829999279,600,True,100,0.9541388888888888,0.935,0,272,298,0.47719298245614034,0.0016666666666666668
IMG_0073|r2,IMG_0073,38082.jpg,2,1031265846,108.75166980002541,600,True,100,0.9457314814814815,0.9527777777777778,0,290,280,0.5087719298245614,0.0
IMG_0073|r3,IMG_0073,38082.jpg,3,417147951,141.1876062999945,600,True,100,0.9462685185185183,0.9196296296296297,0,251,319,0.44035087719298244,0.0033333333333333335
IMG_0073|r4,IMG_0073,38082.jpg,4,145426871,172.91050519997953,600,True,100,0.9482685185185185,0.9637037037037036,0,267,303,0.46842105263157896,0.0
IMG_0073|r5,IMG_0073,38082.jpg,5,390501573,169.98391089995857,600,True,100,0.9443796296296296,0.9438888888888887,0,277,293,0.48596491228070177,0.0
IMG_0074|r1,IMG_0074,38092.jpg,1,1072505236,159.1523180999793,600,True,100,0.9424351851851853,0.9348148148148147,0,258,312,0.45263157894736844,0.0
IMG_0074|r2,IMG_0074,38092.jpg,2,1302771272,152.73988779995125,600,True,100,0.9379907407407406,0.9666666666666667,0,282,288,0.49473684210526314,0.0
IMG_0074|r3,IMG_0074,38092.jpg,3,1221829258,141.21999359998154,600,True,87,0.9528796296296296,0.9446296296296296,0,275,295,0.4824561403508772,0.0016666666666666668
IMG_0074|r4,IMG_0074,38092.jpg,4,1197804897,162.59755730000325,600,True,100,0.9475277777777779,0.947037037037037,0,276,294,0.4842105263157895,0.0033333333333333335
IMG_0074|r5,IMG_0074,38092.jpg,5,2001235387,151.88276080001378,600,True,100,0.9506018518518518,0.947962962962963,0,270,300,0.47368421052631576,0.0
IMG_0075|r1,IMG_0075,385039.jpg,1,1855205461,98.01478329999372,600,True,51,0.9136203703703704,0.8283333333333333,0,291,279,0.5105263157894737,0.0
IMG_0075|r2,IMG_0075,385039.jpg,2,994846175,163.1176470000064,600,True,100,0.9482407407407407,0.9424074074074075,0,283,287,0.4964912280701754,0.006666666666666667
IMG_0075|r3,IMG_0075,385039.jpg,3,1342123012,135.47412540001096,600,True,69,0.923361111111111,0.9303703703703704,0,264,306,0.4631578947368421,0.0
IMG_0075|r4,IMG_0075,385039.jpg,4,1570890139,160.5950144000235,600,True,100,0.9413888888888888,0.937037037037037,0,275,295,0.4824561403508772,0.008333333333333333
IMG_0075|r5,IMG_0075,385039.jpg,5,1193362190,136.73331689997576,600,True,88,0.9330185185185185,0.9138888888888889,0,274,296,0.4807017543859649,0.0
IMG_0076|r1,IMG_0076,41033.jpg,1,1474917964,155.7612294999999,600,True,98,0.936787037037037,0.9487037037037037,0,291,279,0.5105263157894737,0.0
IMG_0076|r2,IMG_0076,41033.jpg,2,1727218002,160.440209399967,600,True,100,0.9574444444444443,0.9616666666666666,0,297,273,0.5210526315789473,0.0
IMG_0076|r3,IMG_0076,41033.jpg,3,1426466474,131.27324250002857,600,True,67,0.9277037037037038,0.8931481481481481,0,279,291,0.48947368421052634,0.0
IMG_0076|r4,IMG_0076,41033.jpg,4,917915738,153.5880963000236,600,True,100,0.9259999999999998,0.9161111111111112,0,274,296,0.4807017543859649,0.005
IMG_0076|r5,IMG_0076,41033.jpg,5,137933690,156.4211806000094,600,True,100,0.9548703703703703,0.9359259259259259,0,286,284,0.5017543859649123,0.0
IMG_0077|r1,IMG_0077,41069.jpg,1,426230372,178.83209350000834,600,True,100,0.9467499999999998,0.9312962962962962,0,278,292,0.48771929824561405,0.0016666666666666668
IMG_0077|r2,IMG_0077,41069.jpg,2,1771873025,167.4917869999772,600,True,100,0.9415925925925925,0.9168518518518519,0,285,285,0.5,0.0033333333333333335
IMG_0077|r3,IMG_0077,41069.jpg,3,286531486,181.1876567999716,600,True,100,0.9407037037037037,0.8768518518518519,0,286,284,0.5017543859649123,0.0
IMG_0077|r4,IMG_0077,41069.jpg,4,197664963,161.38925280002877,600,True,100,0.9474259259259259,0.9353703703703703,0,282,288,0.49473684210526314,0.0016666666666666668
IMG_0077|r5,IMG_0077,41069.jpg,5,119503532,180.71636949997628,600,True,100,0.951675925925926,0.9412962962962963,0,307,263,0.5385964912280702,0.0
IMG_0078|r1,IMG_0078,42012.jpg,1,217493235,131.9489370000083,600,True,73,0.9388796296296297,0.9029629629629629,0,255,315,0.4473684210526316,0.006666666666666667
IMG_0078|r2,IMG_0078,42012.jpg,2,1631298761,135.0238410999882,600,True,73,0.9039444444444443,0.8527777777777777,0,286,284,0.5017543859649123,0.005
IMG_0078|r3,IMG_0078,42012.jpg,3,1645439944,172.50478570000269,600,True,100,0.9431759259259257,0.9140740740740739,0,262,308,0.45964912280701753,0.005
IMG_0078|r4,IMG_0078,42012.jpg,4,887588536,128.7673872000305,600,True,100,0.9352407407407407,0.927962962962963,0,270,300,0.47368421052631576,0.005
IMG_0078|r5,IMG_0078,42012.jpg,5,1763040012,128.80877289996715,600,True,96,0.9420462962962961,0.9346296296296296,0,294,276,0.5157894736842106,0.005
IMG_0079|r1,IMG_0079,42049.jpg,1,1943709866,104.38369089999469,600,True,64,0.9506574074074076,0.937037037037037,0,303,267,0.531578947368421,0.0
IMG_0079|r2,IMG_0079,42049.jpg,2,1981849409,84.83430749998661,600,True,30,0.9202037037037037,0.9194444444444444,0,276,294,0.4842105263157895,0.0033333333333333335
IMG_0079|r3,IMG_0079,42049.jpg,3,1184796163,90.1824150000466,600,True,33,0.9108518518518519,0.922037037037037,0,272,298,0.47719298245614034,0.0
IMG_0079|r4,IMG_0079,42049.jpg,4,850139104,98.01888760004658,600,True,54,0.9260740740740742,0.9364814814814814,0,281,289,0.49298245614035086,0.0
IMG_0079|r5,IMG_0079,42049.jpg,5,1741194286,86.85256129998015,600,True,68,0.9462685185185185,0.9507407407407408,0,282,288,0.49473684210526314,0.0
IMG_0080|r1,IMG_0080,43074.jpg,1,124388207,101.76973830000497,600,True,64,0.9309259259259257,0.9387037037037036,0,274,296,0.4807017543859649,0.0
IMG_0080|r2,IMG_0080,43074.jpg,2,653117911,112.2193843999994,600,True,73,0.9407685185185185,0.9216666666666665,0,292,278,0.512280701754386,0.01
IMG_0080|r3,IMG_0080,43074.jpg,3,1174843494,88.77557440003147,600,True,41,0.9306666666666669,0.9362962962962964,0,277,293,0.48596491228070177,0.006666666666666667
IMG_0080|r4,IMG_0080,43074.jpg,4,1412624516,63.20250269997632,600,True,67,0.9336481481481481,0.8922222222222222,0,280,290,0.49122807017543857,0.008333333333333333
IMG_0080|r5,IMG_0080,43074.jpg,5,2057868165,51.690105400048196,600,True,50,0.9365555555555556,0.929074074074074,0,269,301,0.47192982456140353,0.0
IMG_0081|r1,IMG_0081,45096.jpg,1,1660807643,49.35084949998418,600,True,49,0.9363796296296295,0.9057407407407408,0,275,295,0.4824561403508772,0.0
IMG_0081|r2,IMG_0081,45096.jpg,2,997111984,49.39989840000635,600,True,42,0.9433888888888887,0.937962962962963,0,289,281,0.5070175438596491,0.0
IMG_0081|r3,IMG_0081,45096.jpg,3,703814940,49.87521229998674,600,True,45,0.9037407407407407,0.8801851851851853,0,290,280,0.5087719298245614,0.0016666666666666668
IMG_0081|r4,IMG_0081,45096.jpg,4,1802586498,49.16475910000736,600,True,33,0.9114814814814816,0.9049999999999999,0,274,296,0.4807017543859649,0.0
IMG_0081|r5,IMG_0081,45096.jpg,5,1873927433,47.18755799997598,600,True,18,0.874212962962963,0.7753703703703704,0,295,275,0.5175438596491229,0.018333333333333333
IMG_0082|r1,IMG_0082,54082.jpg,1,1607967352,62.777237899950705,600,True,100,0.9472870370370371,0.9340740740740742,0,286,284,0.5017543859649123,0.0016666666666666668
IMG_0082|r2,IMG_0082,54082.jpg,2,719601832,64.30530720000388,600,True,100,0.9396851851851851,0.937037037037037,0,283,287,0.4964912280701754,0.0
IMG_0082|r3,IMG_0082,54082.jpg,3,2128128611,63.81221569998888,600,True,100,0.9516388888888889,0.9570370370370371,0,274,296,0.4807017543859649,0.0
IMG_0082|r4,IMG_0082,54082.jpg,4,1730594035,62.67671180004254,600,True,100,0.948509259259259,0.937037037037037,0,288,282,0.5052631578947369,0.0
IMG_0082|r5,IMG_0082,54082.jpg,5,531352991,57.033969400043134,600,True,100,0.9518888888888888,0.9666666666666665,0,274,296,0.4807017543859649,0.0033333333333333335
IMG_0083|r1,IMG_0083,55073.jpg,1,1415709,53.30579440004658,600,True,67,0.92675,0.9318518518518518,0,291,279,0.5105263157894737,0.0016666666666666668
IMG_0083|r2,IMG_0083,55073.jpg,2,1995361487,50.416204099950846,600,True,42,0.9339259259259259,0.9205555555555556,0,265,305,0.4649122807017544,0.005
IMG_0083|r3,IMG_0083,55073.jpg,3,198626068,60.55576179997297,600,True,100,0.953037037037037,0.9390740740740741,0,294,276,0.5157894736842106,0.0033333333333333335
IMG_0083|r4,IMG_0083,55073.jpg,4,986451083,52.44672619999619,600,True,64,0.9270370370370369,0.9031481481481481,0,281,289,0.49298245614035086,0.0033333333333333335
IMG_0083|r5,IMG_0083,55073.jpg,5,1582067662,58.377642999985255,600,True,97,0.9402129629629629,0.8855555555555555,0,281,289,0.49298245614035086,0.0
IMG_0084|r1,IMG_0084,58060.jpg,1,376551517,72.58728430001065,600,True,28,0.9204722222222224,0.8105555555555556,0,278,292,0.48771929824561405,0.0016666666666666668
IMG_0084|r2,IMG_0084,58060.jpg,2,822676640,124.16206950001651,600,True,37,0.9234907407407407,0.9133333333333334,0,280,290,0.49122807017543857,0.0033333333333333335
IMG_0084|r3,IMG_0084,58060.jpg,3,514469133,105.36817520001205,600,True,22,0.9293333333333333,0.9196296296296295,0,302,268,0.5298245614035088,0.0016666666666666668
IMG_0084|r4,IMG_0084,58060.jpg,4,986642,133.0538552000071,600,True,64,0.9433703703703703,0.9337037037037037,0,278,292,0.48771929824561405,0.0
IMG_0084|r5,IMG_0084,58060.jpg,5,270307657,120.54288249998353,600,True,28,0.9367129629629629,0.8705555555555556,0,270,300,0.47368421052631576,0.0016666666666666668
IMG_0085|r1,IMG_0085,62096.jpg,1,909275598,112.91808500001207,600,True,26,0.9254907407407409,0.9320370370370371,0,268,302,0.47017543859649125,0.008333333333333333
IMG_0085|r2,IMG_0085,62096.jpg,2,1621326981,142.21851550001884,600,True,49,0.9373333333333334,0.9331481481481481,0,272,298,0.47719298245614034,0.0
IMG_0085|r3,IMG_0085,62096.jpg,3,1894760136,120.91817439999431,600,True,58,0.9379722222222222,0.9166666666666666,0,278,292,0.48771929824561405,0.0016666666666666668
IMG_0085|r4,IMG_0085,62096.jpg,4,2072253684,108.90937419998227,600,True,54,0.929537037037037,0.9107407407407407,0,285,285,0.5,0.0033333333333333335
IMG_0085|r5,IMG_0085,62096.jpg,5,952252727,114.71981109998887,600,True,24,0.9337129629629629,0.9207407407407407,0,282,288,0.49473684210526314,0.005
IMG_0086|r1,IMG_0086,65033.jpg,1,649949682,121.66052019997733,600,True,59,0.9329722222222221,0.9053703703703704,0,285,285,0.5,0.0
IMG_0086|r2,IMG_0086,65033.jpg,2,92163231,122.96384219999891,600,True,58,0.9043240740740741,0.917962962962963,0,274,296,0.4807017543859649,0.0
IMG_0086|r3,IMG_0086,65033.jpg,3,827675132,169.66059240000322,600,True,86,0.9368611111111113,0.9342592592592592,0,262,308,0.45964912280701753,0.0016666666666666668
IMG_0086|r4,IMG_0086,65033.jpg,4,1327085898,169.86384380003437,600,True,50,0.9266481481481479,0.9268518518518518,0,291,279,0.5105263157894737,0.0
IMG_0086|r5,IMG_0086,65033.jpg,5,39892389,158.44713819999015,600,True,48,0.8958611111111111,0.855,0,276,294,0.4842105263157895,0.008333333333333333
IMG_0087|r1,IMG_0087,66053.jpg,1,1036591446,153.24284870002884,600,True,86,0.935601851851852,0.9348148148148147,0,289,281,0.5070175438596491,0.0016666666666666668
IMG_0087|r2,IMG_0087,66053.jpg,2,1625157615,143.9335008999915,600,True,42,0.9336944444444445,0.878148148148148,0,291,279,0.5105263157894737,0.0
IMG_0087|r3,IMG_0087,66053.jpg,3,2088453501,122.91245969996089,600,True,46,0.9404074074074072,0.9498148148148148,0,295,275,0.5175438596491229,0.0
IMG_0087|r4,IMG_0087,66053.jpg,4,60158034,102.89202249998925,600,True,57,0.9316944444444444,0.9366666666666665,0,286,284,0.5017543859649123,0.005
IMG_0087|r5,IMG_0087,66053.jpg,5,1645242365,166.1676623999956,600,True,83,0.930537037037037,0.9298148148148148,0,290,280,0.5087719298245614,0.0
IMG_0088|r1,IMG_0088,69015.jpg,1,1489579095,161.60535720002372,600,True,68,0.9363425925925926,0.91,0,271,299,0.47543859649122805,0.0
IMG_0088|r2,IMG_0088,69015.jpg,2,1222089814,163.87509619997581,600,True,89,0.9467314814814817,0.937037037037037,0,279,291,0.48947368421052634,0.0
IMG_0088|r3,IMG_0088,69015.jpg,3,1275109017,158.32925210002577,600,True,65,0.9334074074074075,0.9320370370370371,0,279,291,0.48947368421052634,0.0016666666666666668
IMG_0088|r4,IMG_0088,69015.jpg,4,744295288,160.35797509999247,600,True,75,0.9307407407407409,0.9072222222222223,0,265,305,0.4649122807017544,0.0
IMG_0088|r5,IMG_0088,69015.jpg,5,1142500698,154.92666210001335,600,True,56,0.940935185185185,0.9187037037037037,0,276,294,0.4842105263157895,0.0
IMG_0089|r1,IMG_0089,69020.jpg,1,1997174511,184.5273709000321,600,True,100,0.9526574074074073,0.9398148148148149,0,279,291,0.48947368421052634,0.0
IMG_0089|r2,IMG_0089,69020.jpg,2,62260161,195.51677119999658,600,True,100,0.9559722222222222,0.9522222222222222,0,308,262,0.5403508771929825,0.0016666666666666668
IMG_0089|r3,IMG_0089,69020.jpg,3,1837736215,180.83063959999708,600,True,100,0.9490092592592593,0.9555555555555554,0,288,282,0.5052631578947369,0.0016666666666666668
IMG_0089|r4,IMG_0089,69020.jpg,4,1230473094,199.30629880004562,600,True,99,0.9525462962962964,0.8924074074074074,0,286,284,0.5017543859649123,0.0016666666666666668
IMG_0089|r5,IMG_0089,69020.jpg,5,1117462141,167.4989007000113,600,True,100,0.921564814814815,0.9205555555555556,0,294,276,0.5157894736842106,0.0
IMG_0090|r1,IMG_0090,69040.jpg,1,2078750867,169.62466549995588,600,True,100,0.9526574074074073,0.9349999999999999,0,282,288,0.49473684210526314,0.0
IMG_0090|r2,IMG_0090,69040.jpg,2,1023733814,162.4088308000355,600,True,100,0.9450462962962962,0.9001851851851853,0,299,271,0.5245614035087719,0.005
IMG_0090|r3,IMG_0090,69040.jpg,3,441060397,125.75918549997732,600,True,100,0.9494166666666667,0.9366666666666666,0,282,288,0.49473684210526314,0.005
IMG_0090|r4,IMG_0090,69040.jpg,4,850536414,137.26163219998125,600,True,100,0.9512962962962963,0.9338888888888889,0,277,293,0.48596491228070177,0.0033333333333333335
IMG_0090|r5,IMG_0090,69040.jpg,5,1390105985,164.18923229997745,600,True,100,0.9399166666666667,0.9066666666666667,0,266,304,0.4666666666666667,0.0
IMG_0091|r1,IMG_0091,76053.jpg,1,612761566,144.98295570001937,600,True,100,0.925277777777778,0.9094444444444445,0,263,307,0.4614035087719298,0.006666666666666667
IMG_0091|r2,IMG_0091,76053.jpg,2,288219600,149.98495750001166,600,True,100,0.9392870370370368,0.9092592592592593,0,301,269,0.5280701754385965,0.0
IMG_0091|r3,IMG_0091,76053.jpg,3,928042648,166.04267100000288,600,True,100,0.9429351851851854,0.9412962962962963,0,279,291,0.48947368421052634,0.0
IMG_0091|r4,IMG_0091,76053.jpg,4,909387922,162.29453080001986,600,True,100,0.9470092592592592,0.9290740740740739,0,285,285,0.5,0.0
IMG_0091|r5,IMG_0091,76053.jpg,5,921585328,172.78795630001696,600,True,100,0.9414259259259257,0.9024074074074075,0,248,322,0.43508771929824563,0.006666666666666667
IMG_0092|r1,IMG_0092,78004.jpg,1,1524444735,133.78935390000697,600,True,77,0.9278796296296296,0.8957407407407407,0,273,297,0.4789473684210526,0.0
IMG_0092|r2,IMG_0092,78004.jpg,2,412412347,155.3812617000076,600,True,97,0.9429722222222221,0.9135185185185186,0,261,309,0.45789473684210524,0.0016666666666666668
IMG_0092|r3,IMG_0092,78004.jpg,3,1281083311,131.24608269997407,600,True,53,0.9437037037037037,0.875,0,281,289,0.49298245614035086,0.0033333333333333335
IMG_0092|r4,IMG_0092,78004.jpg,4,548213989,151.96567940001842,600,True,99,0.9403240740740741,0.8557407407407407,0,281,289,0.49298245614035086,0.0016666666666666668
IMG_0092|r5,IMG_0092,78004.jpg,5,470116812,129.7804794999538,600,True,61,0.9259166666666665,0.8557407407407407,0,287,283,0.5035087719298246,0.0
IMG_0093|r1,IMG_0093,8023.jpg,1,180752581,164.94078330002958,600,True,100,0.9450092592592592,0.9466666666666668,0,263,307,0.4614035087719298,0.0
IMG_0093|r2,IMG_0093,8023.jpg,2,1445691331,154.6194056000095,600,True,99,0.945425925925926,0.9199999999999999,0,266,304,0.4666666666666667,0.0016666666666666668
IMG_0093|r3,IMG_0093,8023.jpg,3,1119393492,158.70553719997406,600,True,100,0.9505185185185183,0.9229629629629631,0,302,268,0.5298245614035088,0.0033333333333333335
IMG_0093|r4,IMG_0093,8023.jpg,4,1186482821,166.43968680000398,600,True,100,0.9463333333333335,0.9344444444444445,0,270,300,0.47368421052631576,0.0016666666666666668
IMG_0093|r5,IMG_0093,8023.jpg,5,493848557,165.74616470001638,600,True,100,0.9403518518518517,0.9351851851851851,0,271,299,0.47543859649122805,0.0033333333333333335
IMG_0094|r1,IMG_0094,85048.jpg,1,1678750584,140.16573940002127,600,True,75,0.9494259259259261,0.9107407407407407,0,279,291,0.48947368421052634,0.0016666666666666668
IMG_0094|r2,IMG_0094,85048.jpg,2,935163149,155.77723180002067,600,True,100,0.9520185185185186,0.9542592592592593,0,299,271,0.5245614035087719,0.0
IMG_0094|r3,IMG_0094,85048.jpg,3,648420827,153.49265789997298,600,True,100,0.9406481481481483,0.9335185185185185,0,281,289,0.49298245614035086,0.0033333333333333335
IMG_0094|r4,IMG_0094,85048.jpg,4,1381868114,163.92155759996967,600,True,100,0.9498796296296295,0.9362962962962963,0,267,303,0.46842105263157896,0.0016666666666666668
IMG_0094|r5,IMG_0094,85048.jpg,5,962125103,143.22494980000192,600,True,93,0.9470740740740741,0.9435185185185185,0,263,307,0.4614035087719298,0.006666666666666667
IMG_0095|r1,IMG_0095,86000.jpg,1,660836062,132.5157735000248,600,True,69,0.9366851851851854,0.9425925925925926,0,272,298,0.47719298245614034,0.0033333333333333335
IMG_0095|r2,IMG_0095,86000.jpg,2,238918005,130.691555300029,600,True,60,0.9335925925925924,0.8881481481481481,0,277,293,0.48596491228070177,0.0016666666666666668
IMG_0095|r3,IMG_0095,86000.jpg,3,381758418,110.0289488999988,600,True,100,0.9414074074074072,0.9577777777777777,0,262,308,0.45964912280701753,0.0
IMG_0095|r4,IMG_0095,86000.jpg,4,584647231,134.70880670001497,600,True,66,0.9411759259259259,0.9257407407407406,0,290,280,0.5087719298245614,0.0033333333333333335
IMG_0095|r5,IMG_0095,86000.jpg,5,557831477,137.62088669999503,600,True,82,0.9436481481481481,0.9312962962962964,0,274,296,0.4807017543859649,0.0033333333333333335
IMG_0096|r1,IMG_0096,86016.jpg,1,1842446568,138.01145320001524,600,True,98,0.9387037037037036,0.9348148148148147,0,269,301,0.47192982456140353,0.0016666666666666668
IMG_0096|r2,IMG_0096,86016.jpg,2,428532425,148.010578299989,600,True,100,0.9445555555555554,0.9488888888888889,0,275,295,0.4824561403508772,0.0033333333333333335
IMG_0096|r3,IMG_0096,86016.jpg,3,1513935501,144.2383172000409,600,True,91,0.929212962962963,0.8962962962962964,0,293,277,0.5140350877192983,0.0
IMG_0096|r4,IMG_0096,86016.jpg,4,2085347631,128.0804429000127,600,True,68,0.9198055555555555,0.8696296296296296,0,268,302,0.47017543859649125,0.018333333333333333
IMG_0096|r5,IMG_0096,86016.jpg,5,1473121970,177.34181620000163,600,True,100,0.9456296296296296,0.9583333333333334,0,270,300,0.47368421052631576,0.0
IMG_0097|r1,IMG_0097,86068.jpg,1,1929648471,169.54946730000665,600,True,100,0.9527592592592591,0.9433333333333332,0,272,298,0.47719298245614034,0.0
IMG_0097|r2,IMG_0097,86068.jpg,2,2080032555,176.49102570000105,600,True,100,0.9612222222222222,0.942037037037037,0,302,268,0.5298245614035088,0.006666666666666667
IMG_0097|r3,IMG_0097,86068.jpg,3,1807426351,166.9694565999671,600,True,100,0.9460555555555554,0.9362962962962963,0,278,292,0.48771929824561405,0.0
IMG_0097|r4,IMG_0097,86068.jpg,4,648906261,173.61491810000734,600,True,100,0.9514351851851852,0.9048148148148147,0,264,306,0.4631578947368421,0.0
IMG_0097|r5,IMG_0097,86068.jpg,5,1641233743,162.90284059999976,600,True,100,0.947685185185185,0.9511111111111111,0,285,285,0.5,0.005
IMG_0098|r1,IMG_0098,87046.jpg,1,1302888092,160.7274360000156,600,True,100,0.952462962962963,0.9270370370370369,0,287,283,0.5035087719298246,0.0
IMG_0098|r2,IMG_0098,87046.jpg,2,2066696763,166.73214699997334,600,True,100,0.9528703703703704,0.9483333333333333,0,297,273,0.5210526315789473,0.0016666666666666668
IMG_0098|r3,IMG_0098,87046.jpg,3,818480743,170.08051560004242,600,True,100,0.94425,0.934074074074074,0,281,289,0.49298245614035086,0.005
IMG_0098|r4,IMG_0098,87046.jpg,4,2101169805,166.31508560001384,600,True,100,0.9456111111111112,0.9500000000000001,0,298,272,0.5228070175438596,0.0016666666666666668
IMG_0098|r5,IMG_0098,87046.jpg,5,192211508,156.07998969999608,600,True,99,0.9547037037037036,0.9385185185185185,0,287,283,0.5035087719298246,0.0
IMG_0099|r1,IMG_0099,89072.jpg,1,1440031165,108.83396650000941,600,True,69,0.9271944444444445,0.8677777777777779,0,293,277,0.5140350877192983,0.005
IMG_0099|r2,IMG_0099,89072.jpg,2,1650981239,137.56873079994693,600,True,100,0.9479259259259261,0.9218518518518518,0,287,283,0.5035087719298246,0.0033333333333333335
IMG_0099|r3,IMG_0099,89072.jpg,3,303407051,137.5438866999466,600,True,67,0.9427037037037035,0.9524074074074074,0,282,288,0.49473684210526314,0.005
IMG_0099|r4,IMG_0099,89072.jpg,4,26282317,162.57858600001782,600,True,93,0.943925925925926,0.9564814814814815,0,304,266,0.5333333333333333,0.0016666666666666668
IMG_0099|r5,IMG_0099,89072.jpg,5,740316779,126.61154710000847,600,True,55,0.929462962962963,0.9142592592592592,0,275,295,0.4824561403508772,0.0
IMG_0100|r1,IMG_0100,97033.jpg,1,1858464197,130.31849609996425,600,True,43,0.9204444444444444,0.9377777777777778,0,298,272,0.5228070175438596,0.0
IMG_0100|r2,IMG_0100,97033.jpg,2,1000128131,147.86011039995356,600,True,100,0.9492314814814815,0.9477777777777779,0,271,299,0.47543859649122805,0.0
IMG_0100|r3,IMG_0100,97033.jpg,3,1918051194,133.30354479997186,600,True,69,0.937712962962963,0.9453703703703704,0,262,308,0.45964912280701753,0.0033333333333333335
IMG_0100|r4,IMG_0100,97033.jpg,4,1934395856,88.22060709999641,600,True,45,0.9342500000000001,0.8894444444444445,0,272,298,0.47719298245614034,0.0016666666666666668
IMG_0100|r5,IMG_0100,97033.jpg,5,252988704,152.15865830000257,600,True,100,0.9533611111111112,0.9027777777777778,0,268,302,0.47017543859649125,0.0
