algorithm,family,rate,median_delta_nmse,median_secret_nmse,median_psnr_db
BDA-EHHO-VC-Calibrated,bit_flip,0.05,0.049988342044416774,0.4279262122112643,3.686312088809835
BDA-EHHO-VC-Calibrated,bit_flip,0.1,0.0999896373728149,0.41648739015359326,3.8039818690051215
BDA-EHHO-VC-Calibrated,bit_flip,0.2,0.19992908077020222,0.39305729161392144,4.055441738488941
BDA-EHHO-VC-Calibrated,bit_flip,0.3,0.2999931995259098,0.36922969940206296,4.32703736987835
BDA-EHHO-VC-Calibrated,central_block,0.05,0.024926436141389348,0.4340861375522738,3.6242450227714107
BDA-EHHO-VC-Calibrated,central_block,0.1,0.04992465506484195,0.4274814906465565,3.6908296910504124
BDA-EHHO-VC-Calibrated,central_block,0.2,0.09985794565233816,0.41616759825687377,3.8073174378510473
BDA-EHHO-VC-Calibrated,central_block,0.3,0.14989756111251434,0.4043876706722054,3.932021025454858
BDA-EHHO-VC-Calibrated,crop_loss,0.05,0.024619335366998875,0.4346959114700493,3.618144764293063
BDA-EHHO-VC-Calibrated,crop_loss,0.1,0.049611077648460775,0.4296693125620892,3.668657019601482
BDA-EHHO-VC-Calibrated,crop_loss,0.2,0.10037014008976622,0.4161631976430023,3.8073640859303834
BDA-EHHO-VC-Calibrated,crop_loss,0.3,0.14981336476663576,0.40356685265685033,3.9408452254562323
BDA-EHHO-VC-Calibrated,pixel_dropout,0.05,0.0250187282897563,0.43418415820457446,3.6232603387913023
BDA-EHHO-VC-Calibrated,pixel_dropout,0.1,0.04999535840657332,0.42779662222461,3.6876277098201475
BDA-EHHO-VC-Calibrated,pixel_dropout,0.2,0.0999799224098289,0.41636011841964254,3.8053097790304515
BDA-EHHO-VC-Calibrated,pixel_dropout,0.3,0.15004328555730423,0.4055064208924873,3.9200226658542223
BDA-EHHO-VC-Calibrated,random_block,0.05,0.024929674462384675,0.4351650805944805,3.6134718166003172
BDA-EHHO-VC-Calibrated,random_block,0.1,0.049919797583348954,0.42913595919341374,3.674052447327025
BDA-EHHO-VC-Calibrated,random_block,0.2,0.09988924942195965,0.4163572670288275,3.8053605777540174
BDA-EHHO-VC-Calibrated,random_block,0.3,0.14990511719483673,0.4046222742169664,3.9295554731958813
BEHHO-VC-Calibrated,bit_flip,0.05,0.049988342044416774,0.43210741283233167,3.644082844167921
BEHHO-VC-Calibrated,bit_flip,0.1,0.0999896373728149,0.4197541981976437,3.7700502456909155
BEHHO-VC-Calibrated,bit_flip,0.2,0.19992908077020222,0.39376861326876955,4.047590500203567
BEHHO-VC-Calibrated,bit_flip,0.3,0.2999931995259098,0.3695663264593618,4.323084721498242
BEHHO-VC-Calibrated,central_block,0.05,0.024930214182550575,0.43851793584484455,3.5801264493638625
BEHHO-VC-Calibrated,central_block,0.1,0.049928433106003145,0.4326797992033146,3.6383338407986168
BEHHO-VC-Calibrated,central_block,0.2,0.0998735975371489,0.41808140007333705,3.78739171588352
BEHHO-VC-Calibrated,central_block,0.3,0.149889465310026,0.40541127043094294,3.9210425506189273
BEHHO-VC-Calibrated,crop_loss,0.05,0.0246279708896531,0.438655128901224,3.578769778349715
BEHHO-VC-Calibrated,crop_loss,0.1,0.04961593512995378,0.4330713421006514,3.6344059950175853
BEHHO-VC-Calibrated,crop_loss,0.2,0.10036852092926854,0.42072442528855764,3.760022821900429
BEHHO-VC-Calibrated,crop_loss,0.3,0.14981174560613808,0.4066634269512386,3.9076517436860483
BEHHO-VC-Calibrated,pixel_dropout,0.05,0.02501495024859505,0.43847080534680916,3.580593878531058
BEHHO-VC-Calibrated,pixel_dropout,0.1,0.04998996120491442,0.43201005154750477,3.6450617694965564
BEHHO-VC-Calibrated,pixel_dropout,0.2,0.0999669691258476,0.4197950418044415,3.7696280247911833
BEHHO-VC-Calibrated,pixel_dropout,0.3,0.15002709395232755,0.406558123210022,3.9087740894019642
BEHHO-VC-Calibrated,random_block,0.05,0.024926975861555276,0.4398407441543618,3.567045610872137
BEHHO-VC-Calibrated,random_block,0.1,0.049918718143017154,0.43396423858420863,3.6255005157665225
BEHHO-VC-Calibrated,random_block,0.2,0.09988007417913955,0.41929062367010383,3.774972437289982
BEHHO-VC-Calibrated,random_block,0.3,0.14991483215782278,0.40854558842518185,3.887719581034464
EHHO-VC,bit_flip,0.05,0.049988342044416774,0.4330503480029722,3.634616913331387
EHHO-VC,bit_flip,0.1,0.0999896373728149,0.42041693834760485,3.7631980525353512
EHHO-VC,bit_flip,0.2,0.19992908077020222,0.3932675200928604,4.053120605882282
EHHO-VC,bit_flip,0.3,0.2999931995259098,0.3699700562421946,4.318335749913794
EHHO-VC,central_block,0.05,0.0249345319438777,0.43844809894384645,3.580818722324251
EHHO-VC,central_block,0.1,0.04994246583031625,0.4313210798022534,3.651995685921438
EHHO-VC,central_block,0.2,0.09988007417913955,0.41841079599263903,3.7839712274897357
EHHO-VC,central_block,0.3,0.14991105411666159,0.40561811659710745,3.918827281026402
EHHO-VC,crop_loss,0.05,0.024623653128325974,0.43925706218109933,3.572812516865659
EHHO-VC,crop_loss,0.1,0.04960783932746545,0.43296365064240105,3.6354856883016327
EHHO-VC,crop_loss,0.2,0.10036258400744377,0.420398221499667,3.7633914458680904
EHHO-VC,crop_loss,0.3,0.14981714280779695,0.4057936023946221,3.916949674375614
EHHO-VC,pixel_dropout,0.05,0.025009013326770302,0.43909276458134366,3.5744373305302988
EHHO-VC,pixel_dropout,0.1,0.04998456400325553,0.43278951111157987,3.6372328442437682
EHHO-VC,pixel_dropout,0.2,0.09996265136452048,0.4202103866889517,3.765332265418005
EHHO-VC,pixel_dropout,0.3,0.15004490471780188,0.40683786782893167,3.905786723846449
EHHO-VC,random_block,0.05,0.024928055301887023,0.440239924558932,3.563125550567108
EHHO-VC,random_block,0.1,0.049920337303514854,0.4343866471253852,3.621267752415726
EHHO-VC,random_block,0.2,0.09986496201449467,0.41937129528846584,3.774103907138173
EHHO-VC,random_block,0.3,0.14990835551583212,0.40752039196627365,3.8985159032258796
HHO-VC,bit_flip,0.05,0.049988342044416774,0.4335511312496081,3.6295972014979134
HHO-VC,bit_flip,0.1,0.0999896373728149,0.42044651889718665,3.762893083740951
HHO-VC,bit_flip,0.2,0.19992908077020222,0.39566369195404755,4.026738942837758
HHO-VC,bit_flip,0.3,0.2999931995259098,0.37002020985377493,4.317748466304252
HHO-VC,central_block,0.05,0.024937230544707124,0.4385485565167355,3.5798232771555654
HHO-VC,central_block,0.1,0.049945164431145696,0.4325989275087573,3.6391458840199773
HHO-VC,central_block,0.2,0.09987737557831013,0.4190539483220228,3.777300835971051
HHO-VC,central_block,0.3,0.14989594195201666,0.40539633457073554,3.9212049118769983
HHO-VC,crop_loss,0.05,0.02462419284849185,0.4399135126592575,3.566328522393559
HHO-VC,crop_loss,0.1,0.0496153954097879,0.4335519725988525,3.6295902135798928
HHO-VC,crop_loss,0.2,0.10036906064943445,0.42012289498313926,3.766237317213812
HHO-VC,crop_loss,0.3,0.14983225497244185,0.40583128681448166,3.916546542002515
HHO-VC,pixel_dropout,0.05,0.025010092767102077,0.4392050750564909,3.5733266581145955
HHO-VC,pixel_dropout,0.1,0.049985643443587344,0.4333945298560633,3.631166802455721
HHO-VC,pixel_dropout,0.2,0.09998208129049242,0.42039738537954535,3.7634005582962544
HHO-VC,pixel_dropout,0.3,0.15004922247912897,0.40837650938201764,3.8893968705237145
HHO-VC,random_block,0.05,0.024929134742218827,0.4399932111544827,3.5655765825126986
HHO-VC,random_block,0.1,0.049914940101855924,0.4347594491623208,3.617587462375052
HHO-VC,random_block,0.2,0.09985902509266989,0.42018242542437045,3.7656731894958195
HHO-VC,random_block,0.3,0.1499013391536756,0.4078615900985442,3.8954633631578752
MO-BDA-EHHO-VC,bit_flip,0.05,0.049988342044416774,0.41750123594672955,3.793422881401578
MO-BDA-EHHO-VC,bit_flip,0.1,0.0999896373728149,0.406740362784731,3.9068275185954477
MO-BDA-EHHO-VC,bit_flip,0.2,0.19992908077020222,0.385398566999425,4.140901879852684
MO-BDA-EHHO-VC,bit_flip,0.3,0.2999931995259098,0.36404649722471405,4.38843234005016
MO-BDA-EHHO-VC,central_block,0.05,0.0249291347422188,0.4216737313069061,3.7502362793871633
MO-BDA-EHHO-VC,central_block,0.1,0.04993760834882328,0.4163898885124726,3.804998372181185
MO-BDA-EHHO-VC,central_block,0.2,0.09987683585814423,0.4060542434429185,3.914159617643204
MO-BDA-EHHO-VC,central_block,0.3,0.14988784614952838,0.39506659718142,4.033299494684837
MO-BDA-EHHO-VC,crop_loss,0.05,0.024625272288823625,0.4225578596223962,3.741138713585218
MO-BDA-EHHO-VC,crop_loss,0.1,0.04961593512995378,0.4176842963194007,3.791518676610206
MO-BDA-EHHO-VC,crop_loss,0.2,0.10037391813092741,0.40713177783416765,3.9026533439301385
MO-BDA-EHHO-VC,crop_loss,0.3,0.149807427844811,0.39629598054028625,4.019805623909717
MO-BDA-EHHO-VC,pixel_dropout,0.05,0.025012791367931497,0.4231516437378309,3.735039898458678
MO-BDA-EHHO-VC,pixel_dropout,0.1,0.0499964378469051,0.41794403930322177,3.788818867565842
MO-BDA-EHHO-VC,pixel_dropout,0.2,0.09998208129049249,0.4066430595431662,3.9078665315535726
MO-BDA-EHHO-VC,pixel_dropout,0.3,0.15001845842967337,0.39613916314247244,4.0215244082839074
MO-BDA-EHHO-VC,random_block,0.05,0.024927515581721148,0.423404387939308,3.7324701395486803
MO-BDA-EHHO-VC,random_block,0.1,0.049918718143017175,0.4166601006066776,3.802222814587846
MO-BDA-EHHO-VC,random_block,0.2,0.0998741372573148,0.40542971316494797,3.9208940363906377
MO-BDA-EHHO-VC,random_block,0.3,0.14990511719483676,0.395031191040526,4.034574136926824
