experiment_id,run_index,algorithm,trace_points,fraction_to_90pct_terminal,fraction_to_95pct_terminal,fraction_to_99pct_terminal
IMG_0005,1,BDA-EHHO-VC-Calibrated,10,0.2,0.2,0.2
IMG_0005,1,HHO-VC,11,0.5454545454545454,0.5454545454545454,0.5454545454545454
IMG_0005,1,EHHO-VC,13,0.23076923076923078,0.23076923076923078,0.23076923076923078
IMG_0005,1,BEHHO-VC-Calibrated,20,0.1,0.1,0.1
IMG_0005,2,BEHHO-VC-Calibrated,20,0.85,0.85,0.85
IMG_0005,2,EHHO-VC,14,0.6428571428571429,0.6428571428571429,0.6428571428571429
IMG_0005,2,BDA-EHHO-VC-Calibrated,10,0.4,0.4,0.6
IMG_0005,2,HHO-VC,11,0.45454545454545453,0.45454545454545453,0.45454545454545453
IMG_0006,1,HHO-VC,12,0.25,0.25,0.25
IMG_0006,1,EHHO-VC,13,0.23076923076923078,0.23076923076923078,0.23076923076923078
IMG_0006,1,BEHHO-VC-Calibrated,20,0.15,0.15,0.15
IMG_0006,1,BDA-EHHO-VC-Calibrated,10,0.2,0.2,0.2
IMG_0006,2,HHO-VC,12,0.16666666666666666,0.16666666666666666,0.16666666666666666
IMG_0006,2,BEHHO-VC-Calibrated,20,0.25,0.25,0.25
IMG_0006,2,EHHO-VC,13,0.46153846153846156,0.46153846153846156,0.46153846153846156
IMG_0006,2,BDA-EHHO-VC-Calibrated,10,0.5,0.5,0.5
IMG_0015,1,EHHO-VC,13,0.23076923076923078,0.23076923076923078,0.23076923076923078
IMG_0015,1,BEHHO-VC-Calibrated,20,0.85,0.85,0.85
IMG_0015,1,HHO-VC,11,0.2727272727272727,0.2727272727272727,0.2727272727272727
IMG_0015,1,BDA-EHHO-VC-Calibrated,10,0.9,0.9,0.9
IMG_0015,2,BEHHO-VC-Calibrated,20,0.75,0.75,0.75
IMG_0015,2,EHHO-VC,13,0.9230769230769231,0.9230769230769231,0.9230769230769231
IMG_0015,2,HHO-VC,11,0.5454545454545454,0.8181818181818182,0.8181818181818182
IMG_0015,2,BDA-EHHO-VC-Calibrated,10,1.0,1.0,1.0
IMG_0034,1,BEHHO-VC-Calibrated,20,0.25,0.25,0.25
IMG_0034,1,BDA-EHHO-VC-Calibrated,10,1.0,1.0,1.0
IMG_0034,1,HHO-VC,12,0.8333333333333334,0.8333333333333334,0.8333333333333334
IMG_0034,1,EHHO-VC,14,0.35714285714285715,0.35714285714285715,0.35714285714285715
IMG_0034,2,HHO-VC,11,0.9090909090909091,0.9090909090909091,0.9090909090909091
IMG_0034,2,EHHO-VC,13,0.5384615384615384,0.5384615384615384,0.8461538461538461
IMG_0034,2,BDA-EHHO-VC-Calibrated,10,0.2,0.2,0.2
IMG_0034,2,BEHHO-VC-Calibrated,20,0.55,0.55,0.55
IMG_0063,1,BDA-EHHO-VC-Calibrated,10,0.8,0.8,0.8
IMG_0063,1,BEHHO-VC-Calibrated,20,0.4,0.4,0.4
IMG_0063,1,EHHO-VC,13,0.23076923076923078,0.23076923076923078,0.9230769230769231
IMG_0063,1,HHO-VC,11,0.2727272727272727,0.2727272727272727,0.2727272727272727
IMG_0063,2,EHHO-VC,14,0.6428571428571429,0.6428571428571429,0.7142857142857143
IMG_0063,2,BDA-EHHO-VC-Calibrated,10,0.7,0.7,0.7
IMG_0063,2,BEHHO-VC-Calibrated,20,0.6,0.6,0.6
IMG_0063,2,HHO-VC,12,0.75,0.75,0.75
IMG_0065,1,EHHO-VC,13,0.15384615384615385,0.15384615384615385,0.15384615384615385
IMG_0065,1,HHO-VC,12,0.6666666666666666,0.6666666666666666,0.6666666666666666
IMG_0065,1,BEHHO-VC-Calibrated,20,0.9,0.9,0.9
IMG_0065,1,BDA-EHHO-VC-Calibrated,10,0.3,1.0,1.0
IMG_0065,2,HHO-VC,12,0.16666666666666666,0.16666666666666666,0.16666666666666666
IMG_0065,2,EHHO-VC,14,0.14285714285714285,0.14285714285714285,0.14285714285714285
IMG_0065,2,BEHHO-VC-Calibrated,20,0.1,0.15,0.25
IMG_0065,2,BDA-EHHO-VC-Calibrated,10,0.5,0.5,0.5
IMG_0067,1,BDA-EHHO-VC-Calibrated,10,0.9,0.9,0.9
IMG_0067,1,EHHO-VC,13,0.46153846153846156,0.46153846153846156,0.46153846153846156
IMG_0067,1,HHO-VC,11,0.5454545454545454,0.5454545454545454,1.0
IMG_0067,1,BEHHO-VC-Calibrated,20,0.95,0.95,0.95
IMG_0067,2,BEHHO-VC-Calibrated,20,0.3,0.3,0.55
IMG_0067,2,HHO-VC,11,0.18181818181818182,0.18181818181818182,0.18181818181818182
IMG_0067,2,EHHO-VC,13,0.6923076923076923,0.6923076923076923,0.6923076923076923
IMG_0067,2,BDA-EHHO-VC-Calibrated,10,0.8,0.8,0.8
IMG_0076,1,BEHHO-VC-Calibrated,20,1.0,1.0,1.0
IMG_0076,1,HHO-VC,11,0.2727272727272727,0.2727272727272727,0.2727272727272727
IMG_0076,1,BDA-EHHO-VC-Calibrated,10,0.8,0.8,1.0
IMG_0076,1,EHHO-VC,13,0.9230769230769231,0.9230769230769231,0.9230769230769231
IMG_0076,2,HHO-VC,11,0.36363636363636365,0.36363636363636365,0.36363636363636365
IMG_0076,2,BDA-EHHO-VC-Calibrated,10,0.9,0.9,0.9
IMG_0076,2,BEHHO-VC-Calibrated,20,0.75,0.75,0.75
IMG_0076,2,EHHO-VC,13,0.3076923076923077,0.3076923076923077,0.3076923076923077
IMG_0078,1,EHHO-VC,13,0.3076923076923077,0.3076923076923077,0.3076923076923077
IMG_0078,1,HHO-VC,11,0.5454545454545454,0.5454545454545454,0.5454545454545454
IMG_0078,1,BDA-EHHO-VC-Calibrated,10,0.9,0.9,0.9
IMG_0078,1,BEHHO-VC-Calibrated,20,0.4,0.4,0.4
IMG_0078,2,BEHHO-VC-Calibrated,20,0.85,0.85,0.85
IMG_0078,2,EHHO-VC,13,0.3076923076923077,0.38461538461538464,0.5384615384615384
IMG_0078,2,BDA-EHHO-VC-Calibrated,10,0.8,0.8,0.8
IMG_0078,2,HHO-VC,11,0.36363636363636365,0.5454545454545454,0.6363636363636364
IMG_0082,1,BDA-EHHO-VC-Calibrated,10,1.0,1.0,1.0
IMG_0082,1,BEHHO-VC-Calibrated,20,0.75,0.75,0.75
IMG_0082,1,HHO-VC,10,0.3,0.3,0.3
IMG_0082,1,EHHO-VC,13,0.23076923076923078,0.23076923076923078,0.23076923076923078
IMG_0082,2,HHO-VC,12,0.75,0.75,0.75
IMG_0082,2,EHHO-VC,14,0.9285714285714286,0.9285714285714286,0.9285714285714286
IMG_0082,2,BDA-EHHO-VC-Calibrated,10,0.4,0.4,0.4
IMG_0082,2,BEHHO-VC-Calibrated,20,0.7,0.7,0.7
IMG_0090,1,BDA-EHHO-VC-Calibrated,10,0.9,0.9,0.9
IMG_0090,1,HHO-VC,11,1.0,1.0,1.0
IMG_0090,1,EHHO-VC,13,0.7692307692307693,0.9230769230769231,0.9230769230769231
IMG_0090,1,BEHHO-VC-Calibrated,20,0.85,0.85,0.85
IMG_0090,2,HHO-VC,11,0.2727272727272727,0.2727272727272727,0.2727272727272727
IMG_0090,2,EHHO-VC,13,0.23076923076923078,0.3076923076923077,0.46153846153846156
IMG_0090,2,BDA-EHHO-VC-Calibrated,10,1.0,1.0,1.0
IMG_0090,2,BEHHO-VC-Calibrated,20,0.85,0.85,0.85
IMG_0093,1,HHO-VC,12,0.16666666666666666,0.16666666666666666,0.8333333333333334
IMG_0093,1,BEHHO-VC-Calibrated,20,0.5,0.9,0.9
IMG_0093,1,BDA-EHHO-VC-Calibrated,10,0.8,0.8,0.8
IMG_0093,1,EHHO-VC,13,0.15384615384615385,0.15384615384615385,0.7692307692307693
IMG_0093,2,BEHHO-VC-Calibrated,20,0.95,0.95,0.95
IMG_0093,2,EHHO-VC,13,0.46153846153846156,0.46153846153846156,0.46153846153846156
IMG_0093,2,HHO-VC,11,0.5454545454545454,0.5454545454545454,0.5454545454545454
IMG_0093,2,BDA-EHHO-VC-Calibrated,10,0.4,0.4,0.4
