experiment_id,algorithm,median_score,mean_score,sd_across_runs,median_runtime_s
IMG_0001,BDA-EHHO-VC-Calibrated,4.839803916504475,4.838838701436515,0.0034353941834742944,10.402748799999245
IMG_0001,BEHHO-VC-Calibrated,4.84040528303165,4.839000377289132,0.0037293255914153567,11.223743800015654
IMG_0001,EHHO-VC,4.840305705677372,4.839166977399955,0.0036803248375311373,8.410801599966362
IMG_0001,HHO-VC,4.840067165047716,4.839094393194069,0.0037587274575460296,6.617089400009718
IMG_0002,BDA-EHHO-VC-Calibrated,4.523393272175249,4.524856142520841,0.00239577149188065,23.07001019996824
IMG_0002,BEHHO-VC-Calibrated,4.523846813392475,4.525048613511885,0.0023662360029722954,20.650553999992557
IMG_0002,EHHO-VC,4.523578916606103,4.524819344099024,0.0023772531606152496,9.31575700000394
IMG_0002,HHO-VC,4.523578916606103,4.524828868520271,0.002577377351695734,9.405027100001462
IMG_0003,BDA-EHHO-VC-Calibrated,4.9498956699970345,4.950556486591735,0.003130641019272388,26.992129499965813
IMG_0003,BEHHO-VC-Calibrated,4.950285138738169,4.9507108048328385,0.003723691625877291,29.72736979997717
IMG_0003,EHHO-VC,4.95017228573531,4.950688078092614,0.003284030920733634,15.600519100029487
IMG_0003,HHO-VC,4.950521995908907,4.951029503449474,0.0033383256318277733,10.932681799982674
IMG_0004,BDA-EHHO-VC-Calibrated,5.292421345700885,5.292452512800915,0.0011014520922489875,30.75164089997997
IMG_0004,BEHHO-VC-Calibrated,5.292227328705956,5.292385770543818,0.0009473646203454453,26.90808740002103
IMG_0004,EHHO-VC,5.2916339044171785,5.29248249174786,0.0017168023325475944,21.489983099978417
IMG_0004,HHO-VC,5.2916339044171785,5.29258536984962,0.0016015755976825255,18.61030749999918
IMG_0005,BDA-EHHO-VC-Calibrated,4.609731769183276,4.60890662424926,0.0018172909248927215,25.973774299956855
IMG_0005,BEHHO-VC-Calibrated,4.609087949293378,4.608636067365415,0.0015941246961654653,27.98256199999014
IMG_0005,EHHO-VC,4.609065578439464,4.608875854834339,0.0016427695181445326,17.056186700006947
IMG_0005,HHO-VC,4.60905851565976,4.6089930041515705,0.0016946899481964997,16.911581800028216
IMG_0006,BDA-EHHO-VC-Calibrated,4.702452202031001,4.702044704121728,0.00277978547960094,27.331998899986505
IMG_0006,BEHHO-VC-Calibrated,4.702945452219261,4.702302460694417,0.00245182657240357,31.634942099975888
IMG_0006,EHHO-VC,4.7031318287677415,4.702047975840665,0.0028725370718135747,12.14379950001603
IMG_0006,HHO-VC,4.70364963047198,4.702202691551648,0.002962347839985246,10.957095200021286
IMG_0007,BDA-EHHO-VC-Calibrated,4.985077896578177,4.986776555638987,0.0034226309821299397,30.92938739998499
IMG_0007,BEHHO-VC-Calibrated,4.985142317140065,4.986558518568097,0.0035188353472662007,34.79086000000825
IMG_0007,EHHO-VC,4.985431117450353,4.98675873430962,0.003218492110197145,21.8367780999979
IMG_0007,HHO-VC,4.985450595526113,4.98679521440163,0.003325305076812406,20.815893699997105
IMG_0008,BDA-EHHO-VC-Calibrated,4.763496834555736,4.764117351616916,0.0026037354896042224,28.79658720002044
IMG_0008,BEHHO-VC-Calibrated,4.762890720579828,4.7637961120010415,0.0024166461806039213,32.078982200007886
IMG_0008,EHHO-VC,4.761841637386382,4.764038059543101,0.0031933047200180826,17.98557390004862
IMG_0008,HHO-VC,4.763149398540949,4.764082757895446,0.0026771974848288226,21.05731000000378
IMG_0009,BDA-EHHO-VC-Calibrated,4.560991281888106,4.561044580838422,0.0013499741432694147,29.519615900004283
IMG_0009,BEHHO-VC-Calibrated,4.5598537260902505,4.559442633288215,0.0012623300918835627,25.019408599997405
IMG_0009,EHHO-VC,4.560699909382108,4.560994276976207,0.0021285667852762933,11.350678199960385
IMG_0009,HHO-VC,4.55973611908807,4.560246285002818,0.0022022555898009483,9.89088239998091
IMG_0010,BDA-EHHO-VC-Calibrated,5.456706237224967,5.457807877280153,0.0031198026724481302,28.025995999982115
IMG_0010,BEHHO-VC-Calibrated,5.457061533149364,5.457804178844347,0.0028257047550925983,27.20032659999561
IMG_0010,EHHO-VC,5.457599488311431,5.457995847752331,0.0030552213314958753,16.10248000000138
IMG_0010,HHO-VC,5.457475776588445,5.457856832805631,0.0030190236984924505,15.106640900019556
IMG_0011,BDA-EHHO-VC-Calibrated,4.702130084120484,4.702680007285582,0.00268040022203937,26.4589258999913
IMG_0011,BEHHO-VC-Calibrated,4.702751540783026,4.702747509984027,0.0026896015083018097,32.13262380001834
IMG_0011,EHHO-VC,4.702812680891524,4.702382789077765,0.003027980758304257,19.06784660002449
IMG_0011,HHO-VC,4.702812680891524,4.7023805798469125,0.002891879538171306,20.371377400006168
IMG_0012,BDA-EHHO-VC-Calibrated,5.253252918249296,5.253973695085433,0.002401874658988268,29.60821129998658
IMG_0012,BEHHO-VC-Calibrated,5.253642855911264,5.253726884896929,0.0025426287585026738,30.23082230001455
IMG_0012,EHHO-VC,5.253237334216297,5.253757528295178,0.0029472732701683177,23.25409950001631
IMG_0012,HHO-VC,5.253250760436329,5.253887351508448,0.003089752740638032,17.653406299999915
IMG_0013,BDA-EHHO-VC-Calibrated,5.517488353656092,5.516695664364294,0.0016346716551268064,29.24190829996951
IMG_0013,BEHHO-VC-Calibrated,5.517784553971427,5.516913177035824,0.0014286213011046327,31.91993850003928
IMG_0013,EHHO-VC,5.517636099229898,5.51682245865177,0.0013988213954693616,18.50538839999353
IMG_0013,HHO-VC,5.517590457059188,5.516768576433427,0.0012597393228134387,18.711433299991768
IMG_0014,BDA-EHHO-VC-Calibrated,5.200443384053503,5.200127927788206,0.001870331047119442,28.85792290000245
IMG_0014,BEHHO-VC-Calibrated,5.200304790218304,5.200094250956605,0.002374663170512,30.07163620000938
IMG_0014,EHHO-VC,5.199439951663894,5.200034456203466,0.0024975438780665913,21.14369009999791
IMG_0014,HHO-VC,5.199439951663894,5.199865607787313,0.002293894093638799,20.33323679998284
IMG_0015,BDA-EHHO-VC-Calibrated,4.886630053070097,4.886138780413222,0.0019120554718391242,28.297321099962573
IMG_0015,BEHHO-VC-Calibrated,4.886739129242076,4.8861956532772295,0.002502563082063959,32.526725599949714
IMG_0015,EHHO-VC,4.887583984732434,4.886571137305249,0.002187655095500788,22.155081600009
IMG_0015,HHO-VC,4.887349608115201,4.88657804927166,0.0021013207411943844,19.951711300003808
IMG_0016,BDA-EHHO-VC-Calibrated,5.0772519502782485,5.0767132723520785,0.002465381010690847,27.142577999969944
IMG_0016,BEHHO-VC-Calibrated,5.077018177102395,5.076589710753772,0.002440340718561662,30.4494361000252
IMG_0016,EHHO-VC,5.076871235935639,5.076530918018481,0.0025574319452916533,13.056916400033517
IMG_0016,HHO-VC,5.076725536114623,5.0766193562627375,0.002486908584444154,14.04304839996621
IMG_0017,BDA-EHHO-VC-Calibrated,4.631313883243544,4.631543820670291,0.0009944484355637801,26.86614720005309
IMG_0017,BEHHO-VC-Calibrated,4.631478476414236,4.6317605811389475,0.0006731364848196637,28.353234399983197
IMG_0017,EHHO-VC,4.631276845624813,4.631750377710311,0.0009881510248663473,16.434209799976088
IMG_0017,HHO-VC,4.631787469453408,4.631867624912336,0.0009396619186016657,15.26518029998988
IMG_0018,BDA-EHHO-VC-Calibrated,5.141823239904936,5.14088993024812,0.0030215764833616834,28.15724750002846
IMG_0018,BEHHO-VC-Calibrated,5.142096234929693,5.141022656068162,0.0031484720794204193,29.85613769997144
IMG_0018,EHHO-VC,5.142022209529453,5.1407242938920845,0.0029815287255568258,19.206234200042672
IMG_0018,HHO-VC,5.142476360854444,5.140944090908584,0.0031438864298446154,19.11291760002496
IMG_0019,BDA-EHHO-VC-Calibrated,4.911971429116307,4.912294051484015,0.0030178492060861707,26.27225570002338
IMG_0019,BEHHO-VC-Calibrated,4.912046478476324,4.912325576746498,0.002859812898091531,33.600749899982475
IMG_0019,EHHO-VC,4.911997822333221,4.912236580135774,0.0031183064219849847,19.53706660005264
IMG_0019,HHO-VC,4.911719999373432,4.912254026152388,0.0029943402352739057,18.558838500001
IMG_0020,BDA-EHHO-VC-Calibrated,4.514762790001976,4.513634888301625,0.0027605204401025857,28.66398970002774
IMG_0020,BEHHO-VC-Calibrated,4.5150782167369465,4.513658446154521,0.0025056669589572926,31.034176699991804
IMG_0020,EHHO-VC,4.514252251364852,4.514033922873948,0.0024502755615345546,23.584945400012657
IMG_0020,HHO-VC,4.5140951809009655,4.513796772134023,0.002721981365852795,21.14898479997646
IMG_0021,BDA-EHHO-VC-Calibrated,4.561297187333972,4.561602231338327,0.0022762167643441476,28.686785700032488
IMG_0021,BEHHO-VC-Calibrated,4.560980098483659,4.561385618566784,0.0030080688757239144,33.838874400011264
IMG_0021,EHHO-VC,4.560543866833931,4.5618635925624345,0.0027589821044610345,20.811998799967117
IMG_0021,HHO-VC,4.560480085099061,4.5618176157577555,0.0028715989208899077,19.868394900055137
IMG_0022,BDA-EHHO-VC-Calibrated,4.621642556066033,4.620651751959452,0.0021233184490128147,29.859380199981388
IMG_0022,BEHHO-VC-Calibrated,4.621753704566356,4.620575983230452,0.0024129182662934005,33.16082270001061
IMG_0022,EHHO-VC,4.6215550339188045,4.621088768393811,0.002667051501080994,26.513987399986945
IMG_0022,HHO-VC,4.621405701253675,4.620930793380573,0.002623364271860696,23.016595799999777
IMG_0023,BDA-EHHO-VC-Calibrated,4.8628128957168455,4.86345757098733,0.0027989262669281915,29.21384029998444
IMG_0023,BEHHO-VC-Calibrated,4.863355792313329,4.863738061440409,0.0024691111335468827,32.39811050001299
IMG_0023,EHHO-VC,4.863045313531768,4.863371262365118,0.0023252971456112653,17.7414063999895
IMG_0023,HHO-VC,4.863116076700048,4.863558190393445,0.002505431566997116,16.43925749999471
IMG_0024,BDA-EHHO-VC-Calibrated,5.01754306521869,5.017587467120622,0.0024099882708723207,28.030030000023544
IMG_0024,BEHHO-VC-Calibrated,5.017428830468975,5.017500713780186,0.0021933425094462114,28.614298700005747
IMG_0024,EHHO-VC,5.017409716482859,5.017466379097057,0.0023330543792309875,15.661337599973194
IMG_0024,HHO-VC,5.017539188536939,5.017445925013978,0.0022511509234082205,16.237900499952957
IMG_0025,BDA-EHHO-VC-Calibrated,4.414217498876217,4.415649684795447,0.0034548591397829775,28.289224400010426
IMG_0025,BEHHO-VC-Calibrated,4.414183449258527,4.415789739905122,0.003366074165111897,31.21179090003716
IMG_0025,EHHO-VC,4.414478337487469,4.415869985599635,0.003778686998234114,20.925991200027056
IMG_0025,HHO-VC,4.414478337487469,4.4159421166583,0.0037648291645966153,15.894142300006934
IMG_0026,BDA-EHHO-VC-Calibrated,4.864801564601331,4.864475235708026,0.002110694167269023,28.906932000012603
IMG_0026,BEHHO-VC-Calibrated,4.864156255758221,4.864328525020968,0.0024750711193921257,28.683252300019376
IMG_0026,EHHO-VC,4.864619381914422,4.864451553305565,0.0021007707241677766,14.458218400017358
IMG_0026,HHO-VC,4.864619381914422,4.864331867727996,0.0018494598445459314,15.369483800022865
IMG_0027,BDA-EHHO-VC-Calibrated,5.0405067501643055,5.039330363769032,0.0037346997508138718,28.778905600018334
IMG_0027,BEHHO-VC-Calibrated,5.040412755917212,5.0395972915963005,0.0030314884198622315,31.16785450000316
IMG_0027,EHHO-VC,5.04040558863267,5.038990351535366,0.0034581480031818396,18.158006100042257
IMG_0027,HHO-VC,5.040403038513467,5.039041743087351,0.0033218389225310434,21.02435309998691
IMG_0028,BDA-EHHO-VC-Calibrated,4.985358708204571,4.985051569060182,0.0010220982899368037,29.312794500030577
IMG_0028,BEHHO-VC-Calibrated,4.984800587266652,4.984743933047489,0.0010791947638656985,28.68927129998337
IMG_0028,EHHO-VC,4.985674914293425,4.985038407934514,0.0011579512060939906,17.285061399976257
IMG_0028,HHO-VC,4.985860975739789,4.985115131770607,0.001215877183172363,17.71257259999402
IMG_0029,BDA-EHHO-VC-Calibrated,3.4061677976313134,3.4065254334873147,0.005999076176545396,27.67137349996483
IMG_0029,BEHHO-VC-Calibrated,3.4066805620809872,3.4067093248928737,0.006093049849961281,28.432154699985404
IMG_0029,EHHO-VC,3.4059801606926645,3.406521033142231,0.006311688898226554,21.25066679995507
IMG_0029,HHO-VC,3.405866699136149,3.406497370698682,0.006364224812808447,21.010830299986992
IMG_0030,BDA-EHHO-VC-Calibrated,4.851549783997686,4.8520431128090475,0.0018964718423298795,30.02191330003552
IMG_0030,BEHHO-VC-Calibrated,4.851922653111941,4.852280087940997,0.0016807904354830731,29.97582389996387
IMG_0030,EHHO-VC,4.851691285225765,4.852218833631129,0.001855755034527558,18.20979210000951
IMG_0030,HHO-VC,4.852199242662317,4.852431809785243,0.0018579392159586068,16.9748874999932
IMG_0031,BDA-EHHO-VC-Calibrated,5.426235736824265,5.425728769846982,0.0027828636716120438,28.661554599995725
IMG_0031,BEHHO-VC-Calibrated,5.426097712522132,5.42581293082012,0.002388111925670017,27.00244870001916
IMG_0031,EHHO-VC,5.4263350156373775,5.4260172341120905,0.0027159120056178903,20.342428200005088
IMG_0031,HHO-VC,5.4263350156373775,5.426061908204678,0.002716102776890898,19.59090200002538
IMG_0032,BDA-EHHO-VC-Calibrated,5.214072160552161,5.214412996988884,0.0008418213467448678,29.40591749997111
IMG_0032,BEHHO-VC-Calibrated,5.213868048286932,5.214335799795738,0.001048202773968066,26.807507399993483
IMG_0032,EHHO-VC,5.214104861291015,5.214326857303389,0.001073447628056862,20.529854099964723
IMG_0032,HHO-VC,5.214104861291015,5.214373647072507,0.0010168678377156085,14.908530000015162
IMG_0033,BDA-EHHO-VC-Calibrated,5.449415650725267,5.449444666770941,0.0008076727954803619,28.81817199999932
IMG_0033,BEHHO-VC-Calibrated,5.449221577074542,5.449249331350989,0.0006180202382619213,30.449462899996437
IMG_0033,EHHO-VC,5.449094227094196,5.449423800869271,0.0008836110842601266,16.55771730002016
IMG_0033,HHO-VC,5.449002341880681,5.449331873961989,0.0009762936655996796,15.842477400030477
IMG_0034,BDA-EHHO-VC-Calibrated,5.271626709034646,5.271576566937036,0.0016639859789364217,28.345340800005943
IMG_0034,BEHHO-VC-Calibrated,5.271228706326704,5.271553443676464,0.001681401615508699,29.121360199991614
IMG_0034,EHHO-VC,5.271154759462423,5.271215693819395,0.0015911452207796098,19.164490399998613
IMG_0034,HHO-VC,5.271560761876638,5.271228023588606,0.0014332705891865502,17.389447399997152
IMG_0035,BDA-EHHO-VC-Calibrated,4.732022205469801,4.732125623519739,0.002502823607873126,27.430250099976547
IMG_0035,BEHHO-VC-Calibrated,4.732415467809205,4.732564022447389,0.0028389679965147244,28.108500600035768
IMG_0035,EHHO-VC,4.7326047766119546,4.732633118244225,0.002776665390528361,18.6811360999709
IMG_0035,HHO-VC,4.733663531324841,4.732896573030668,0.0028117340941006186,15.481133900000714
IMG_0036,BDA-EHHO-VC-Calibrated,4.980303174900982,4.979729198378597,0.002164355610600495,29.3402294999687
IMG_0036,BEHHO-VC-Calibrated,4.980331026482658,4.979534698522661,0.001966857271792391,30.35371540003689
IMG_0036,EHHO-VC,4.980156169055847,4.979298939247647,0.001965563182465636,15.56807109998772
IMG_0036,HHO-VC,4.980161421366784,4.9795500933692,0.0018972243870568558,13.177646399999505
IMG_0037,BDA-EHHO-VC-Calibrated,5.890930581110427,5.8909265409212415,0.0013622785470859496,29.13187199999811
IMG_0037,BEHHO-VC-Calibrated,5.890978035802209,5.8908702769434225,0.0012159461740115039,29.25244000001112
IMG_0037,EHHO-VC,5.890731662537164,5.890736122181139,0.0013390213934828658,20.57532120001269
IMG_0037,HHO-VC,5.890731662537164,5.890719802520545,0.0013682347292790595,19.314041599980555
IMG_0038,BDA-EHHO-VC-Calibrated,4.985463011484582,4.985725833362658,0.0018456698242911341,27.072985300037544
IMG_0038,BEHHO-VC-Calibrated,4.986570931073987,4.986261837014885,0.002256497842043833,30.401668399979823
IMG_0038,EHHO-VC,4.9853416383193006,4.985779348610759,0.0019284495154919623,13.966910000017378
IMG_0038,HHO-VC,4.987218441857446,4.9861298814980985,0.0019948784106472443,13.23022560001118
IMG_0039,BDA-EHHO-VC-Calibrated,4.9075726581680215,4.905738936065473,0.004188236857036776,26.04360169998836
IMG_0039,BEHHO-VC-Calibrated,4.9074696972345775,4.905970751397911,0.0037469227181214176,29.241864599986
IMG_0039,EHHO-VC,4.906508638873757,4.905713598284021,0.00370684304657007,19.06096830003662
IMG_0039,HHO-VC,4.907005378693512,4.905987782916399,0.003930015915470226,15.291042199998628
IMG_0040,BDA-EHHO-VC-Calibrated,5.301582093006435,5.301752407986909,0.0022882373883108117,28.88478070002748
IMG_0040,BEHHO-VC-Calibrated,5.301076072561436,5.301303174891378,0.0018414357370952015,30.2727449000231
IMG_0040,EHHO-VC,5.301470650298522,5.30142220096719,0.0019333222125091669,20.14365280000493
IMG_0040,HHO-VC,5.301445249058498,5.301463609608048,0.0019349081591923825,19.31601890001912
IMG_0041,BDA-EHHO-VC-Calibrated,5.30140615119467,5.302057452589591,0.002697141314352089,27.583490600052755
IMG_0041,BEHHO-VC-Calibrated,5.301402109902388,5.3019594905164364,0.0025467252832118573,28.22165490000043
IMG_0041,EHHO-VC,5.30145063215148,5.302050901275988,0.002440837171478704,13.986494400014635
IMG_0041,HHO-VC,5.30145063215148,5.302202736623737,0.0027143514311557338,13.419332100020256
IMG_0042,BDA-EHHO-VC-Calibrated,4.588608814724722,4.588776695996227,0.0022108091875624306,27.06767630000832
IMG_0042,BEHHO-VC-Calibrated,4.588925735744231,4.588828603905353,0.0019101841581896388,28.65926539996872
IMG_0042,EHHO-VC,4.589621836696109,4.588819496307067,0.0027910841138543445,15.35258230002364
IMG_0042,HHO-VC,4.589990226913867,4.589029620875692,0.00252854805611632,15.73030320001999
IMG_0043,BDA-EHHO-VC-Calibrated,5.252435441673293,5.251498080554176,0.0020208020891873753,27.9267075000098
IMG_0043,BEHHO-VC-Calibrated,5.251834408862032,5.251211261292758,0.0017230769316590143,26.07934489997569
IMG_0043,EHHO-VC,5.251907831779705,5.251227691977515,0.0016038301520745197,19.12785629997961
IMG_0043,HHO-VC,5.251791869720219,5.25106927088796,0.0016496467840272794,19.598225800029468
IMG_0044,BDA-EHHO-VC-Calibrated,4.82871529238228,4.828746173131438,0.001802968866022643,28.3578911999939
IMG_0044,BEHHO-VC-Calibrated,4.828496780008883,4.828796765712314,0.0018453164790353878,34.915915700024925
IMG_0044,EHHO-VC,4.82898066139298,4.828809269866689,0.0019072672124945556,20.31233029998839
IMG_0044,HHO-VC,4.82898066139298,4.828838085065064,0.0018798132515140072,18.40832439996302
IMG_0045,BDA-EHHO-VC-Calibrated,5.061453994830727,5.058638656800037,0.004800181611468962,29.07909810001729
IMG_0045,BEHHO-VC-Calibrated,5.060251208237083,5.058195571264672,0.004590904913576811,33.92982580000535
IMG_0045,EHHO-VC,5.060048250026802,5.058255816004964,0.004333944416080996,20.86861079995288
IMG_0045,HHO-VC,5.060481411443713,5.058507505792803,0.0044304668618988215,21.728756199998315
IMG_0046,BDA-EHHO-VC-Calibrated,5.691483598958484,5.691761222557621,0.0013905012650954755,29.21494120004354
IMG_0046,BEHHO-VC-Calibrated,5.69182034040534,5.691842298390262,0.0012999782192494704,25.682754900015425
IMG_0046,EHHO-VC,5.692059315180746,5.691911716878524,0.0012785697370781572,18.53363600000739
IMG_0046,HHO-VC,5.692059315180746,5.691907196086786,0.00127537054489557,18.15064920001896
IMG_0047,BDA-EHHO-VC-Calibrated,5.057054202434868,5.057679961094786,0.0032104644855423387,27.188789499981795
IMG_0047,BEHHO-VC-Calibrated,5.0565740562232095,5.057694093668213,0.003267179918706215,28.219838300021365
IMG_0047,EHHO-VC,5.0565740562232095,5.05788909415264,0.0035427548325303493,17.76618369994685
IMG_0047,HHO-VC,5.0565740562232095,5.057792107988961,0.003360545511850361,15.940014699997846
IMG_0048,BDA-EHHO-VC-Calibrated,5.517273033231423,5.51758351414445,0.001122187637239571,29.400307600037195
IMG_0048,BEHHO-VC-Calibrated,5.51758653779509,5.517621463543166,0.0009716252748156245,33.64618599996902
IMG_0048,EHHO-VC,5.517074117840958,5.517588983952348,0.0013026319045947136,16.768267999985255
IMG_0048,HHO-VC,5.517110075733707,5.5175701204389345,0.0012071732545305173,16.40793499996653
IMG_0049,BDA-EHHO-VC-Calibrated,4.595464975715667,4.596346993595008,0.0035116752135838183,28.36004670005059
IMG_0049,BEHHO-VC-Calibrated,4.594414906187012,4.595789581102389,0.0031475287787833153,27.212383700010832
IMG_0049,EHHO-VC,4.594508319170692,4.595447839493852,0.0031900878424053,15.686717700038573
IMG_0049,HHO-VC,4.595087660384076,4.596136056057763,0.0031963174615669515,15.911735199973918
IMG_0050,BDA-EHHO-VC-Calibrated,4.6228330231127215,4.622568806075089,0.0019888548370511475,19.819706599984784
IMG_0050,BEHHO-VC-Calibrated,4.621575386347584,4.622398004730393,0.0019959080168177566,23.661588300019503
IMG_0050,EHHO-VC,4.621256237445459,4.622079719048365,0.002036094192890439,11.349526299978606
IMG_0050,HHO-VC,4.6221200841137176,4.622288363485678,0.0020318992004844352,11.138017299992498
IMG_0051,BDA-EHHO-VC-Calibrated,4.915998907052242,4.917001705145891,0.0032689785402787224,24.63507939997362
IMG_0051,BEHHO-VC-Calibrated,4.916244811276495,4.917220904691119,0.003349375522609464,20.648773699998856
IMG_0051,EHHO-VC,4.915576439372397,4.9166843775654,0.0033901943870860755,11.631300600012764
IMG_0051,HHO-VC,4.915576439372397,4.9166601007404545,0.0032871968137497417,12.186438000004271
IMG_0052,BDA-EHHO-VC-Calibrated,5.371151738697151,5.369716307315443,0.0031837471006967186,22.79988770000637
IMG_0052,BEHHO-VC-Calibrated,5.371365466014043,5.369669184479795,0.0031306311811597474,24.50422719999915
IMG_0052,EHHO-VC,5.370805771184796,5.369899920532122,0.003016445033852255,16.53246840002248
IMG_0052,HHO-VC,5.370989389911055,5.369976388829623,0.003076935850455643,20.8019123999984
IMG_0053,BDA-EHHO-VC-Calibrated,4.587200327087151,4.585381672958309,0.003916798881507018,19.965333500003908
IMG_0053,BEHHO-VC-Calibrated,4.586655289569433,4.585005108613741,0.0037764357414871875,22.27575380000053
IMG_0053,EHHO-VC,4.585661352521304,4.5847952591646735,0.003312355877324666,10.342067299992776
IMG_0053,HHO-VC,4.585801634345814,4.584788301721228,0.0032600420045716663,9.025751000037417
IMG_0054,BDA-EHHO-VC-Calibrated,5.4489991891729455,5.449049637825786,0.0028108368295278116,20.294353000004776
IMG_0054,BEHHO-VC-Calibrated,5.449429562121232,5.448809952885774,0.0018805618048945987,21.33560649998253
IMG_0054,EHHO-VC,5.448953658416186,5.448619775124362,0.0022428870443768636,14.610564999980852
IMG_0054,HHO-VC,5.4499316418969,5.448846619843126,0.002275921696529741,9.643769400019664
IMG_0055,BDA-EHHO-VC-Calibrated,5.211619953898549,5.211626522844888,0.0013871472662426753,21.834811499982607
IMG_0055,BEHHO-VC-Calibrated,5.212396438398577,5.2119571190511875,0.0015972424017353306,20.732560799981
IMG_0055,EHHO-VC,5.211945305109265,5.211913497835207,0.0013988508360261,8.949095599993598
IMG_0055,HHO-VC,5.211362843247021,5.211592476993387,0.001634541442428257,9.364767400023991
IMG_0056,BDA-EHHO-VC-Calibrated,4.944118371276773,4.9445576310848285,0.002808719129550603,24.054501399979927
IMG_0056,BEHHO-VC-Calibrated,4.945158937343081,4.944927188928146,0.0026553641807720817,27.29375130002154
IMG_0056,EHHO-VC,4.943885410144152,4.944558317025477,0.003002157909551637,13.223018000018785
IMG_0056,HHO-VC,4.944156821500463,4.944687352761701,0.0029531616126530964,17.066550599993207
IMG_0057,BDA-EHHO-VC-Calibrated,5.201454990781766,5.202638687230118,0.004093079494555498,11.525962899962906
IMG_0057,BEHHO-VC-Calibrated,5.201041270998196,5.202273646561894,0.003989268193515594,11.460636399977377
IMG_0057,EHHO-VC,5.200729892036741,5.202290468055276,0.004427243943184165,7.033148999966215
IMG_0057,HHO-VC,5.200475140489942,5.20236946898171,0.0043895541817534425,7.824282700021286
IMG_0058,BDA-EHHO-VC-Calibrated,4.999407320975721,5.000751505688837,0.003362815134570849,14.80167870002333
IMG_0058,BEHHO-VC-Calibrated,4.999770616890729,5.0010922751664655,0.003317223195394599,20.506251899991184
IMG_0058,EHHO-VC,4.999058877336475,5.00077119521695,0.0030736564990310323,6.8120564999990165
IMG_0058,HHO-VC,4.999101046552,5.000778134767493,0.0030677303043783145,8.609472799987998
IMG_0059,BDA-EHHO-VC-Calibrated,5.683583882681535,5.682761993230443,0.0028329131025713584,23.2826492000022
IMG_0059,BEHHO-VC-Calibrated,5.683857895295827,5.682779255385456,0.0026150352687418573,23.81755860004341
IMG_0059,EHHO-VC,5.683734676290391,5.68260100956221,0.0025686611035071415,18.54036410001572
IMG_0059,HHO-VC,5.68374179767353,5.68261650400923,0.0026274263611677125,14.290821100003086
IMG_0060,BDA-EHHO-VC-Calibrated,5.288227752950152,5.28801247435287,0.003199235261238115,39.294764399994165
IMG_0060,BEHHO-VC-Calibrated,5.2886799401055296,5.2881481291848536,0.003197421507473162,36.73872800002573
IMG_0060,EHHO-VC,5.287858759820053,5.287793912883165,0.003256479053972289,25.236240199999884
IMG_0060,HHO-VC,5.288124221320654,5.287889463437859,0.0033413413981740804,19.90321269998094
IMG_0061,BDA-EHHO-VC-Calibrated,5.568520665562978,5.568631654306683,0.0009207056440241252,18.587593200034465
IMG_0061,BEHHO-VC-Calibrated,5.568963057483077,5.568859091654521,0.0007600423339291795,30.609392200014558
IMG_0061,EHHO-VC,5.568519996423329,5.568942997789619,0.0006534109665234613,15.6928753000102
IMG_0061,HHO-VC,5.568472117442369,5.568792473827156,0.0008688921960905648,12.438753299997188
IMG_0062,BDA-EHHO-VC-Calibrated,5.097568832507958,5.0985533089293655,0.002099424340139599,11.857116899976972
IMG_0062,BEHHO-VC-Calibrated,5.097759168546417,5.098332442137469,0.0017929089344559737,20.943081100005656
IMG_0062,EHHO-VC,5.098268019565919,5.098751215891751,0.00210182147254161,7.501402899972163
IMG_0062,HHO-VC,5.098268019565919,5.098898861771618,0.0021504600883169795,14.969206899986602
IMG_0063,BDA-EHHO-VC-Calibrated,4.038099160806863,4.040009984918127,0.003905850057401719,21.88929689995712
IMG_0063,BEHHO-VC-Calibrated,4.038184884962198,4.039954925384266,0.003592544711987413,23.818685600010213
IMG_0063,EHHO-VC,4.039233467271977,4.040798972917417,0.0033962420954290326,14.365264300024135
IMG_0063,HHO-VC,4.039233467271977,4.041011318086726,0.0037602964736030615,13.126204299973324
IMG_0064,BDA-EHHO-VC-Calibrated,5.041479244215049,5.040770147914836,0.0016211756940859505,13.856594199954998
IMG_0064,BEHHO-VC-Calibrated,5.04131055098017,5.040455489835112,0.0015301558915350659,12.844358899979852
IMG_0064,EHHO-VC,5.041208518975215,5.040773329476467,0.0018423051266286592,7.466826100018807
IMG_0064,HHO-VC,5.041083290520774,5.04048597807928,0.0016447325503832022,9.85234219999984
IMG_0065,BDA-EHHO-VC-Calibrated,5.244465420400025,5.244867140978046,0.002631499425011057,13.751699899963567
IMG_0065,BEHHO-VC-Calibrated,5.243900325125737,5.244605047376326,0.0025925216354006266,18.91502740001306
IMG_0065,EHHO-VC,5.243807739798407,5.2444016201358545,0.002480820913211415,6.604272400029004
IMG_0065,HHO-VC,5.244069464638617,5.244718348398807,0.002832673689375751,8.34458039997844
IMG_0066,BDA-EHHO-VC-Calibrated,4.425768187065036,4.425771169318741,0.0021484418486789605,17.50607449997915
IMG_0066,BEHHO-VC-Calibrated,4.425768187065036,4.425806140240534,0.0021730199151002686,19.449698699987493
IMG_0066,EHHO-VC,4.426029972811044,4.425991144294739,0.0024578026546232938,14.529334800026843
IMG_0066,HHO-VC,4.426029972811044,4.426010549662933,0.0024737463248655756,10.231020700011868
IMG_0067,BDA-EHHO-VC-Calibrated,5.812792069253075,5.812909296846965,0.0008859434643411631,13.44419629999902
IMG_0067,BEHHO-VC-Calibrated,5.81268310088894,5.8128095119384415,0.0008343391920046149,12.651810500014108
IMG_0067,EHHO-VC,5.812801992778311,5.8129952750036535,0.000841593411232065,12.922588700021151
IMG_0067,HHO-VC,5.812867483464488,5.813001337241512,0.0008151157460021525,13.65540129999863
IMG_0068,BDA-EHHO-VC-Calibrated,5.066011507019784,5.066944147410538,0.002737947067335022,15.211463499988897
IMG_0068,BEHHO-VC-Calibrated,5.065916001639907,5.066975467035283,0.002971291829862821,23.88307799998438
IMG_0068,EHHO-VC,5.065822741059247,5.067034053457087,0.002959815586836238,14.092542900005355
IMG_0068,HHO-VC,5.06580493704399,5.06672146685459,0.00256943213609144,11.042506199970376
IMG_0069,BDA-EHHO-VC-Calibrated,4.185801404176288,4.186436996169557,0.002108313440374039,16.16754300001776
IMG_0069,BEHHO-VC-Calibrated,4.185573412402756,4.186446969118016,0.0021338027592283136,11.474818999995476
IMG_0069,EHHO-VC,4.185735086238654,4.186247734410474,0.0019534777747859567,5.410674599988852
IMG_0069,HHO-VC,4.185746630899264,4.186340837930966,0.0018587426220263669,5.874350199999753
IMG_0070,BDA-EHHO-VC-Calibrated,4.908166995937768,4.908330954253619,0.004871102308686992,22.67286420002347
IMG_0070,BEHHO-VC-Calibrated,4.908382857652302,4.908705662455538,0.005226712307291713,16.312426000018604
IMG_0070,EHHO-VC,4.908120320741081,4.90793643782469,0.004905007940266244,9.316217699961271
IMG_0070,HHO-VC,4.90791803954678,4.907849781348159,0.004704481240985483,8.095309600001201
IMG_0071,BDA-EHHO-VC-Calibrated,5.289291313122123,5.288695403083069,0.0024688034666952834,23.294760199962184
IMG_0071,BEHHO-VC-Calibrated,5.288513069479834,5.288373500590646,0.0021807856629755735,22.540246600052345
IMG_0071,EHHO-VC,5.288823062400223,5.288610077676892,0.0025465788270374232,10.374723799992353
IMG_0071,HHO-VC,5.288823062400223,5.288666527311577,0.0026400159512459417,9.244540799991228
IMG_0072,BDA-EHHO-VC-Calibrated,5.429183333242746,5.429557957196684,0.0027667834864626975,13.379717400006484
IMG_0072,BEHHO-VC-Calibrated,5.429031213104255,5.4293226017302105,0.002553617457587586,18.762540699972305
IMG_0072,EHHO-VC,5.429258253115671,5.429251869245336,0.0025154308031329286,8.42489610001212
IMG_0072,HHO-VC,5.429309968473892,5.429467407546894,0.0027816333451784326,11.128045600024052
IMG_0073,BDA-EHHO-VC-Calibrated,5.272678459344427,5.2725711165582165,0.001946496803314489,23.348357899987604
IMG_0073,BEHHO-VC-Calibrated,5.272690189620029,5.272709344794301,0.0017344469324088276,26.36122880002949
IMG_0073,EHHO-VC,5.272129758726365,5.272277781629055,0.0017293866110872,14.75742929999251
IMG_0073,HHO-VC,5.272469560733541,5.272553139662146,0.0016651707534419296,14.060655599983876
IMG_0074,BDA-EHHO-VC-Calibrated,4.964532324423979,4.964488258185969,0.0049935904596625814,27.96730280003976
IMG_0074,BEHHO-VC-Calibrated,4.964125305884688,4.96421068902806,0.0053191716995204434,28.64248390001012
IMG_0074,EHHO-VC,4.964207302076003,4.9642707119260425,0.005264045055067371,22.35072789998958
IMG_0074,HHO-VC,4.964190984489934,4.964341964222797,0.00535098334327751,20.185260400001425
IMG_0075,BDA-EHHO-VC-Calibrated,4.864601589008783,4.862935699672667,0.003416575640029021,27.617873000039253
IMG_0075,BEHHO-VC-Calibrated,4.863474270071562,4.862606645542497,0.003243846172160305,24.405765799980145
IMG_0075,EHHO-VC,4.863474270071562,4.862563402211485,0.0033544714801682584,17.420680699986406
IMG_0075,HHO-VC,4.863474270071562,4.862491754822072,0.0032773278482375718,15.35517890000483
IMG_0076,BDA-EHHO-VC-Calibrated,4.880120058514877,4.879541324539173,0.002091641949935853,29.365564699983224
IMG_0076,BEHHO-VC-Calibrated,4.880212690206823,4.880191112537138,0.0019404408844976644,29.139312400016934
IMG_0076,EHHO-VC,4.88031080160451,4.880288533244128,0.001524186845701853,13.553241599991452
IMG_0076,HHO-VC,4.880275687122792,4.880204632729145,0.0016351382619612738,15.374085600022228
IMG_0077,BDA-EHHO-VC-Calibrated,5.3379184932603225,5.339466608373902,0.003065724744119542,29.602115100016817
IMG_0077,BEHHO-VC-Calibrated,5.337580857821002,5.33946162823712,0.0037844689246679026,28.566956599999685
IMG_0077,EHHO-VC,5.33754364533262,5.3395159803627505,0.00351924767867864,14.590459000028204
IMG_0077,HHO-VC,5.33754364533262,5.339327879460056,0.003878234304286931,13.87401560001308
IMG_0078,BDA-EHHO-VC-Calibrated,4.886728500367762,4.886785936506504,0.0025758753937789253,24.99377689999528
IMG_0078,BEHHO-VC-Calibrated,4.887179033012813,4.886780004341864,0.0026238334457480547,24.585775200044736
IMG_0078,EHHO-VC,4.887019453322579,4.886545538800016,0.002367049576525535,21.671194099995773
IMG_0078,HHO-VC,4.886961283451011,4.886549113663042,0.0020949676147289835,19.39532549999421
IMG_0079,BDA-EHHO-VC-Calibrated,5.0283210344780125,5.028215838827802,0.0029576008108582108,27.22863219998544
IMG_0079,BEHHO-VC-Calibrated,5.028233847885793,5.028643921937041,0.003729499046995228,31.49895269999979
IMG_0079,EHHO-VC,5.028440506435952,5.028078412258366,0.004170650614054865,17.50849229999585
IMG_0079,HHO-VC,5.029460814819015,5.028839165786172,0.0036213178366153276,15.962783699971624
IMG_0080,BDA-EHHO-VC-Calibrated,4.748296162647841,4.748512243228328,0.0015398708620163182,29.35088659997564
IMG_0080,BEHHO-VC-Calibrated,4.748554861649511,4.748636535223992,0.001505584001323011,30.760058900050357
IMG_0080,EHHO-VC,4.748374712228375,4.748397112302725,0.0013563952750136837,19.12516659998801
IMG_0080,HHO-VC,4.748374712228375,4.748560381636478,0.0010986187304868503,19.01754690002417
IMG_0081,BDA-EHHO-VC-Calibrated,3.812789242491346,3.813296652154867,0.0034519018311932347,27.658951200020965
IMG_0081,BEHHO-VC-Calibrated,3.814049924466545,3.8135010812097647,0.0031304668759545157,31.46009219996631
IMG_0081,EHHO-VC,3.813045398542689,3.81254350977177,0.0031558643349855553,20.752431700006127
IMG_0081,HHO-VC,3.8135462524303274,3.8130925407045027,0.0025271207022496225,20.53634160000365
IMG_0082,BDA-EHHO-VC-Calibrated,5.4840301558973605,5.483962828116718,0.001743516530703916,26.274348200007807
IMG_0082,BEHHO-VC-Calibrated,5.484368231286287,5.483766294263522,0.0013822841460294248,23.72256500000367
IMG_0082,EHHO-VC,5.484363867489485,5.4837861387450335,0.0011992711327873983,11.602765100018589
IMG_0082,HHO-VC,5.48433855530817,5.48378215361422,0.001529563460996263,11.16500909999013
IMG_0083,BDA-EHHO-VC-Calibrated,4.586854077186445,4.58656825747147,0.0028168568919886465,30.441291000053752
IMG_0083,BEHHO-VC-Calibrated,4.586788129885826,4.586535176521712,0.002706153319557016,33.13199969998095
IMG_0083,EHHO-VC,4.586547505335996,4.5865372363098835,0.002819384913775329,24.36164600000484
IMG_0083,HHO-VC,4.587652912305268,4.58691830178295,0.003053536960508502,17.4877298999927
IMG_0084,BDA-EHHO-VC-Calibrated,4.167968601895474,4.16786380874086,0.0006900356758298871,28.55112199997529
IMG_0084,BEHHO-VC-Calibrated,4.167622987316264,4.16753721969304,0.0011258909441368941,25.403142800030764
IMG_0084,EHHO-VC,4.168577435025488,4.16821304696992,0.0013432540568486565,20.67558869998902
IMG_0084,HHO-VC,4.168337024883283,4.168267864081538,0.0013014472470605292,18.22882189997472
IMG_0085,BDA-EHHO-VC-Calibrated,4.295716542360096,4.2960094848488755,0.00324701674742426,28.25599490001332
IMG_0085,BEHHO-VC-Calibrated,4.296197002736807,4.296158339814631,0.003221758816291398,27.695287599985026
IMG_0085,EHHO-VC,4.295412052102884,4.295851960029665,0.0030568385109240705,18.619170200021472
IMG_0085,HHO-VC,4.29506983131283,4.2957849610236325,0.0032641896038008832,18.822627299989108
IMG_0086,BDA-EHHO-VC-Calibrated,4.825699971796543,4.825526680805512,0.0018335860030640966,28.221069300023373
IMG_0086,BEHHO-VC-Calibrated,4.825228832924629,4.825261154047785,0.001509315352442563,33.45958209998207
IMG_0086,EHHO-VC,4.82486201677794,4.825449467037259,0.0018124799383300416,19.46840539999539
IMG_0086,HHO-VC,4.824878417143213,4.825415182537793,0.0017559209734186209,19.50310849997913
IMG_0087,BDA-EHHO-VC-Calibrated,4.704598597356131,4.704909504809775,0.00300967137073458,26.46031560003757
IMG_0087,BEHHO-VC-Calibrated,4.704093658038786,4.704413287107137,0.002319513182192352,26.142644500010647
IMG_0087,EHHO-VC,4.704598597356131,4.704389269528971,0.002996424511842794,13.382068400038406
IMG_0087,HHO-VC,4.704598597356131,4.704568175454756,0.0025388047340560633,13.447698700008914
IMG_0088,BDA-EHHO-VC-Calibrated,4.556292884920664,4.5557323712631215,0.002303707484089392,28.13050280004973
IMG_0088,BEHHO-VC-Calibrated,4.556901526920639,4.555844491825406,0.0022695152352746866,34.954733399965335
IMG_0088,EHHO-VC,4.556601198440495,4.555430148640079,0.002195116706262039,19.20220540004084
IMG_0088,HHO-VC,4.556601198440495,4.555442912630701,0.002205015578617616,18.505319599993527
IMG_0089,BDA-EHHO-VC-Calibrated,5.422849409479404,5.423477269371623,0.0013946829268758245,29.92273590003606
IMG_0089,BEHHO-VC-Calibrated,5.422462791465097,5.42307206465348,0.001396014356574743,29.74453560000984
IMG_0089,EHHO-VC,5.422340184313392,5.423033845100369,0.0015617366979508204,16.268427299975883
IMG_0089,HHO-VC,5.422267950469407,5.422822435029806,0.0013005973565950628,16.968040800013114
IMG_0090,BDA-EHHO-VC-Calibrated,5.198586592845953,5.1983629090010846,0.001610085243494654,28.769158299954142
IMG_0090,BEHHO-VC-Calibrated,5.198540001708461,5.198369645077844,0.001572803093699316,30.58366290002596
IMG_0090,EHHO-VC,5.198250223085299,5.198638480893395,0.0017515785088645336,13.98354439996183
IMG_0090,HHO-VC,5.198070265321378,5.198331574644999,0.0016311338223763158,16.931225900014397
IMG_0091,BDA-EHHO-VC-Calibrated,5.480238808900874,5.480037426780609,0.0025602133305218685,28.98145159997512
IMG_0091,BEHHO-VC-Calibrated,5.480856773646089,5.480081012990585,0.0024558581486232764,32.98616520001087
IMG_0091,EHHO-VC,5.4809353226877375,5.4801503322597345,0.002561932047435822,17.20234940003138
IMG_0091,HHO-VC,5.480951331842971,5.480152460249374,0.0025236543476315097,22.151708999997936
IMG_0092,BDA-EHHO-VC-Calibrated,4.793917152675832,4.793319232227027,0.0032665861655647756,29.016691499971785
IMG_0092,BEHHO-VC-Calibrated,4.794038643818004,4.793343247191495,0.003573613902304679,30.726634000020567
IMG_0092,EHHO-VC,4.79481781250074,4.793151992990717,0.0034638452382084683,16.269443700031843
IMG_0092,HHO-VC,4.795320523284363,4.793487471632104,0.003362577521120537,15.45056550001027
IMG_0093,BDA-EHHO-VC-Calibrated,5.664852549118083,5.664791491588574,0.00013686767325589034,28.823168899980374
IMG_0093,BEHHO-VC-Calibrated,5.664868898124759,5.664904924112906,0.0002353904346967888,28.90068429999519
IMG_0093,EHHO-VC,5.664991640027746,5.6649859525443675,0.000564136773613402,21.162845399987415
IMG_0093,HHO-VC,5.664991640027746,5.665082550505116,0.0004911349205085963,17.137650999997277
IMG_0094,BDA-EHHO-VC-Calibrated,5.050669251833055,5.051341405366328,0.0026915682770934494,27.988221000006888
IMG_0094,BEHHO-VC-Calibrated,5.050868804720547,5.051348033798271,0.0031238747998207674,26.69660120003391
IMG_0094,EHHO-VC,5.050630581660452,5.051245144526578,0.0029235733891027522,13.129819500027224
IMG_0094,HHO-VC,5.050565821818111,5.0515178802276335,0.002803536037709961,9.84671240003081
IMG_0095,BDA-EHHO-VC-Calibrated,5.143520531640048,5.142978833996729,0.0018596744631442274,28.354271599964704
IMG_0095,BEHHO-VC-Calibrated,5.143765774643843,5.143129989181122,0.001803839282243503,28.55857079999987
IMG_0095,EHHO-VC,5.143728005148664,5.143130118461354,0.001689994594484761,17.25995310000144
IMG_0095,HHO-VC,5.14271478629473,5.142862469411243,0.001595371617214095,15.715738300001249
IMG_0096,BDA-EHHO-VC-Calibrated,5.374230063831573,5.3748729030086775,0.0034205334167286285,27.68562599999132
IMG_0096,BEHHO-VC-Calibrated,5.374687274083215,5.375040920587859,0.0035036295738981515,29.4321665999596
IMG_0096,EHHO-VC,5.374781000275583,5.375149897139832,0.0034302522980737753,11.555116500006989
IMG_0096,HHO-VC,5.374781000275583,5.375120224413768,0.003497230375721335,8.735105300031137
IMG_0097,BDA-EHHO-VC-Calibrated,5.727131908710132,5.727186418748261,0.0016505400525634406,22.461781899968628
IMG_0097,BEHHO-VC-Calibrated,5.727263758556166,5.727112940214189,0.0015520367277527148,20.613902500015683
IMG_0097,EHHO-VC,5.727174143552072,5.727320026812933,0.0019271702525867258,10.730797199998053
IMG_0097,HHO-VC,5.727524154082393,5.727327196565369,0.001991193140418615,5.895747400005348
IMG_0098,BDA-EHHO-VC-Calibrated,5.309791424360404,5.308268733661311,0.004780889161489248,13.616593100014144
IMG_0098,BEHHO-VC-Calibrated,5.309972304378114,5.308482777901313,0.004574922122696625,17.30879159999313
IMG_0098,EHHO-VC,5.309543286710155,5.308206943696007,0.00459712636639521,9.548798999981956
IMG_0098,HHO-VC,5.309859603196251,5.308269261954099,0.0046208649895248454,8.346854300005361
IMG_0099,BDA-EHHO-VC-Calibrated,5.259154236807453,5.258688367894469,0.0008397250364353564,12.38570520002395
IMG_0099,BEHHO-VC-Calibrated,5.258871467100576,5.258927369070268,0.0008035845549736412,14.893880199990235
IMG_0099,EHHO-VC,5.258902790426043,5.258900805037049,0.0008697403651694775,5.992313100025058
IMG_0099,HHO-VC,5.258981676180898,5.2588862159740035,0.0007654071750800699,5.730521299992688
IMG_0100,BDA-EHHO-VC-Calibrated,4.612797105583383,4.614038866174735,0.0025639568458894536,11.877072700008284
IMG_0100,BEHHO-VC-Calibrated,4.61303564224272,4.6137956836267,0.002825437089725883,13.372261800046545
IMG_0100,EHHO-VC,4.612987441670469,4.613889731724212,0.002397575308047899,6.972204599995166
IMG_0100,HHO-VC,4.612879257596418,4.61384319327224,0.0023605516174877235,6.586977300001308
