run_key,mechanism,variant,experiment_id,filename,run_index,population_size,evaluation_budget,seed,best_score,level_R,level_G,level_B,evaluations,runtime_s,diversity_threshold,injection_fraction,injection_count,mean_diversity,final_diversity,rho_max,rho_min,bda_proposals,ehho_proposals,bda_fraction
BEHHO|IMG_0005|r1|thr0.70_frac0.20,BEHHO,thr0.70_frac0.20,IMG_0005,105025.jpg,1,20,400,987927628,4.615607962009524,2,2,3,400,20.703248400008306,0.7,0.2,7,0.731375,0.7179166666666666,,,,,
BEHHO|IMG_0005|r1|thr0.70_frac0.30,BEHHO,thr0.70_frac0.30,IMG_0005,105025.jpg,1,20,400,987927628,4.614739288874254,2,2,6,400,20.680788600002415,0.7,0.3,4,0.7743333333333333,0.7395833333333334,,,,,
BEHHO|IMG_0005|r1|thr0.75_frac0.20,BEHHO,thr0.75_frac0.20,IMG_0005,105025.jpg,1,20,400,987927628,4.615693929578865,2,2,5,400,20.3995111999684,0.75,0.2,11,0.7438541666666667,0.75875,,,,,
BEHHO|IMG_0005|r1|thr0.75_frac0.30,BEHHO,thr0.75_frac0.30,IMG_0005,105025.jpg,1,20,400,987927628,4.614739288874254,2,2,6,400,20.943357300013304,0.75,0.3,7,0.7605833333333334,0.4679166666666667,,,,,
BEHHO|IMG_0005|r1|thr0.80_frac0.20,BEHHO,thr0.80_frac0.20,IMG_0005,105025.jpg,1,20,400,987927628,4.615693929578865,2,2,5,400,21.85774720000336,0.8,0.2,11,0.7438541666666667,0.75875,,,,,
BEHHO|IMG_0005|r1|thr0.80_frac0.30,BEHHO,thr0.80_frac0.30,IMG_0005,105025.jpg,1,20,400,987927628,4.615614506312684,4,2,6,400,21.546321899979375,0.8,0.3,6,0.8020416666666665,0.6774999999999999,,,,,
HYBRID|IMG_0005|r1|balanced_80_20,HYBRID,balanced_80_20,IMG_0005,105025.jpg,1,20,400,987927628,4.616453699363155,2,169,142,400,21.107422100030817,,,,,,0.8,0.2,98,102,0.49
HYBRID|IMG_0005|r1|balanced_70_30,HYBRID,balanced_70_30,IMG_0005,105025.jpg,1,20,400,987927628,4.615642952106595,2,2,213,400,21.37564129999373,,,,,,0.7,0.3,90,110,0.45
HYBRID|IMG_0005|r1|balanced_65_35,HYBRID,balanced_65_35,IMG_0005,105025.jpg,1,20,400,987927628,4.616669268233452,2,68,212,400,21.00421759998426,,,,,,0.65,0.35,99,101,0.495
BEHHO|IMG_0005|r2|thr0.70_frac0.20,BEHHO,thr0.70_frac0.20,IMG_0005,105025.jpg,2,20,400,529390759,4.612660821968706,25,3,3,400,20.969910399988294,0.7,0.2,0,0.9204375,0.9220833333333333,,,,,
BEHHO|IMG_0005|r2|thr0.70_frac0.30,BEHHO,thr0.70_frac0.30,IMG_0005,105025.jpg,2,20,400,529390759,4.612660821968706,25,3,3,400,21.648126699961722,0.7,0.3,0,0.9204375,0.9220833333333333,,,,,
BEHHO|IMG_0005|r2|thr0.75_frac0.20,BEHHO,thr0.75_frac0.20,IMG_0005,105025.jpg,2,20,400,529390759,4.612660821968706,25,3,3,400,35.77384029998211,0.75,0.2,0,0.9204375,0.9220833333333333,,,,,
BEHHO|IMG_0005|r2|thr0.75_frac0.30,BEHHO,thr0.75_frac0.30,IMG_0005,105025.jpg,2,20,400,529390759,4.612660821968706,25,3,3,400,59.73977529996773,0.75,0.3,0,0.9204375,0.9220833333333333,,,,,
BEHHO|IMG_0005|r2|thr0.80_frac0.20,BEHHO,thr0.80_frac0.20,IMG_0005,105025.jpg,2,20,400,529390759,4.612660821968706,25,3,3,400,63.55839169997489,0.8,0.2,0,0.9204375,0.9220833333333333,,,,,
BEHHO|IMG_0005|r2|thr0.80_frac0.30,BEHHO,thr0.80_frac0.30,IMG_0005,105025.jpg,2,20,400,529390759,4.612660821968706,25,3,3,400,44.83287440001732,0.8,0.3,0,0.9204375,0.9220833333333333,,,,,
HYBRID|IMG_0005|r2|balanced_80_20,HYBRID,balanced_80_20,IMG_0005,105025.jpg,2,20,400,529390759,4.614075063609033,4,3,106,400,45.91627220000373,,,,,,0.8,0.2,106,94,0.53
HYBRID|IMG_0005|r2|balanced_70_30,HYBRID,balanced_70_30,IMG_0005,105025.jpg,2,20,400,529390759,4.6126904598571095,33,3,7,400,45.88526600005571,,,,,,0.7,0.3,88,112,0.44
HYBRID|IMG_0005|r2|balanced_65_35,HYBRID,balanced_65_35,IMG_0005,105025.jpg,2,20,400,529390759,4.613451186786675,34,3,243,400,51.45890710002277,,,,,,0.65,0.35,89,111,0.445
BEHHO|IMG_0006|r1|thr0.70_frac0.20,BEHHO,thr0.70_frac0.20,IMG_0006,106024.jpg,1,20,400,1410984088,4.707918501349213,2,234,20,400,57.69486099999631,0.7,0.2,1,0.8362708333333332,0.6970833333333334,,,,,
BEHHO|IMG_0006|r1|thr0.70_frac0.30,BEHHO,thr0.70_frac0.30,IMG_0006,106024.jpg,1,20,400,1410984088,4.707918501349213,2,234,20,400,56.60246720002033,0.7,0.3,1,0.8397500000000001,0.8420833333333334,,,,,
BEHHO|IMG_0006|r1|thr0.75_frac0.20,BEHHO,thr0.75_frac0.20,IMG_0006,106024.jpg,1,20,400,1410984088,4.707567401493722,2,249,9,400,57.89970090001589,0.75,0.2,4,0.8368958333333334,0.9416666666666668,,,,,
BEHHO|IMG_0006|r1|thr0.75_frac0.30,BEHHO,thr0.75_frac0.30,IMG_0006,106024.jpg,1,20,400,1410984088,4.707327384981934,2,48,9,400,57.389532100001816,0.75,0.3,4,0.7898958333333334,0.6579166666666667,,,,,
BEHHO|IMG_0006|r1|thr0.80_frac0.20,BEHHO,thr0.80_frac0.20,IMG_0006,106024.jpg,1,20,400,1410984088,4.707715477677971,2,8,13,400,57.04782300000079,0.8,0.2,6,0.8321875000000001,0.8808333333333334,,,,,
BEHHO|IMG_0006|r1|thr0.80_frac0.30,BEHHO,thr0.80_frac0.30,IMG_0006,106024.jpg,1,20,400,1410984088,4.70792833657498,2,8,8,400,55.25492740003392,0.8,0.3,7,0.8024583333333333,0.5604166666666667,,,,,
HYBRID|IMG_0006|r1|balanced_80_20,HYBRID,balanced_80_20,IMG_0006,106024.jpg,1,20,400,1410984088,4.708352468038751,2,115,128,400,57.432548800017685,,,,,,0.8,0.2,97,103,0.485
HYBRID|IMG_0006|r1|balanced_70_30,HYBRID,balanced_70_30,IMG_0006,106024.jpg,1,20,400,1410984088,4.708326992379559,2,34,35,400,59.78819389996352,,,,,,0.7,0.3,90,110,0.45
HYBRID|IMG_0006|r1|balanced_65_35,HYBRID,balanced_65_35,IMG_0006,106024.jpg,1,20,400,1410984088,4.7084060808301835,2,111,135,400,58.442518699972425,,,,,,0.65,0.35,100,100,0.5
BEHHO|IMG_0006|r2|thr0.70_frac0.20,BEHHO,thr0.70_frac0.20,IMG_0006,106024.jpg,2,20,400,902949870,4.703135961939693,52,46,217,400,61.89366609998979,0.7,0.2,0,0.8622291666666667,0.8108333333333334,,,,,
BEHHO|IMG_0006|r2|thr0.70_frac0.30,BEHHO,thr0.70_frac0.30,IMG_0006,106024.jpg,2,20,400,902949870,4.703135961939693,52,46,217,400,61.107952199992724,0.7,0.3,0,0.8622291666666667,0.8108333333333334,,,,,
BEHHO|IMG_0006|r2|thr0.75_frac0.20,BEHHO,thr0.75_frac0.20,IMG_0006,106024.jpg,2,20,400,902949870,4.703135961939693,52,46,217,400,58.49741549999453,0.75,0.2,0,0.8622291666666667,0.8108333333333334,,,,,
BEHHO|IMG_0006|r2|thr0.75_frac0.30,BEHHO,thr0.75_frac0.30,IMG_0006,106024.jpg,2,20,400,902949870,4.703135961939693,52,46,217,400,61.36528799997177,0.75,0.3,0,0.8622291666666667,0.8108333333333334,,,,,
BEHHO|IMG_0006|r2|thr0.80_frac0.20,BEHHO,thr0.80_frac0.20,IMG_0006,106024.jpg,2,20,400,902949870,4.703135961939693,52,46,217,400,60.835770200006664,0.8,0.2,0,0.8622291666666667,0.8108333333333334,,,,,
BEHHO|IMG_0006|r2|thr0.80_frac0.30,BEHHO,thr0.80_frac0.30,IMG_0006,106024.jpg,2,20,400,902949870,4.703135961939693,52,46,217,400,61.533885000040755,0.8,0.3,0,0.8622291666666667,0.8108333333333334,,,,,
HYBRID|IMG_0006|r2|balanced_80_20,HYBRID,balanced_80_20,IMG_0006,106024.jpg,2,20,400,902949870,4.702765496571788,129,64,11,400,60.735724200028926,,,,,,0.8,0.2,91,109,0.455
HYBRID|IMG_0006|r2|balanced_70_30,HYBRID,balanced_70_30,IMG_0006,106024.jpg,2,20,400,902949870,4.703197131971566,7,46,2,400,58.318525700015016,,,,,,0.7,0.3,89,111,0.445
HYBRID|IMG_0006|r2|balanced_65_35,HYBRID,balanced_65_35,IMG_0006,106024.jpg,2,20,400,902949870,4.703303679542628,66,67,2,400,60.208603199978825,,,,,,0.65,0.35,100,100,0.5
BEHHO|IMG_0015|r1|thr0.70_frac0.20,BEHHO,thr0.70_frac0.20,IMG_0015,130026.jpg,1,20,400,1025604623,4.885545658632018,95,255,255,400,59.799253800010774,0.7,0.2,3,0.8124999999999998,0.6425,,,,,
BEHHO|IMG_0015|r1|thr0.70_frac0.30,BEHHO,thr0.70_frac0.30,IMG_0015,130026.jpg,1,20,400,1025604623,4.885680193200585,95,127,255,400,60.95231150003383,0.7,0.3,8,0.7306458333333332,0.6929166666666666,,,,,
BEHHO|IMG_0015|r1|thr0.75_frac0.20,BEHHO,thr0.75_frac0.20,IMG_0015,130026.jpg,1,20,400,1025604623,4.885545658632018,95,255,255,400,60.03468480001902,0.75,0.2,6,0.8003541666666667,0.7004166666666666,,,,,
BEHHO|IMG_0015|r1|thr0.75_frac0.30,BEHHO,thr0.75_frac0.30,IMG_0015,130026.jpg,1,20,400,1025604623,4.885587462969855,93,255,255,400,59.586596700013615,0.75,0.3,10,0.7101458333333331,0.6766666666666666,,,,,
BEHHO|IMG_0015|r1|thr0.80_frac0.20,BEHHO,thr0.80_frac0.20,IMG_0015,130026.jpg,1,20,400,1025604623,4.885545658632018,95,255,255,400,60.685761100030504,0.8,0.2,6,0.8003541666666667,0.7004166666666666,,,,,
BEHHO|IMG_0015|r1|thr0.80_frac0.30,BEHHO,thr0.80_frac0.30,IMG_0015,130026.jpg,1,20,400,1025604623,4.88547539422419,63,239,247,400,61.08757939998759,0.8,0.3,11,0.7364791666666666,0.5524999999999999,,,,,
HYBRID|IMG_0015|r1|balanced_80_20,HYBRID,balanced_80_20,IMG_0015,130026.jpg,1,20,400,1025604623,4.885476158971394,63,144,237,400,59.23176719999174,,,,,,0.8,0.2,98,102,0.49
HYBRID|IMG_0015|r1|balanced_70_30,HYBRID,balanced_70_30,IMG_0015,130026.jpg,1,20,400,1025604623,4.8848900660938135,32,140,242,400,60.36558789998526,,,,,,0.7,0.3,97,103,0.485
HYBRID|IMG_0015|r1|balanced_65_35,HYBRID,balanced_65_35,IMG_0015,130026.jpg,1,20,400,1025604623,4.885147936860264,58,139,255,400,63.3354947999469,,,,,,0.65,0.35,100,100,0.5
BEHHO|IMG_0015|r2|thr0.70_frac0.20,BEHHO,thr0.70_frac0.20,IMG_0015,130026.jpg,2,20,400,1455235506,4.885032019115998,2,50,112,400,62.922417900001165,0.7,0.2,0,0.8720208333333334,0.84625,,,,,
BEHHO|IMG_0015|r2|thr0.70_frac0.30,BEHHO,thr0.70_frac0.30,IMG_0015,130026.jpg,2,20,400,1455235506,4.885032019115998,2,50,112,400,60.01964919996681,0.7,0.3,0,0.8720208333333334,0.84625,,,,,
BEHHO|IMG_0015|r2|thr0.75_frac0.20,BEHHO,thr0.75_frac0.20,IMG_0015,130026.jpg,2,20,400,1455235506,4.885032019115998,2,50,112,400,61.3987058000057,0.75,0.2,0,0.8720208333333334,0.84625,,,,,
BEHHO|IMG_0015|r2|thr0.75_frac0.30,BEHHO,thr0.75_frac0.30,IMG_0015,130026.jpg,2,20,400,1455235506,4.885032019115998,2,50,112,400,58.33603020000737,0.75,0.3,0,0.8720208333333334,0.84625,,,,,
BEHHO|IMG_0015|r2|thr0.80_frac0.20,BEHHO,thr0.80_frac0.20,IMG_0015,130026.jpg,2,20,400,1455235506,4.885032019115998,2,50,112,400,59.737757300026715,0.8,0.2,1,0.8708333333333333,0.7920833333333333,,,,,
BEHHO|IMG_0015|r2|thr0.80_frac0.30,BEHHO,thr0.80_frac0.30,IMG_0015,130026.jpg,2,20,400,1455235506,4.885032019115998,2,50,112,400,62.38946750003379,0.8,0.3,1,0.8761666666666666,0.8395833333333332,,,,,
HYBRID|IMG_0015|r2|balanced_80_20,HYBRID,balanced_80_20,IMG_0015,130026.jpg,2,20,400,1455235506,4.884318178532983,224,8,104,400,59.605873900000006,,,,,,0.8,0.2,94,106,0.47
HYBRID|IMG_0015|r2|balanced_70_30,HYBRID,balanced_70_30,IMG_0015,130026.jpg,2,20,400,1455235506,4.884365123901637,11,8,104,400,61.16476890002377,,,,,,0.7,0.3,98,102,0.49
HYBRID|IMG_0015|r2|balanced_65_35,HYBRID,balanced_65_35,IMG_0015,130026.jpg,2,20,400,1455235506,4.8843180382706315,28,43,104,400,59.977220400003716,,,,,,0.65,0.35,94,106,0.47
BEHHO|IMG_0034|r1|thr0.70_frac0.20,BEHHO,thr0.70_frac0.20,IMG_0034,182053.jpg,1,20,400,747861275,5.265948430864512,69,38,40,400,59.97690569999395,0.7,0.2,0,0.8614374999999999,0.8520833333333333,,,,,
BEHHO|IMG_0034|r1|thr0.70_frac0.30,BEHHO,thr0.70_frac0.30,IMG_0034,182053.jpg,1,20,400,747861275,5.265948430864512,69,38,40,400,58.60139939998044,0.7,0.3,0,0.8614374999999999,0.8520833333333333,,,,,
BEHHO|IMG_0034|r1|thr0.75_frac0.20,BEHHO,thr0.75_frac0.20,IMG_0034,182053.jpg,1,20,400,747861275,5.265948430864512,69,38,40,400,47.25196829997003,0.75,0.2,0,0.8614374999999999,0.8520833333333333,,,,,
BEHHO|IMG_0034|r1|thr0.75_frac0.30,BEHHO,thr0.75_frac0.30,IMG_0034,182053.jpg,1,20,400,747861275,5.265948430864512,69,38,40,400,48.2503956000437,0.75,0.3,0,0.8614374999999999,0.8520833333333333,,,,,
BEHHO|IMG_0034|r1|thr0.80_frac0.20,BEHHO,thr0.80_frac0.20,IMG_0034,182053.jpg,1,20,400,747861275,5.266211426978176,30,252,14,400,52.15266160003375,0.8,0.2,2,0.8481875000000001,0.8329166666666667,,,,,
BEHHO|IMG_0034|r1|thr0.80_frac0.30,BEHHO,thr0.80_frac0.30,IMG_0034,182053.jpg,1,20,400,747861275,5.266175322996407,57,238,14,400,63.792777199996635,0.8,0.3,4,0.8476874999999999,0.8266666666666668,,,,,
HYBRID|IMG_0034|r1|balanced_80_20,HYBRID,balanced_80_20,IMG_0034,182053.jpg,1,20,400,747861275,5.26622630143501,78,67,208,400,60.6998018999584,,,,,,0.8,0.2,97,103,0.485
HYBRID|IMG_0034|r1|balanced_70_30,HYBRID,balanced_70_30,IMG_0034,182053.jpg,1,20,400,747861275,5.26598925367639,46,65,38,400,58.21774910000386,,,,,,0.7,0.3,103,97,0.515
HYBRID|IMG_0034|r1|balanced_65_35,HYBRID,balanced_65_35,IMG_0034,182053.jpg,1,20,400,747861275,5.266100640099615,78,67,214,400,63.97956979996525,,,,,,0.65,0.35,100,100,0.5
BEHHO|IMG_0034|r2|thr0.70_frac0.20,BEHHO,thr0.70_frac0.20,IMG_0034,182053.jpg,2,20,400,1360068723,5.270000710686921,198,176,4,400,63.51897510001436,0.7,0.2,1,0.8384791666666667,0.5491666666666667,,,,,
BEHHO|IMG_0034|r2|thr0.70_frac0.30,BEHHO,thr0.70_frac0.30,IMG_0034,182053.jpg,2,20,400,1360068723,5.270000710686921,198,176,4,400,59.71843519998947,0.7,0.3,1,0.843,0.67625,,,,,
BEHHO|IMG_0034|r2|thr0.75_frac0.20,BEHHO,thr0.75_frac0.20,IMG_0034,182053.jpg,2,20,400,1360068723,5.270000710686921,198,176,4,400,60.21043859998463,0.75,0.2,1,0.8384791666666667,0.5491666666666667,,,,,
BEHHO|IMG_0034|r2|thr0.75_frac0.30,BEHHO,thr0.75_frac0.30,IMG_0034,182053.jpg,2,20,400,1360068723,5.26962499136805,2,176,4,400,59.43356929998845,0.75,0.3,2,0.8487500000000001,0.7912500000000001,,,,,
BEHHO|IMG_0034|r2|thr0.80_frac0.20,BEHHO,thr0.80_frac0.20,IMG_0034,182053.jpg,2,20,400,1360068723,5.269133966981812,30,176,4,400,60.14687429997139,0.8,0.2,4,0.8514375000000001,0.7875,,,,,
BEHHO|IMG_0034|r2|thr0.80_frac0.30,BEHHO,thr0.80_frac0.30,IMG_0034,182053.jpg,2,20,400,1360068723,5.268825691157213,32,176,4,400,64.28031679999549,0.8,0.3,4,0.8558541666666665,0.8716666666666667,,,,,
HYBRID|IMG_0034|r2|balanced_80_20,HYBRID,balanced_80_20,IMG_0034,182053.jpg,2,20,400,1360068723,5.270405863591462,32,136,107,400,62.740972300001886,,,,,,0.8,0.2,96,104,0.48
HYBRID|IMG_0034|r2|balanced_70_30,HYBRID,balanced_70_30,IMG_0034,182053.jpg,2,20,400,1360068723,5.270030432731749,78,240,4,400,63.1934744999744,,,,,,0.7,0.3,90,110,0.45
HYBRID|IMG_0034|r2|balanced_65_35,HYBRID,balanced_65_35,IMG_0034,182053.jpg,2,20,400,1360068723,5.270087888631257,16,244,8,400,61.2741384000401,,,,,,0.65,0.35,113,87,0.565
BEHHO|IMG_0063|r1|thr0.70_frac0.20,BEHHO,thr0.70_frac0.20,IMG_0063,302008.jpg,1,20,400,827430056,4.040902448304643,253,223,255,400,58.98621880001156,0.7,0.2,4,0.7890625,0.6270833333333333,,,,,
BEHHO|IMG_0063|r1|thr0.70_frac0.30,BEHHO,thr0.70_frac0.30,IMG_0063,302008.jpg,1,20,400,827430056,4.040863558910483,255,222,255,400,59.234249000030104,0.7,0.3,2,0.7971041666666667,0.78125,,,,,
BEHHO|IMG_0063|r1|thr0.75_frac0.20,BEHHO,thr0.75_frac0.20,IMG_0063,302008.jpg,1,20,400,827430056,4.040586900695874,247,223,207,400,58.45897790003801,0.75,0.2,3,0.8577291666666668,0.8779166666666667,,,,,
BEHHO|IMG_0063|r1|thr0.75_frac0.30,BEHHO,thr0.75_frac0.30,IMG_0063,302008.jpg,1,20,400,827430056,4.040492182874193,35,217,39,400,62.62352279998595,0.75,0.3,2,0.86625,0.9129166666666667,,,,,
BEHHO|IMG_0063|r1|thr0.80_frac0.20,BEHHO,thr0.80_frac0.20,IMG_0063,302008.jpg,1,20,400,827430056,4.040583848699277,254,235,191,400,59.449383199971635,0.8,0.2,10,0.7762291666666667,0.6241666666666666,,,,,
BEHHO|IMG_0063|r1|thr0.80_frac0.30,BEHHO,thr0.80_frac0.30,IMG_0063,302008.jpg,1,20,400,827430056,4.040587924685435,19,236,202,400,60.438540900009684,0.8,0.3,10,0.7722291666666667,0.8275,,,,,
HYBRID|IMG_0063|r1|balanced_80_20,HYBRID,balanced_80_20,IMG_0063,302008.jpg,1,20,400,827430056,4.041162319552701,19,174,132,400,59.78015839995351,,,,,,0.8,0.2,97,103,0.485
HYBRID|IMG_0063|r1|balanced_70_30,HYBRID,balanced_70_30,IMG_0063,302008.jpg,1,20,400,827430056,4.041162319552701,19,174,132,400,61.340552799985744,,,,,,0.7,0.3,106,94,0.53
HYBRID|IMG_0063|r1|balanced_65_35,HYBRID,balanced_65_35,IMG_0063,302008.jpg,1,20,400,827430056,4.039397635866063,21,224,5,400,60.931489299982786,,,,,,0.65,0.35,107,93,0.535
BEHHO|IMG_0063|r2|thr0.70_frac0.20,BEHHO,thr0.70_frac0.20,IMG_0063,302008.jpg,2,20,400,1987326251,4.0370148474444045,6,8,33,400,60.57875129999593,0.7,0.2,1,0.8851875000000001,0.9083333333333333,,,,,
BEHHO|IMG_0063|r2|thr0.70_frac0.30,BEHHO,thr0.70_frac0.30,IMG_0063,302008.jpg,2,20,400,1987326251,4.036815542782297,32,6,100,400,59.22191699995892,0.7,0.3,4,0.8359375,0.7804166666666665,,,,,
BEHHO|IMG_0063|r2|thr0.75_frac0.20,BEHHO,thr0.75_frac0.20,IMG_0063,302008.jpg,2,20,400,1987326251,4.0370148474444045,6,8,33,400,61.258733799972106,0.75,0.2,1,0.8851875000000001,0.9083333333333333,,,,,
BEHHO|IMG_0063|r2|thr0.75_frac0.30,BEHHO,thr0.75_frac0.30,IMG_0063,302008.jpg,2,20,400,1987326251,4.036815542782297,32,6,100,400,57.92643859999953,0.75,0.3,4,0.8359375,0.7804166666666665,,,,,
BEHHO|IMG_0063|r2|thr0.80_frac0.20,BEHHO,thr0.80_frac0.20,IMG_0063,302008.jpg,2,20,400,1987326251,4.0370148474444045,6,8,33,400,59.43895209999755,0.8,0.2,1,0.8851875000000001,0.9083333333333333,,,,,
BEHHO|IMG_0063|r2|thr0.80_frac0.30,BEHHO,thr0.80_frac0.30,IMG_0063,302008.jpg,2,20,400,1987326251,4.036815542782297,32,6,100,400,58.00526019994868,0.8,0.3,4,0.8359375,0.7804166666666665,,,,,
HYBRID|IMG_0063|r2|balanced_80_20,HYBRID,balanced_80_20,IMG_0063,302008.jpg,2,20,400,1987326251,4.036149998985399,159,8,135,400,62.21948729996802,,,,,,0.8,0.2,103,97,0.515
HYBRID|IMG_0063|r2|balanced_70_30,HYBRID,balanced_70_30,IMG_0063,302008.jpg,2,20,400,1987326251,4.036256925553205,154,6,153,400,61.78086680005072,,,,,,0.7,0.3,93,107,0.465
HYBRID|IMG_0063|r2|balanced_65_35,HYBRID,balanced_65_35,IMG_0063,302008.jpg,2,20,400,1987326251,4.036447474588372,179,6,125,400,61.567310499958694,,,,,,0.65,0.35,104,96,0.52
BEHHO|IMG_0065|r1|thr0.70_frac0.20,BEHHO,thr0.70_frac0.20,IMG_0065,304074.jpg,1,20,400,839736107,5.2436614062070115,213,255,251,400,54.57879719999619,0.7,0.2,2,0.8183958333333333,0.8983333333333334,,,,,
BEHHO|IMG_0065|r1|thr0.70_frac0.30,BEHHO,thr0.70_frac0.30,IMG_0065,304074.jpg,1,20,400,839736107,5.243703004034843,211,238,255,400,55.342967799981125,0.7,0.3,3,0.7884583333333334,0.5991666666666666,,,,,
BEHHO|IMG_0065|r1|thr0.75_frac0.20,BEHHO,thr0.75_frac0.20,IMG_0065,304074.jpg,1,20,400,839736107,5.2436614062070115,213,255,251,400,51.84393740002997,0.75,0.2,7,0.7809375,0.7191666666666666,,,,,
BEHHO|IMG_0065|r1|thr0.75_frac0.30,BEHHO,thr0.75_frac0.30,IMG_0065,304074.jpg,1,20,400,839736107,5.243703004034843,211,238,255,400,54.9247941999929,0.75,0.3,6,0.8021666666666667,0.76125,,,,,
BEHHO|IMG_0065|r1|thr0.80_frac0.20,BEHHO,thr0.80_frac0.20,IMG_0065,304074.jpg,1,20,400,839736107,5.2436614062070115,213,255,251,400,60.68621019995771,0.8,0.2,9,0.8048125,0.88125,,,,,
BEHHO|IMG_0065|r1|thr0.80_frac0.30,BEHHO,thr0.80_frac0.30,IMG_0065,304074.jpg,1,20,400,839736107,5.243687460326018,219,237,251,400,63.09709200001089,0.8,0.3,5,0.8575625,0.8741666666666666,,,,,
HYBRID|IMG_0065|r1|balanced_80_20,HYBRID,balanced_80_20,IMG_0065,304074.jpg,1,20,400,839736107,5.243721624313641,220,242,236,400,63.46936819999246,,,,,,0.8,0.2,100,100,0.5
HYBRID|IMG_0065|r1|balanced_70_30,HYBRID,balanced_70_30,IMG_0065,304074.jpg,1,20,400,839736107,5.243774728632557,217,239,175,400,62.967960900045,,,,,,0.7,0.3,104,96,0.52
HYBRID|IMG_0065|r1|balanced_65_35,HYBRID,balanced_65_35,IMG_0065,304074.jpg,1,20,400,839736107,5.243752189640248,217,239,239,400,64.96236070001032,,,,,,0.65,0.35,107,93,0.535
BEHHO|IMG_0065|r2|thr0.70_frac0.20,BEHHO,thr0.70_frac0.20,IMG_0065,304074.jpg,2,20,400,1234979416,5.243292235229041,3,10,231,400,61.139951699995436,0.7,0.2,0,0.867,0.8454166666666666,,,,,
BEHHO|IMG_0065|r2|thr0.70_frac0.30,BEHHO,thr0.70_frac0.30,IMG_0065,304074.jpg,2,20,400,1234979416,5.243292235229041,3,10,231,400,63.32419800001662,0.7,0.3,0,0.867,0.8454166666666666,,,,,
BEHHO|IMG_0065|r2|thr0.75_frac0.20,BEHHO,thr0.75_frac0.20,IMG_0065,304074.jpg,2,20,400,1234979416,5.243292235229041,3,10,231,400,55.38491989998147,0.75,0.2,1,0.8792500000000001,0.8724999999999999,,,,,
BEHHO|IMG_0065|r2|thr0.75_frac0.30,BEHHO,thr0.75_frac0.30,IMG_0065,304074.jpg,2,20,400,1234979416,5.243292235229041,3,10,231,400,58.86993240000447,0.75,0.3,1,0.8835625,0.9341666666666667,,,,,
BEHHO|IMG_0065|r2|thr0.80_frac0.20,BEHHO,thr0.80_frac0.20,IMG_0065,304074.jpg,2,20,400,1234979416,5.2434139105081,9,80,166,400,61.85492319997866,0.8,0.2,2,0.8927291666666667,0.9375,,,,,
BEHHO|IMG_0065|r2|thr0.80_frac0.30,BEHHO,thr0.80_frac0.30,IMG_0065,304074.jpg,2,20,400,1234979416,5.2434139105081,9,80,166,400,60.567016799992416,0.8,0.3,2,0.9029999999999999,0.93125,,,,,
HYBRID|IMG_0065|r2|balanced_80_20,HYBRID,balanced_80_20,IMG_0065,304074.jpg,2,20,400,1234979416,5.2431449312790415,65,14,168,400,62.80956690001767,,,,,,0.8,0.2,108,92,0.54
HYBRID|IMG_0065|r2|balanced_70_30,HYBRID,balanced_70_30,IMG_0065,304074.jpg,2,20,400,1234979416,5.24285315151559,13,14,160,400,60.954899000003934,,,,,,0.7,0.3,99,101,0.495
HYBRID|IMG_0065|r2|balanced_65_35,HYBRID,balanced_65_35,IMG_0065,304074.jpg,2,20,400,1234979416,5.242993738931206,5,11,220,400,56.69079520000378,,,,,,0.65,0.35,101,99,0.505
BEHHO|IMG_0067|r1|thr0.70_frac0.20,BEHHO,thr0.70_frac0.20,IMG_0067,3096.jpg,1,20,400,1774026926,5.812019250556882,255,159,207,400,47.92637669999385,0.7,0.2,3,0.7756458333333334,0.8470833333333333,,,,,
BEHHO|IMG_0067|r1|thr0.70_frac0.30,BEHHO,thr0.70_frac0.30,IMG_0067,3096.jpg,1,20,400,1774026926,5.812046081856924,255,123,187,400,52.94319899997208,0.7,0.3,6,0.7676666666666666,0.9,,,,,
BEHHO|IMG_0067|r1|thr0.75_frac0.20,BEHHO,thr0.75_frac0.20,IMG_0067,3096.jpg,1,20,400,1774026926,5.812082458227582,255,222,206,400,59.815640999993775,0.75,0.2,5,0.7773333333333334,0.8241666666666667,,,,,
BEHHO|IMG_0067|r1|thr0.75_frac0.30,BEHHO,thr0.75_frac0.30,IMG_0067,3096.jpg,1,20,400,1774026926,5.81226090433136,255,255,217,400,57.86034000001382,0.75,0.3,13,0.6664375,0.44708333333333333,,,,,
BEHHO|IMG_0067|r1|thr0.80_frac0.20,BEHHO,thr0.80_frac0.20,IMG_0067,3096.jpg,1,20,400,1774026926,5.812107503036354,222,96,206,400,57.14318239997374,0.8,0.2,14,0.7373124999999999,0.9570833333333333,,,,,
BEHHO|IMG_0067|r1|thr0.80_frac0.30,BEHHO,thr0.80_frac0.30,IMG_0067,3096.jpg,1,20,400,1774026926,5.811979073812147,255,95,126,400,61.300846999976784,0.8,0.3,9,0.7845833333333332,0.8475,,,,,
HYBRID|IMG_0067|r1|balanced_80_20,HYBRID,balanced_80_20,IMG_0067,3096.jpg,1,20,400,1774026926,5.8118872335556935,255,92,200,400,60.4282997000264,,,,,,0.8,0.2,102,98,0.51
HYBRID|IMG_0067|r1|balanced_70_30,HYBRID,balanced_70_30,IMG_0067,3096.jpg,1,20,400,1774026926,5.811484142412982,255,99,203,400,60.611928199999966,,,,,,0.7,0.3,105,95,0.525
HYBRID|IMG_0067|r1|balanced_65_35,HYBRID,balanced_65_35,IMG_0067,3096.jpg,1,20,400,1774026926,5.811584945106207,255,71,190,400,60.696102200017776,,,,,,0.65,0.35,97,103,0.485
BEHHO|IMG_0067|r2|thr0.70_frac0.20,BEHHO,thr0.70_frac0.20,IMG_0067,3096.jpg,2,20,400,1502492182,5.812336573130867,159,123,251,400,60.15924950002227,0.7,0.2,0,0.9011041666666667,0.7954166666666667,,,,,
BEHHO|IMG_0067|r2|thr0.70_frac0.30,BEHHO,thr0.70_frac0.30,IMG_0067,3096.jpg,2,20,400,1502492182,5.812336573130867,159,123,251,400,57.890579899947625,0.7,0.3,0,0.9011041666666667,0.7954166666666667,,,,,
BEHHO|IMG_0067|r2|thr0.75_frac0.20,BEHHO,thr0.75_frac0.20,IMG_0067,3096.jpg,2,20,400,1502492182,5.812336573130867,159,123,251,400,63.01074860000517,0.75,0.2,0,0.9011041666666667,0.7954166666666667,,,,,
BEHHO|IMG_0067|r2|thr0.75_frac0.30,BEHHO,thr0.75_frac0.30,IMG_0067,3096.jpg,2,20,400,1502492182,5.812336573130867,159,123,251,400,57.069666200026404,0.75,0.3,0,0.9011041666666667,0.7954166666666667,,,,,
BEHHO|IMG_0067|r2|thr0.80_frac0.20,BEHHO,thr0.80_frac0.20,IMG_0067,3096.jpg,2,20,400,1502492182,5.812336573130867,159,123,251,400,58.784684899961576,0.8,0.2,0,0.9011041666666667,0.7954166666666667,,,,,
BEHHO|IMG_0067|r2|thr0.80_frac0.30,BEHHO,thr0.80_frac0.30,IMG_0067,3096.jpg,2,20,400,1502492182,5.812336573130867,159,123,251,400,57.72127249999903,0.8,0.3,0,0.9011041666666667,0.7954166666666667,,,,,
HYBRID|IMG_0067|r2|balanced_80_20,HYBRID,balanced_80_20,IMG_0067,3096.jpg,2,20,400,1502492182,5.8123136946500695,101,117,247,400,61.50396639999235,,,,,,0.8,0.2,110,90,0.55
HYBRID|IMG_0067|r2|balanced_70_30,HYBRID,balanced_70_30,IMG_0067,3096.jpg,2,20,400,1502492182,5.8123136946500695,101,117,247,400,61.67397439997876,,,,,,0.7,0.3,113,87,0.565
HYBRID|IMG_0067|r2|balanced_65_35,HYBRID,balanced_65_35,IMG_0067,3096.jpg,2,20,400,1502492182,5.811959383613903,181,124,176,400,62.96344660001341,,,,,,0.65,0.35,97,103,0.485
BEHHO|IMG_0076|r1|thr0.70_frac0.20,BEHHO,thr0.70_frac0.20,IMG_0076,41033.jpg,1,20,400,996011701,4.883257122262847,155,2,216,400,60.59025660000043,0.7,0.2,0,0.9328750000000001,0.96125,,,,,
BEHHO|IMG_0076|r1|thr0.70_frac0.30,BEHHO,thr0.70_frac0.30,IMG_0076,41033.jpg,1,20,400,996011701,4.883257122262847,155,2,216,400,61.0050298999995,0.7,0.3,0,0.9328750000000001,0.96125,,,,,
BEHHO|IMG_0076|r1|thr0.75_frac0.20,BEHHO,thr0.75_frac0.20,IMG_0076,41033.jpg,1,20,400,996011701,4.883257122262847,155,2,216,400,60.96957979997387,0.75,0.2,0,0.9328750000000001,0.96125,,,,,
BEHHO|IMG_0076|r1|thr0.75_frac0.30,BEHHO,thr0.75_frac0.30,IMG_0076,41033.jpg,1,20,400,996011701,4.883257122262847,155,2,216,400,65.01348209998105,0.75,0.3,0,0.9328750000000001,0.96125,,,,,
BEHHO|IMG_0076|r1|thr0.80_frac0.20,BEHHO,thr0.80_frac0.20,IMG_0076,41033.jpg,1,20,400,996011701,4.883257122262847,155,2,216,400,61.15715859999182,0.8,0.2,0,0.9328750000000001,0.96125,,,,,
BEHHO|IMG_0076|r1|thr0.80_frac0.30,BEHHO,thr0.80_frac0.30,IMG_0076,41033.jpg,1,20,400,996011701,4.883257122262847,155,2,216,400,61.03975369996624,0.8,0.3,0,0.9328750000000001,0.96125,,,,,
HYBRID|IMG_0076|r1|balanced_80_20,HYBRID,balanced_80_20,IMG_0076,41033.jpg,1,20,400,996011701,4.881749801154292,164,2,5,400,56.014483299979474,,,,,,0.8,0.2,99,101,0.495
HYBRID|IMG_0076|r1|balanced_70_30,HYBRID,balanced_70_30,IMG_0076,41033.jpg,1,20,400,996011701,4.882908531407478,170,2,3,400,59.5969282000442,,,,,,0.7,0.3,89,111,0.445
HYBRID|IMG_0076|r1|balanced_65_35,HYBRID,balanced_65_35,IMG_0076,41033.jpg,1,20,400,996011701,4.882783116562053,170,2,11,400,64.8251825000043,,,,,,0.65,0.35,90,110,0.45
BEHHO|IMG_0076|r2|thr0.70_frac0.20,BEHHO,thr0.70_frac0.20,IMG_0076,41033.jpg,2,20,400,1999416426,4.881222704807018,45,2,137,400,58.83338869997533,0.7,0.2,6,0.7397708333333333,0.735,,,,,
BEHHO|IMG_0076|r2|thr0.70_frac0.30,BEHHO,thr0.70_frac0.30,IMG_0076,41033.jpg,2,20,400,1999416426,4.881222704807018,45,2,137,400,61.46204309997847,0.7,0.3,3,0.7608749999999999,0.7720833333333333,,,,,
BEHHO|IMG_0076|r2|thr0.75_frac0.20,BEHHO,thr0.75_frac0.20,IMG_0076,41033.jpg,2,20,400,1999416426,4.881222704807018,45,2,137,400,59.99668029998429,0.75,0.2,10,0.7447916666666666,0.69125,,,,,
BEHHO|IMG_0076|r2|thr0.75_frac0.30,BEHHO,thr0.75_frac0.30,IMG_0076,41033.jpg,2,20,400,1999416426,4.880824394140983,199,2,173,400,61.16694650001591,0.75,0.3,4,0.8509166666666669,0.9395833333333332,,,,,
BEHHO|IMG_0076|r2|thr0.80_frac0.20,BEHHO,thr0.80_frac0.20,IMG_0076,41033.jpg,2,20,400,1999416426,4.881222704807018,45,2,137,400,58.59114110004157,0.8,0.2,12,0.7613333333333332,0.745,,,,,
BEHHO|IMG_0076|r2|thr0.80_frac0.30,BEHHO,thr0.80_frac0.30,IMG_0076,41033.jpg,2,20,400,1999416426,4.881222704807018,45,2,137,400,63.18100989999948,0.8,0.3,13,0.7456458333333332,0.7604166666666666,,,,,
HYBRID|IMG_0076|r2|balanced_80_20,HYBRID,balanced_80_20,IMG_0076,41033.jpg,2,20,400,1999416426,4.881192223786225,214,2,198,400,61.30452460004017,,,,,,0.8,0.2,106,94,0.53
HYBRID|IMG_0076|r2|balanced_70_30,HYBRID,balanced_70_30,IMG_0076,41033.jpg,2,20,400,1999416426,4.881563763961995,188,143,151,400,57.83914719999302,,,,,,0.7,0.3,118,82,0.59
HYBRID|IMG_0076|r2|balanced_65_35,HYBRID,balanced_65_35,IMG_0076,41033.jpg,2,20,400,1999416426,4.880647961641382,187,2,143,400,62.13966159999836,,,,,,0.65,0.35,103,97,0.515
BEHHO|IMG_0078|r1|thr0.70_frac0.20,BEHHO,thr0.70_frac0.20,IMG_0078,42012.jpg,1,20,400,1368832785,4.884765341960079,25,229,6,400,58.008760800003074,0.7,0.2,0,0.9205208333333333,0.94625,,,,,
BEHHO|IMG_0078|r1|thr0.70_frac0.30,BEHHO,thr0.70_frac0.30,IMG_0078,42012.jpg,1,20,400,1368832785,4.884765341960079,25,229,6,400,60.92920710000908,0.7,0.3,0,0.9205208333333333,0.94625,,,,,
BEHHO|IMG_0078|r1|thr0.75_frac0.20,BEHHO,thr0.75_frac0.20,IMG_0078,42012.jpg,1,20,400,1368832785,4.884765341960079,25,229,6,400,62.90939179999987,0.75,0.2,0,0.9205208333333333,0.94625,,,,,
BEHHO|IMG_0078|r1|thr0.75_frac0.30,BEHHO,thr0.75_frac0.30,IMG_0078,42012.jpg,1,20,400,1368832785,4.884765341960079,25,229,6,400,60.561544299998786,0.75,0.3,0,0.9205208333333333,0.94625,,,,,
BEHHO|IMG_0078|r1|thr0.80_frac0.20,BEHHO,thr0.80_frac0.20,IMG_0078,42012.jpg,1,20,400,1368832785,4.884765341960079,25,229,6,400,61.81150339997839,0.8,0.2,0,0.9205208333333333,0.94625,,,,,
BEHHO|IMG_0078|r1|thr0.80_frac0.30,BEHHO,thr0.80_frac0.30,IMG_0078,42012.jpg,1,20,400,1368832785,4.884765341960079,25,229,6,400,46.36152419995051,0.8,0.3,0,0.9205208333333333,0.94625,,,,,
HYBRID|IMG_0078|r1|balanced_80_20,HYBRID,balanced_80_20,IMG_0078,42012.jpg,1,20,400,1368832785,4.8838787082872335,56,246,7,400,40.91098660003627,,,,,,0.8,0.2,86,114,0.43
HYBRID|IMG_0078|r1|balanced_70_30,HYBRID,balanced_70_30,IMG_0078,42012.jpg,1,20,400,1368832785,4.88394201655817,69,248,3,400,44.90343220002251,,,,,,0.7,0.3,102,98,0.51
HYBRID|IMG_0078|r1|balanced_65_35,HYBRID,balanced_65_35,IMG_0078,42012.jpg,1,20,400,1368832785,4.883815097987803,25,233,7,400,63.59745280002244,,,,,,0.65,0.35,103,97,0.515
BEHHO|IMG_0078|r2|thr0.70_frac0.20,BEHHO,thr0.70_frac0.20,IMG_0078,42012.jpg,2,20,400,1218605923,4.88911488479871,23,244,36,400,80.53018550004344,0.7,0.2,0,0.8934374999999999,0.9270833333333334,,,,,
BEHHO|IMG_0078|r2|thr0.70_frac0.30,BEHHO,thr0.70_frac0.30,IMG_0078,42012.jpg,2,20,400,1218605923,4.88911488479871,23,244,36,400,61.510692599986214,0.7,0.3,0,0.8934374999999999,0.9270833333333334,,,,,
BEHHO|IMG_0078|r2|thr0.75_frac0.20,BEHHO,thr0.75_frac0.20,IMG_0078,42012.jpg,2,20,400,1218605923,4.88911488479871,23,244,36,400,50.715568399988115,0.75,0.2,0,0.8934374999999999,0.9270833333333334,,,,,
BEHHO|IMG_0078|r2|thr0.75_frac0.30,BEHHO,thr0.75_frac0.30,IMG_0078,42012.jpg,2,20,400,1218605923,4.88911488479871,23,244,36,400,44.5292943000095,0.75,0.3,0,0.8934374999999999,0.9270833333333334,,,,,
BEHHO|IMG_0078|r2|thr0.80_frac0.20,BEHHO,thr0.80_frac0.20,IMG_0078,42012.jpg,2,20,400,1218605923,4.889210480231973,78,226,182,400,49.1012483999948,0.8,0.2,2,0.8785625000000001,0.8875000000000001,,,,,
BEHHO|IMG_0078|r2|thr0.80_frac0.30,BEHHO,thr0.80_frac0.30,IMG_0078,42012.jpg,2,20,400,1218605923,4.889234738957631,154,238,202,400,59.39034049998736,0.8,0.3,2,0.8831666666666667,0.7895833333333333,,,,,
HYBRID|IMG_0078|r2|balanced_80_20,HYBRID,balanced_80_20,IMG_0078,42012.jpg,2,20,400,1218605923,4.888388767768029,47,223,13,400,54.922456100001,,,,,,0.8,0.2,102,98,0.51
HYBRID|IMG_0078|r2|balanced_70_30,HYBRID,balanced_70_30,IMG_0078,42012.jpg,2,20,400,1218605923,4.888476487828504,187,248,182,400,43.26494329998968,,,,,,0.7,0.3,101,99,0.505
HYBRID|IMG_0078|r2|balanced_65_35,HYBRID,balanced_65_35,IMG_0078,42012.jpg,2,20,400,1218605923,4.888184202242473,172,227,179,400,49.73138369998196,,,,,,0.65,0.35,81,119,0.405
BEHHO|IMG_0082|r1|thr0.70_frac0.20,BEHHO,thr0.70_frac0.20,IMG_0082,54082.jpg,1,20,400,1522188686,5.481331284088644,2,128,2,400,45.27362460002769,0.7,0.2,15,0.5956875000000001,0.31583333333333335,,,,,
BEHHO|IMG_0082|r1|thr0.70_frac0.30,BEHHO,thr0.70_frac0.30,IMG_0082,54082.jpg,1,20,400,1522188686,5.481331284088644,2,128,2,400,44.33936810004525,0.7,0.3,15,0.5741458333333334,0.36041666666666666,,,,,
BEHHO|IMG_0082|r1|thr0.75_frac0.20,BEHHO,thr0.75_frac0.20,IMG_0082,54082.jpg,1,20,400,1522188686,5.481331284088644,2,128,2,400,43.109170600015204,0.75,0.2,15,0.5956875000000001,0.31583333333333335,,,,,
BEHHO|IMG_0082|r1|thr0.75_frac0.30,BEHHO,thr0.75_frac0.30,IMG_0082,54082.jpg,1,20,400,1522188686,5.481331284088644,2,128,2,400,43.530227799958084,0.75,0.3,15,0.5741458333333334,0.36041666666666666,,,,,
BEHHO|IMG_0082|r1|thr0.80_frac0.20,BEHHO,thr0.80_frac0.20,IMG_0082,54082.jpg,1,20,400,1522188686,5.481331284088644,2,128,2,400,45.072826399991754,0.8,0.2,15,0.5956875000000001,0.31583333333333335,,,,,
BEHHO|IMG_0082|r1|thr0.80_frac0.30,BEHHO,thr0.80_frac0.30,IMG_0082,54082.jpg,1,20,400,1522188686,5.481331284088644,2,128,2,400,43.816041100013535,0.8,0.3,15,0.5741458333333334,0.36041666666666666,,,,,
HYBRID|IMG_0082|r1|balanced_80_20,HYBRID,balanced_80_20,IMG_0082,54082.jpg,1,20,400,1522188686,5.481558056374477,101,151,95,400,46.38329369999701,,,,,,0.8,0.2,96,104,0.48
HYBRID|IMG_0082|r1|balanced_70_30,HYBRID,balanced_70_30,IMG_0082,54082.jpg,1,20,400,1522188686,5.481140989129649,198,7,2,400,51.5131745999679,,,,,,0.7,0.3,102,98,0.51
HYBRID|IMG_0082|r1|balanced_65_35,HYBRID,balanced_65_35,IMG_0082,54082.jpg,1,20,400,1522188686,5.481300543996682,2,147,105,400,47.55216320004547,,,,,,0.65,0.35,96,104,0.48
BEHHO|IMG_0082|r2|thr0.70_frac0.20,BEHHO,thr0.70_frac0.20,IMG_0082,54082.jpg,2,20,400,1743986458,5.483891281392698,196,201,144,400,45.92397040000651,0.7,0.2,4,0.7824791666666667,0.7845833333333334,,,,,
BEHHO|IMG_0082|r2|thr0.70_frac0.30,BEHHO,thr0.70_frac0.30,IMG_0082,54082.jpg,2,20,400,1743986458,5.4837369501460484,132,204,144,400,60.93755030003376,0.7,0.3,1,0.8341458333333334,0.9250000000000002,,,,,
BEHHO|IMG_0082|r2|thr0.75_frac0.20,BEHHO,thr0.75_frac0.20,IMG_0082,54082.jpg,2,20,400,1743986458,5.483812700203682,128,228,20,400,57.860132100002375,0.75,0.2,5,0.8010208333333335,0.85,,,,,
BEHHO|IMG_0082|r2|thr0.75_frac0.30,BEHHO,thr0.75_frac0.30,IMG_0082,54082.jpg,2,20,400,1743986458,5.483891281392698,196,201,144,400,52.352067700005136,0.75,0.3,5,0.8005416666666665,0.7945833333333333,,,,,
BEHHO|IMG_0082|r2|thr0.80_frac0.20,BEHHO,thr0.80_frac0.20,IMG_0082,54082.jpg,2,20,400,1743986458,5.483484998092877,166,221,158,400,54.9327603999991,0.8,0.2,4,0.8619375000000001,0.9237500000000001,,,,,
BEHHO|IMG_0082|r2|thr0.80_frac0.30,BEHHO,thr0.80_frac0.30,IMG_0082,54082.jpg,2,20,400,1743986458,5.483569546946278,150,239,109,400,65.3473775999737,0.8,0.3,5,0.8385208333333333,0.8508333333333334,,,,,
HYBRID|IMG_0082|r2|balanced_80_20,HYBRID,balanced_80_20,IMG_0082,54082.jpg,2,20,400,1743986458,5.4833708172450955,159,202,155,400,62.95181659999071,,,,,,0.8,0.2,86,114,0.43
HYBRID|IMG_0082|r2|balanced_70_30,HYBRID,balanced_70_30,IMG_0082,54082.jpg,2,20,400,1743986458,5.483414917691614,156,240,117,400,56.181689999997616,,,,,,0.7,0.3,92,108,0.46
HYBRID|IMG_0082|r2|balanced_65_35,HYBRID,balanced_65_35,IMG_0082,54082.jpg,2,20,400,1743986458,5.483474583053745,183,228,18,400,61.80440359999193,,,,,,0.65,0.35,98,102,0.49
BEHHO|IMG_0090|r1|thr0.70_frac0.20,BEHHO,thr0.70_frac0.20,IMG_0090,69040.jpg,1,20,400,1031586320,5.19943662955847,16,2,2,400,60.137647600029595,0.7,0.2,15,0.5564583333333333,0.38125000000000003,,,,,
BEHHO|IMG_0090|r1|thr0.70_frac0.30,BEHHO,thr0.70_frac0.30,IMG_0090,69040.jpg,1,20,400,1031586320,5.199264939802913,112,2,2,400,58.91861900000367,0.7,0.3,13,0.6578125000000001,0.7766666666666667,,,,,
BEHHO|IMG_0090|r1|thr0.75_frac0.20,BEHHO,thr0.75_frac0.20,IMG_0090,69040.jpg,1,20,400,1031586320,5.19943662955847,16,2,2,400,58.994545500027016,0.75,0.2,15,0.5874791666666667,0.32750000000000007,,,,,
BEHHO|IMG_0090|r1|thr0.75_frac0.30,BEHHO,thr0.75_frac0.30,IMG_0090,69040.jpg,1,20,400,1031586320,5.1994017339878384,3,2,2,400,54.328076100035105,0.75,0.3,15,0.635375,0.48833333333333345,,,,,
BEHHO|IMG_0090|r1|thr0.80_frac0.20,BEHHO,thr0.80_frac0.20,IMG_0090,69040.jpg,1,20,400,1031586320,5.198947551833162,7,2,2,400,46.44668069999898,0.8,0.2,16,0.6157083333333333,0.7520833333333333,,,,,
BEHHO|IMG_0090|r1|thr0.80_frac0.30,BEHHO,thr0.80_frac0.30,IMG_0090,69040.jpg,1,20,400,1031586320,5.1994017339878384,3,2,2,400,43.295493600016925,0.8,0.3,15,0.6758541666666666,0.7562500000000001,,,,,
HYBRID|IMG_0090|r1|balanced_80_20,HYBRID,balanced_80_20,IMG_0090,69040.jpg,1,20,400,1031586320,5.200360484910387,2,2,2,400,46.29684660001658,,,,,,0.8,0.2,92,108,0.46
HYBRID|IMG_0090|r1|balanced_70_30,HYBRID,balanced_70_30,IMG_0090,69040.jpg,1,20,400,1031586320,5.200252529925354,8,2,2,400,53.94793009996647,,,,,,0.7,0.3,99,101,0.495
HYBRID|IMG_0090|r1|balanced_65_35,HYBRID,balanced_65_35,IMG_0090,69040.jpg,1,20,400,1031586320,5.201076770973829,3,6,114,400,49.28348049998749,,,,,,0.65,0.35,88,112,0.44
BEHHO|IMG_0090|r2|thr0.70_frac0.20,BEHHO,thr0.70_frac0.20,IMG_0090,69040.jpg,2,20,400,593307423,5.196881800493145,116,194,2,400,48.69260290003149,0.7,0.2,1,0.8294583333333334,0.8825,,,,,
BEHHO|IMG_0090|r2|thr0.70_frac0.30,BEHHO,thr0.70_frac0.30,IMG_0090,69040.jpg,2,20,400,593307423,5.196847799627315,59,194,2,400,52.15967439999804,0.7,0.3,1,0.8259791666666667,0.875,,,,,
BEHHO|IMG_0090|r2|thr0.75_frac0.20,BEHHO,thr0.75_frac0.20,IMG_0090,69040.jpg,2,20,400,593307423,5.196881800493145,116,194,2,400,57.474166799976956,0.75,0.2,2,0.8283333333333334,0.8733333333333334,,,,,
BEHHO|IMG_0090|r2|thr0.75_frac0.30,BEHHO,thr0.75_frac0.30,IMG_0090,69040.jpg,2,20,400,593307423,5.196847799627315,59,194,2,400,54.84439870005008,0.75,0.3,1,0.8259791666666667,0.875,,,,,
BEHHO|IMG_0090|r2|thr0.80_frac0.20,BEHHO,thr0.80_frac0.20,IMG_0090,69040.jpg,2,20,400,593307423,5.196881800493145,116,194,2,400,61.690792399982456,0.8,0.2,7,0.8156666666666667,0.79625,,,,,
BEHHO|IMG_0090|r2|thr0.80_frac0.30,BEHHO,thr0.80_frac0.30,IMG_0090,69040.jpg,2,20,400,593307423,5.196881800493145,116,194,2,400,58.185315900016576,0.8,0.3,8,0.8143750000000001,0.7608333333333334,,,,,
HYBRID|IMG_0090|r2|balanced_80_20,HYBRID,balanced_80_20,IMG_0090,69040.jpg,2,20,400,593307423,5.197007720288158,14,212,2,400,52.31938549998449,,,,,,0.8,0.2,102,98,0.51
HYBRID|IMG_0090|r2|balanced_70_30,HYBRID,balanced_70_30,IMG_0090,69040.jpg,2,20,400,593307423,5.196539105616314,112,172,2,400,53.492743999988306,,,,,,0.7,0.3,101,99,0.505
HYBRID|IMG_0090|r2|balanced_65_35,HYBRID,balanced_65_35,IMG_0090,69040.jpg,2,20,400,593307423,5.196968454077881,168,164,2,400,49.54951050004456,,,,,,0.65,0.35,87,113,0.435
BEHHO|IMG_0093|r1|thr0.70_frac0.20,BEHHO,thr0.70_frac0.20,IMG_0093,8023.jpg,1,20,400,2102841768,5.662815724952664,17,97,70,400,44.977268300019205,0.7,0.2,2,0.8359583333333334,0.9049999999999999,,,,,
BEHHO|IMG_0093|r1|thr0.70_frac0.30,BEHHO,thr0.70_frac0.30,IMG_0093,8023.jpg,1,20,400,2102841768,5.662815724952664,17,97,70,400,40.98619119997602,0.7,0.3,1,0.8472083333333333,0.9429166666666666,,,,,
BEHHO|IMG_0093|r1|thr0.75_frac0.20,BEHHO,thr0.75_frac0.20,IMG_0093,8023.jpg,1,20,400,2102841768,5.662815724952664,17,97,70,400,40.37730689998716,0.75,0.2,2,0.8622708333333333,0.9287500000000001,,,,,
BEHHO|IMG_0093|r1|thr0.75_frac0.30,BEHHO,thr0.75_frac0.30,IMG_0093,8023.jpg,1,20,400,2102841768,5.662747258057872,16,81,18,400,49.13593450002372,0.75,0.3,5,0.8306041666666667,0.8570833333333333,,,,,
BEHHO|IMG_0093|r1|thr0.80_frac0.20,BEHHO,thr0.80_frac0.20,IMG_0093,8023.jpg,1,20,400,2102841768,5.662815724952664,17,97,70,400,49.17012169997906,0.8,0.2,4,0.8467916666666666,0.8291666666666666,,,,,
BEHHO|IMG_0093|r1|thr0.80_frac0.30,BEHHO,thr0.80_frac0.30,IMG_0093,8023.jpg,1,20,400,2102841768,5.662747258057872,16,81,18,400,55.48887190001551,0.8,0.3,5,0.8306041666666667,0.8570833333333333,,,,,
HYBRID|IMG_0093|r1|balanced_80_20,HYBRID,balanced_80_20,IMG_0093,8023.jpg,1,20,400,2102841768,5.662441121761954,84,141,41,400,41.007374899985734,,,,,,0.8,0.2,90,110,0.45
HYBRID|IMG_0093|r1|balanced_70_30,HYBRID,balanced_70_30,IMG_0093,8023.jpg,1,20,400,2102841768,5.662681828085518,13,141,39,400,43.803427000006195,,,,,,0.7,0.3,99,101,0.495
HYBRID|IMG_0093|r1|balanced_65_35,HYBRID,balanced_65_35,IMG_0093,8023.jpg,1,20,400,2102841768,5.662886548519033,84,131,30,400,43.4247223000275,,,,,,0.65,0.35,94,106,0.47
BEHHO|IMG_0093|r2|thr0.70_frac0.20,BEHHO,thr0.70_frac0.20,IMG_0093,8023.jpg,2,20,400,2114118811,5.665320411612053,3,80,8,400,50.51873119996162,0.7,0.2,5,0.7787083333333333,0.7250000000000001,,,,,
BEHHO|IMG_0093|r2|thr0.70_frac0.30,BEHHO,thr0.70_frac0.30,IMG_0093,8023.jpg,2,20,400,2114118811,5.664326117442294,3,66,130,400,50.64964199997485,0.7,0.3,3,0.8155416666666666,0.9349999999999999,,,,,
BEHHO|IMG_0093|r2|thr0.75_frac0.20,BEHHO,thr0.75_frac0.20,IMG_0093,8023.jpg,2,20,400,2114118811,5.665055121171593,5,135,248,400,49.159698400006164,0.75,0.2,3,0.8577916666666665,0.95375,,,,,
BEHHO|IMG_0093|r2|thr0.75_frac0.30,BEHHO,thr0.75_frac0.30,IMG_0093,8023.jpg,2,20,400,2114118811,5.664836522173265,6,203,128,400,44.17475640005432,0.75,0.3,1,0.8880416666666667,0.9075000000000001,,,,,
BEHHO|IMG_0093|r2|thr0.80_frac0.20,BEHHO,thr0.80_frac0.20,IMG_0093,8023.jpg,2,20,400,2114118811,5.664835953674509,5,197,22,400,46.4572583999834,0.8,0.2,3,0.8835,0.8337499999999999,,,,,
BEHHO|IMG_0093|r2|thr0.80_frac0.30,BEHHO,thr0.80_frac0.30,IMG_0093,8023.jpg,2,20,400,2114118811,5.665399647390817,2,128,128,400,35.302647900010925,0.8,0.3,11,0.7437083333333334,0.4833333333333334,,,,,
HYBRID|IMG_0093|r2|balanced_80_20,HYBRID,balanced_80_20,IMG_0093,8023.jpg,2,20,400,2114118811,5.664779941180979,5,193,50,400,48.64022300002398,,,,,,0.8,0.2,88,112,0.44
HYBRID|IMG_0093|r2|balanced_70_30,HYBRID,balanced_70_30,IMG_0093,8023.jpg,2,20,400,2114118811,5.665209434787101,5,173,63,400,47.937638200004585,,,,,,0.7,0.3,89,111,0.445
HYBRID|IMG_0093|r2|balanced_65_35,HYBRID,balanced_65_35,IMG_0093,8023.jpg,2,20,400,2114118811,5.665004163437447,5,136,137,400,53.60261880001053,,,,,,0.65,0.35,104,96,0.52
