run_key,profile,experiment_id,filename,image_width,image_height,run_index,population_size,evaluation_budget,master_seed,objective_seed,optimizer_seed,algorithm,best_score,level_R,level_G,level_B,evaluations,budget_compliant,runtime_s,iterations_completed,convergence_points,final_convergence_value,diversity_mean,diversity_final,injection_count,bda_proposals,ehho_proposals,hybrid_bda_fraction,paired_rank
pilot|IMG_0005|r1|n10|b200|HHO-VC,pilot,IMG_0005,105025.jpg,481,321,1,10,200,987927628,987927628,987927628,HHO-VC,4.6163170194634455,3,60,3,200,True,10.772205800021766,10,10,4.6163170194634455,,,0,0,0,,2.0
pilot|IMG_0005|r1|n10|b200|EHHO-VC,pilot,IMG_0005,105025.jpg,481,321,1,10,200,987927628,987927628,987927628,EHHO-VC,4.616517224814976,3,66,3,200,True,14.874196699995082,12,12,4.616517224814976,0.168967240545262,0.1116660477851055,0,0,0,,3.0
pilot|IMG_0005|r1|n10|b200|BEHHO-VC,pilot,IMG_0005,105025.jpg,481,321,1,10,200,987927628,987927628,987927628,BEHHO-VC,4.61576424114351,2,2,132,200,True,11.255182099994272,20,20,4.61576424114351,0.7711666666666667,0.8999999999999999,0,0,0,,1.0
pilot|IMG_0005|r1|n10|b200|BDA-EHHO-VC,pilot,IMG_0005,105025.jpg,481,321,1,10,200,987927628,987927628,987927628,BDA-EHHO-VC,4.6180040636011,99,65,148,200,True,11.76171130000148,10,10,4.6180040636011,,,0,94,6,0.94,4.0
pilot|IMG_0005|r1|n10|b400|HHO-VC,pilot,IMG_0005,105025.jpg,481,321,1,10,400,987927628,987927628,987927628,HHO-VC,4.616517224814976,3,66,3,400,True,26.821514300012492,20,20,4.616517224814976,,,0,0,0,,4.0
pilot|IMG_0005|r1|n10|b400|EHHO-VC,pilot,IMG_0005,105025.jpg,481,321,1,10,400,987927628,987927628,987927628,EHHO-VC,4.616455983866084,3,51,3,400,True,25.83035549998749,24,24,4.616455983866084,0.1238180329178278,0.0830189964800929,0,0,0,,3.0
pilot|IMG_0005|r1|n10|b400|BEHHO-VC,pilot,IMG_0005,105025.jpg,481,321,1,10,400,987927628,987927628,987927628,BEHHO-VC,4.615570751695524,2,46,6,400,True,26.601473999995505,40,40,4.615570751695524,0.7605000000000001,0.8583333333333334,0,0,0,,1.0
pilot|IMG_0005|r1|n10|b400|BDA-EHHO-VC,pilot,IMG_0005,105025.jpg,481,321,1,10,400,987927628,987927628,987927628,BDA-EHHO-VC,4.615941408590862,2,2,118,400,True,27.711865299992496,20,20,4.615941408590862,,,0,186,14,0.93,2.0
pilot|IMG_0005|r1|n20|b200|HHO-VC,pilot,IMG_0005,105025.jpg,481,321,1,20,200,987927628,987927628,987927628,HHO-VC,4.614739288874254,2,2,6,200,True,12.82376359999762,5,5,4.614739288874254,,,0,0,0,,1.5
pilot|IMG_0005|r1|n20|b200|EHHO-VC,pilot,IMG_0005,105025.jpg,481,321,1,20,200,987927628,987927628,987927628,EHHO-VC,4.614739288874254,2,2,6,200,True,12.86225960002048,6,6,4.614739288874254,0.1530805967776505,0.0113690307741002,3,0,0,,1.5
pilot|IMG_0005|r1|n20|b200|BEHHO-VC,pilot,IMG_0005,105025.jpg,481,321,1,20,200,987927628,987927628,987927628,BEHHO-VC,4.615834236817245,2,2,130,200,True,13.6550463999738,10,10,4.615834236817245,0.7554583333333333,0.6695833333333333,0,0,0,,3.0
pilot|IMG_0005|r1|n20|b200|BDA-EHHO-VC,pilot,IMG_0005,105025.jpg,481,321,1,20,200,987927628,987927628,987927628,BDA-EHHO-VC,4.616779780559926,2,201,121,200,True,14.140338400000472,5,5,4.616779780559926,,,0,93,7,0.93,4.0
pilot|IMG_0005|r1|n20|b400|HHO-VC,pilot,IMG_0005,105025.jpg,481,321,1,20,400,987927628,987927628,987927628,HHO-VC,4.614739288874254,2,2,6,400,True,25.37413419998484,11,11,4.614739288874254,,,0,0,0,,2.0
pilot|IMG_0005|r1|n20|b400|EHHO-VC,pilot,IMG_0005,105025.jpg,481,321,1,20,400,987927628,987927628,987927628,EHHO-VC,4.614739288874254,2,2,6,400,True,25.303810599987628,12,12,4.614739288874254,0.1035977665867568,0.0078840503995835,5,0,0,,2.0
pilot|IMG_0005|r1|n20|b400|BEHHO-VC,pilot,IMG_0005,105025.jpg,481,321,1,20,400,987927628,987927628,987927628,BEHHO-VC,4.614739288874254,2,2,6,400,True,26.52783959999215,20,20,4.614739288874254,0.6720625,0.57375,0,0,0,,2.0
pilot|IMG_0005|r1|n20|b400|BDA-EHHO-VC,pilot,IMG_0005,105025.jpg,481,321,1,20,400,987927628,987927628,987927628,BDA-EHHO-VC,4.616459149238131,2,169,246,400,True,28.12321359998896,10,10,4.617291761983787,,,0,181,19,0.905,4.0
pilot|IMG_0005|r2|n10|b200|HHO-VC,pilot,IMG_0005,105025.jpg,481,321,2,10,200,529390759,529390759,529390759,HHO-VC,4.61432554498359,68,145,134,200,True,13.790146699990146,10,10,4.61432554498359,,,0,0,0,,3.5
pilot|IMG_0005|r2|n10|b200|EHHO-VC,pilot,IMG_0005,105025.jpg,481,321,2,10,200,529390759,529390759,529390759,EHHO-VC,4.61432554498359,68,145,134,200,True,13.8389157000056,12,12,4.61432554498359,0.3748875665068265,0.3231496571933204,0,0,0,,3.5
pilot|IMG_0005|r2|n10|b200|BEHHO-VC,pilot,IMG_0005,105025.jpg,481,321,2,10,200,529390759,529390759,529390759,BEHHO-VC,4.613566102799703,19,148,3,200,True,13.832868199999211,20,20,4.613566102799703,0.7994166666666668,0.7999999999999999,0,0,0,,2.0
pilot|IMG_0005|r2|n10|b200|BDA-EHHO-VC,pilot,IMG_0005,105025.jpg,481,321,2,10,200,529390759,529390759,529390759,BDA-EHHO-VC,4.612964657753434,29,206,3,200,True,14.564262800005965,10,10,4.612964657753434,,,0,93,7,0.93,1.0
pilot|IMG_0005|r2|n10|b400|HHO-VC,pilot,IMG_0005,105025.jpg,481,321,2,10,400,529390759,529390759,529390759,HHO-VC,4.613526777911696,2,3,10,400,True,29.3583361999772,21,21,4.613526777911696,,,0,0,0,,3.0
pilot|IMG_0005|r2|n10|b400|EHHO-VC,pilot,IMG_0005,105025.jpg,481,321,2,10,400,529390759,529390759,529390759,EHHO-VC,4.614653311627285,34,64,62,400,True,30.226438999990933,26,26,4.614653311627285,0.2294225042866834,0.1222869062349695,0,0,0,,4.0
pilot|IMG_0005|r2|n10|b400|BEHHO-VC,pilot,IMG_0005,105025.jpg,481,321,2,10,400,529390759,529390759,529390759,BEHHO-VC,4.613135219761304,10,3,20,400,True,30.683948699996108,40,40,4.613135219761304,0.7758749999999999,0.8933333333333334,0,0,0,,2.0
pilot|IMG_0005|r2|n10|b400|BDA-EHHO-VC,pilot,IMG_0005,105025.jpg,481,321,2,10,400,529390759,529390759,529390759,BDA-EHHO-VC,4.612006144431589,29,231,10,400,True,31.29988420000882,20,20,4.612006144431589,,,0,178,22,0.89,1.0
pilot|IMG_0005|r2|n20|b200|HHO-VC,pilot,IMG_0005,105025.jpg,481,321,2,20,200,529390759,529390759,529390759,HHO-VC,4.614578436480022,222,154,183,200,True,15.600526499998525,6,6,4.614578436480022,,,0,0,0,,4.0
pilot|IMG_0005|r2|n20|b200|EHHO-VC,pilot,IMG_0005,105025.jpg,481,321,2,20,200,529390759,529390759,529390759,EHHO-VC,4.614066357285171,33,2,12,200,True,15.318442899995716,6,6,4.614066357285171,0.4237529184830466,0.069393227121915,0,0,0,,2.0
pilot|IMG_0005|r2|n20|b200|BEHHO-VC,pilot,IMG_0005,105025.jpg,481,321,2,20,200,529390759,529390759,529390759,BEHHO-VC,4.612660821968706,25,3,3,200,True,15.648761299991747,10,10,4.612660821968706,0.9302083333333334,0.9191666666666666,0,0,0,,1.0
pilot|IMG_0005|r2|n20|b200|BDA-EHHO-VC,pilot,IMG_0005,105025.jpg,481,321,2,20,200,529390759,529390759,529390759,BDA-EHHO-VC,4.614454405753357,44,220,199,200,True,15.785218399978476,5,5,4.614454405753357,,,0,92,8,0.92,3.0
pilot|IMG_0005|r2|n20|b400|HHO-VC,pilot,IMG_0005,105025.jpg,481,321,2,20,400,529390759,529390759,529390759,HHO-VC,4.611368995002683,31,3,10,400,True,30.24811719998252,11,11,4.611368995002683,,,0,0,0,,1.0
pilot|IMG_0005|r2|n20|b400|EHHO-VC,pilot,IMG_0005,105025.jpg,481,321,2,20,400,529390759,529390759,529390759,EHHO-VC,4.612146293213647,48,3,19,400,True,29.797134799999185,13,13,4.612146293213647,0.2423390436304126,0.086168045270861,0,0,0,,2.0
pilot|IMG_0005|r2|n20|b400|BEHHO-VC,pilot,IMG_0005,105025.jpg,481,321,2,20,400,529390759,529390759,529390759,BEHHO-VC,4.612660821968706,25,3,3,400,True,31.19901260000188,20,20,4.612660821968706,0.9204375,0.9220833333333333,0,0,0,,3.0
pilot|IMG_0005|r2|n20|b400|BDA-EHHO-VC,pilot,IMG_0005,105025.jpg,481,321,2,20,400,529390759,529390759,529390759,BDA-EHHO-VC,4.612920720782628,12,200,3,400,True,31.465711400000146,10,10,4.612920720782628,,,0,186,14,0.93,4.0
pilot|IMG_0006|r1|n10|b200|HHO-VC,pilot,IMG_0006,106024.jpg,481,321,1,10,200,1410984088,1410984088,1410984088,HHO-VC,4.70934297819428,2,8,2,200,True,14.608136499999093,10,10,4.70934297819428,,,0,0,0,,4.0
pilot|IMG_0006|r1|n10|b200|EHHO-VC,pilot,IMG_0006,106024.jpg,481,321,1,10,200,1410984088,1410984088,1410984088,EHHO-VC,4.709116127899911,2,88,2,200,True,14.7274119000067,12,12,4.709116127899911,0.197921799681334,0.2024263654305451,0,0,0,,3.0
pilot|IMG_0006|r1|n10|b200|BEHHO-VC,pilot,IMG_0006,106024.jpg,481,321,1,10,200,1410984088,1410984088,1410984088,BEHHO-VC,4.706773045347473,2,8,9,200,True,14.922509099997114,20,20,4.706773045347473,0.5734166666666667,0.355,0,0,0,,1.0
pilot|IMG_0006|r1|n10|b200|BDA-EHHO-VC,pilot,IMG_0006,106024.jpg,481,321,1,10,200,1410984088,1410984088,1410984088,BDA-EHHO-VC,4.708003153535583,2,162,27,200,True,14.465697100007674,10,10,4.708003153535583,,,0,91,9,0.91,2.0
pilot|IMG_0006|r1|n10|b400|HHO-VC,pilot,IMG_0006,106024.jpg,481,321,1,10,400,1410984088,1410984088,1410984088,HHO-VC,4.709067854349006,2,33,2,400,True,25.74087129998952,21,21,4.709067854349006,,,0,0,0,,3.5
pilot|IMG_0006|r1|n10|b400|EHHO-VC,pilot,IMG_0006,106024.jpg,481,321,1,10,400,1410984088,1410984088,1410984088,EHHO-VC,4.709067854349006,2,33,2,400,True,25.08971499998006,25,25,4.709067854349006,0.0840168849908654,0.0541535812912775,1,0,0,,3.5
pilot|IMG_0006|r1|n10|b400|BEHHO-VC,pilot,IMG_0006,106024.jpg,481,321,1,10,400,1410984088,1410984088,1410984088,BEHHO-VC,4.706773045347473,2,8,9,400,True,25.915606199996542,40,40,4.706773045347473,0.5315416666666668,0.685,1,0,0,,1.0
pilot|IMG_0006|r1|n10|b400|BDA-EHHO-VC,pilot,IMG_0006,106024.jpg,481,321,1,10,400,1410984088,1410984088,1410984088,BDA-EHHO-VC,4.70841864371499,2,19,128,400,True,27.751692799996817,20,20,4.7088179601278926,,,0,184,16,0.92,2.0
pilot|IMG_0006|r1|n20|b200|HHO-VC,pilot,IMG_0006,106024.jpg,481,321,1,20,200,1410984088,1410984088,1410984088,HHO-VC,4.709067854349006,2,33,2,200,True,12.96554340000148,5,5,4.709067854349006,,,0,0,0,,2.5
pilot|IMG_0006|r1|n20|b200|EHHO-VC,pilot,IMG_0006,106024.jpg,481,321,1,20,200,1410984088,1410984088,1410984088,EHHO-VC,4.709067854349006,2,33,2,200,True,12.745236900023883,7,7,4.709067854349006,0.2248127926428848,0.0670274842810742,0,0,0,,2.5
pilot|IMG_0006|r1|n20|b200|BEHHO-VC,pilot,IMG_0006,106024.jpg,481,321,1,20,200,1410984088,1410984088,1410984088,BEHHO-VC,4.708207985268131,2,8,136,200,True,13.605686199996851,10,10,4.708207985268131,0.8373750000000001,0.8724999999999999,0,0,0,,1.0
pilot|IMG_0006|r1|n20|b200|BDA-EHHO-VC,pilot,IMG_0006,106024.jpg,481,321,1,20,200,1410984088,1410984088,1410984088,BDA-EHHO-VC,4.709072671955693,2,11,16,200,True,14.042865199997324,5,5,4.709072671955693,,,0,94,6,0.94,4.0
pilot|IMG_0006|r1|n20|b400|HHO-VC,pilot,IMG_0006,106024.jpg,481,321,1,20,400,1410984088,1410984088,1410984088,HHO-VC,4.709067854349006,2,33,2,400,True,25.419308499986077,11,11,4.709067854349006,,,0,0,0,,3.5
pilot|IMG_0006|r1|n20|b400|EHHO-VC,pilot,IMG_0006,106024.jpg,481,321,1,20,400,1410984088,1410984088,1410984088,EHHO-VC,4.709067854349006,2,33,2,400,True,25.51135250000516,13,13,4.709067854349006,0.1642377326356205,0.0465940615216027,0,0,0,,3.5
pilot|IMG_0006|r1|n20|b400|BEHHO-VC,pilot,IMG_0006,106024.jpg,481,321,1,20,400,1410984088,1410984088,1410984088,BEHHO-VC,4.707918501349213,2,234,20,400,True,27.25687700000708,20,20,4.707918501349213,0.8398333333333333,0.8320833333333333,0,0,0,,1.0
pilot|IMG_0006|r1|n20|b400|BDA-EHHO-VC,pilot,IMG_0006,106024.jpg,481,321,1,20,400,1410984088,1410984088,1410984088,BDA-EHHO-VC,4.708025702981487,2,139,20,400,True,27.97752539999783,10,10,4.708025702981487,,,0,182,18,0.91,2.0
pilot|IMG_0006|r2|n10|b200|HHO-VC,pilot,IMG_0006,106024.jpg,481,321,2,10,200,902949870,902949870,902949870,HHO-VC,4.70298538263518,18,41,3,200,True,14.599484200007282,11,11,4.70298538263518,,,0,0,0,,1.5
pilot|IMG_0006|r2|n10|b200|EHHO-VC,pilot,IMG_0006,106024.jpg,481,321,2,10,200,902949870,902949870,902949870,EHHO-VC,4.70298538263518,18,41,3,200,True,14.721004700026242,13,13,4.70298538263518,0.1740122161089301,0.1142955991584767,0,0,0,,1.5
pilot|IMG_0006|r2|n10|b200|BEHHO-VC,pilot,IMG_0006,106024.jpg,481,321,2,10,200,902949870,902949870,902949870,BEHHO-VC,4.703281084043423,126,255,255,200,True,15.944795200019144,20,20,4.703281084043423,0.62975,0.5566666666666666,0,0,0,,3.0
pilot|IMG_0006|r2|n10|b200|BDA-EHHO-VC,pilot,IMG_0006,106024.jpg,481,321,2,10,200,902949870,902949870,902949870,BDA-EHHO-VC,4.703894850147454,129,229,251,200,True,15.814429899997776,10,10,4.703894850147454,,,0,94,6,0.94,4.0
pilot|IMG_0006|r2|n10|b400|HHO-VC,pilot,IMG_0006,106024.jpg,481,321,2,10,400,902949870,902949870,902949870,HHO-VC,4.702891212149869,18,94,3,400,True,29.166554800001904,22,22,4.702891212149869,,,0,0,0,,2.0
pilot|IMG_0006|r2|n10|b400|EHHO-VC,pilot,IMG_0006,106024.jpg,481,321,2,10,400,902949870,902949870,902949870,EHHO-VC,4.702814021744888,18,42,3,400,True,26.002132900001016,26,26,4.702814021744888,0.1260593943744836,0.102760843613488,0,0,0,,1.0
pilot|IMG_0006|r2|n10|b400|BEHHO-VC,pilot,IMG_0006,106024.jpg,481,321,2,10,400,902949870,902949870,902949870,BEHHO-VC,4.703080537482438,126,95,215,400,True,28.078794100001687,40,40,4.703080537482438,0.8182499999999999,0.9116666666666664,0,0,0,,3.0
pilot|IMG_0006|r2|n10|b400|BDA-EHHO-VC,pilot,IMG_0006,106024.jpg,481,321,2,10,400,902949870,902949870,902949870,BDA-EHHO-VC,4.703146374300846,126,98,7,400,True,28.193024999985937,20,20,4.703146374300846,,,0,187,13,0.935,4.0
pilot|IMG_0006|r2|n20|b200|HHO-VC,pilot,IMG_0006,106024.jpg,481,321,2,20,200,902949870,902949870,902949870,HHO-VC,4.7030241741631285,18,67,231,200,True,13.900144999992335,5,5,4.7030241741631285,,,0,0,0,,1.5
pilot|IMG_0006|r2|n20|b200|EHHO-VC,pilot,IMG_0006,106024.jpg,481,321,2,20,200,902949870,902949870,902949870,EHHO-VC,4.7030241741631285,18,67,231,200,True,13.459533299988834,6,6,4.7030241741631285,0.4068214019326894,0.2942326746616592,0,0,0,,1.5
pilot|IMG_0006|r2|n20|b200|BEHHO-VC,pilot,IMG_0006,106024.jpg,481,321,2,20,200,902949870,902949870,902949870,BEHHO-VC,4.7035169082676624,101,42,240,200,True,13.85883750001085,10,10,4.7035169082676624,0.8954583333333334,0.96625,0,0,0,,3.0
pilot|IMG_0006|r2|n20|b200|BDA-EHHO-VC,pilot,IMG_0006,106024.jpg,481,321,2,20,200,902949870,902949870,902949870,BDA-EHHO-VC,4.703568355523542,102,16,5,200,True,13.897386800003003,5,5,4.703568355523542,,,0,94,6,0.94,4.0
pilot|IMG_0006|r2|n20|b400|HHO-VC,pilot,IMG_0006,106024.jpg,481,321,2,20,400,902949870,902949870,902949870,HHO-VC,4.7030241741631285,18,67,231,400,True,26.772400200017728,11,11,4.7030241741631285,,,0,0,0,,1.5
pilot|IMG_0006|r2|n20|b400|EHHO-VC,pilot,IMG_0006,106024.jpg,481,321,2,20,400,902949870,902949870,902949870,EHHO-VC,4.7030241741631285,18,67,231,400,True,26.99975690001156,13,13,4.7030241741631285,0.3894734103086701,0.4065628442016111,0,0,0,,1.5
pilot|IMG_0006|r2|n20|b400|BEHHO-VC,pilot,IMG_0006,106024.jpg,481,321,2,20,400,902949870,902949870,902949870,BEHHO-VC,4.703135961939693,52,46,217,400,True,28.05495749998954,20,20,4.703135961939693,0.8622291666666667,0.8108333333333334,0,0,0,,3.0
pilot|IMG_0006|r2|n20|b400|BDA-EHHO-VC,pilot,IMG_0006,106024.jpg,481,321,2,20,400,902949870,902949870,902949870,BDA-EHHO-VC,4.703568355523542,102,16,5,400,True,28.046941900014644,10,10,4.703568355523542,,,0,187,13,0.935,4.0
pilot|IMG_0015|r1|n10|b200|HHO-VC,pilot,IMG_0015,130026.jpg,481,321,1,10,200,1025604623,1025604623,1025604623,HHO-VC,4.88603011808778,193,140,203,200,True,14.094150499993702,12,12,4.88603011808778,,,0,0,0,,3.5
pilot|IMG_0015|r1|n10|b200|EHHO-VC,pilot,IMG_0015,130026.jpg,481,321,1,10,200,1025604623,1025604623,1025604623,EHHO-VC,4.88603011808778,193,140,203,200,True,14.128280800010543,14,14,4.88603011808778,0.5076113691542171,0.5001752108505921,0,0,0,,3.5
pilot|IMG_0015|r1|n10|b200|BEHHO-VC,pilot,IMG_0015,130026.jpg,481,321,1,10,200,1025604623,1025604623,1025604623,BEHHO-VC,4.88528955724706,61,255,255,200,True,14.42580649998854,20,20,4.88528955724706,0.7180833333333332,0.6983333333333333,0,0,0,,1.0
pilot|IMG_0015|r1|n10|b200|BDA-EHHO-VC,pilot,IMG_0015,130026.jpg,481,321,1,10,200,1025604623,1025604623,1025604623,BDA-EHHO-VC,4.885874520778275,64,152,200,200,True,14.373056399985217,10,10,4.885874520778275,,,0,87,13,0.87,2.0
pilot|IMG_0015|r1|n10|b400|HHO-VC,pilot,IMG_0015,130026.jpg,481,321,1,10,400,1025604623,1025604623,1025604623,HHO-VC,4.886010853120841,189,138,199,400,True,28.313093900011157,23,23,4.886010853120841,,,0,0,0,,2.5
pilot|IMG_0015|r1|n10|b400|EHHO-VC,pilot,IMG_0015,130026.jpg,481,321,1,10,400,1025604623,1025604623,1025604623,EHHO-VC,4.886010853120841,189,138,199,400,True,29.53931880000164,26,26,4.886010853120841,0.4719130958348071,0.4551757473808661,0,0,0,,2.5
pilot|IMG_0015|r1|n10|b400|BEHHO-VC,pilot,IMG_0015,130026.jpg,481,321,1,10,400,1025604623,1025604623,1025604623,BEHHO-VC,4.885136551428627,63,254,255,400,True,29.126492399984272,40,40,4.885136551428627,0.6449999999999999,0.3899999999999999,0,0,0,,1.0
pilot|IMG_0015|r1|n10|b400|BDA-EHHO-VC,pilot,IMG_0015,130026.jpg,481,321,1,10,400,1025604623,1025604623,1025604623,BDA-EHHO-VC,4.886138090495071,104,215,247,400,True,28.76286160000018,20,20,4.886138090495071,,,0,191,9,0.955,4.0
pilot|IMG_0015|r1|n20|b200|HHO-VC,pilot,IMG_0015,130026.jpg,481,321,1,20,200,1025604623,1025604623,1025604623,HHO-VC,4.886170820477595,192,140,201,200,True,13.9528862000152,6,6,4.886170820477595,,,0,0,0,,4.0
pilot|IMG_0015|r1|n20|b200|EHHO-VC,pilot,IMG_0015,130026.jpg,481,321,1,20,200,1025604623,1025604623,1025604623,EHHO-VC,4.886088341070273,191,140,201,200,True,14.028891900001328,7,7,4.886088341070273,0.4694967922173652,0.4515974410265629,0,0,0,,3.0
pilot|IMG_0015|r1|n20|b200|BEHHO-VC,pilot,IMG_0015,130026.jpg,481,321,1,20,200,1025604623,1025604623,1025604623,BEHHO-VC,4.885357185319406,61,247,255,200,True,14.156916500010992,10,10,4.885357185319406,0.8484166666666667,0.7783333333333333,0,0,0,,1.0
pilot|IMG_0015|r1|n20|b200|BDA-EHHO-VC,pilot,IMG_0015,130026.jpg,481,321,1,20,200,1025604623,1025604623,1025604623,BDA-EHHO-VC,4.886022398023615,41,146,172,200,True,14.304648200020893,5,5,4.886022398023615,,,0,85,15,0.85,2.0
pilot|IMG_0015|r1|n20|b400|HHO-VC,pilot,IMG_0015,130026.jpg,481,321,1,20,400,1025604623,1025604623,1025604623,HHO-VC,4.8860738394133065,190,138,199,400,True,28.0694599999988,11,11,4.8860738394133065,,,0,0,0,,2.0
pilot|IMG_0015|r1|n20|b400|EHHO-VC,pilot,IMG_0015,130026.jpg,481,321,1,20,400,1025604623,1025604623,1025604623,EHHO-VC,4.886137022347136,190,139,200,400,True,28.2584055000043,13,13,4.886137022347136,0.5020637992589081,0.4843495258728192,0,0,0,,4.0
pilot|IMG_0015|r1|n20|b400|BEHHO-VC,pilot,IMG_0015,130026.jpg,481,321,1,20,400,1025604623,1025604623,1025604623,BEHHO-VC,4.885553972013043,87,254,253,400,True,28.71630489997915,20,20,4.885553972013043,0.8240416666666667,0.7233333333333333,0,0,0,,1.0
pilot|IMG_0015|r1|n20|b400|BDA-EHHO-VC,pilot,IMG_0015,130026.jpg,481,321,1,20,400,1025604623,1025604623,1025604623,BDA-EHHO-VC,4.886124095617364,75,216,228,400,True,28.404412000003504,10,10,4.886124095617364,,,0,188,12,0.94,3.0
pilot|IMG_0015|r2|n10|b200|HHO-VC,pilot,IMG_0015,130026.jpg,481,321,2,10,200,1455235506,1455235506,1455235506,HHO-VC,4.884004809808663,73,6,104,200,True,13.80082490001223,11,11,4.884004809808663,,,0,0,0,,1.0
pilot|IMG_0015|r2|n10|b200|EHHO-VC,pilot,IMG_0015,130026.jpg,481,321,2,10,200,1455235506,1455235506,1455235506,EHHO-VC,4.88443890589859,77,6,109,200,True,13.78031020000344,13,13,4.88443890589859,0.3675483849242606,0.3326601333146587,0,0,0,,2.0
pilot|IMG_0015|r2|n10|b200|BEHHO-VC,pilot,IMG_0015,130026.jpg,481,321,2,10,200,1455235506,1455235506,1455235506,BEHHO-VC,4.885453858741079,42,31,102,200,True,14.19193600001745,20,20,4.885453858741079,0.8559166666666664,0.7549999999999999,0,0,0,,3.0
pilot|IMG_0015|r2|n10|b200|BDA-EHHO-VC,pilot,IMG_0015,130026.jpg,481,321,2,10,200,1455235506,1455235506,1455235506,BDA-EHHO-VC,4.885569382203893,39,8,234,200,True,14.382609699998284,10,10,4.885569382203893,,,0,91,9,0.91,4.0
pilot|IMG_0015|r2|n10|b400|HHO-VC,pilot,IMG_0015,130026.jpg,481,321,2,10,400,1455235506,1455235506,1455235506,HHO-VC,4.8854170596115445,75,21,104,400,True,55.27651279998827,22,22,4.8854170596115445,,,0,0,0,,3.0
pilot|IMG_0015|r2|n10|b400|EHHO-VC,pilot,IMG_0015,130026.jpg,481,321,2,10,400,1455235506,1455235506,1455235506,EHHO-VC,4.88483270457794,85,11,105,400,True,48.97121650000918,26,26,4.88483270457794,0.298133484865874,0.2534165228282176,0,0,0,,2.0
pilot|IMG_0015|r2|n10|b400|BEHHO-VC,pilot,IMG_0015,130026.jpg,481,321,2,10,400,1455235506,1455235506,1455235506,BEHHO-VC,4.884423248482947,2,6,80,400,True,60.25036659999751,40,40,4.884423248482947,0.7609166666666667,0.7816666666666666,0,0,0,,1.0
pilot|IMG_0015|r2|n10|b400|BDA-EHHO-VC,pilot,IMG_0015,130026.jpg,481,321,2,10,400,1455235506,1455235506,1455235506,BDA-EHHO-VC,4.8856562901969705,180,94,120,400,True,61.540647699992405,20,20,4.8856562901969705,,,0,177,23,0.885,4.0
pilot|IMG_0015|r2|n20|b200|HHO-VC,pilot,IMG_0015,130026.jpg,481,321,2,20,200,1455235506,1455235506,1455235506,HHO-VC,4.885984633957313,163,45,227,200,True,30.619424499978777,6,6,4.885984633957313,,,0,0,0,,3.5
pilot|IMG_0015|r2|n20|b200|EHHO-VC,pilot,IMG_0015,130026.jpg,481,321,2,20,200,1455235506,1455235506,1455235506,EHHO-VC,4.885984633957313,163,45,227,200,True,28.880999099987093,7,7,4.885984633957313,0.4396438506644496,0.3439906416601269,0,0,0,,3.5
pilot|IMG_0015|r2|n20|b200|BEHHO-VC,pilot,IMG_0015,130026.jpg,481,321,2,20,200,1455235506,1455235506,1455235506,BEHHO-VC,4.885283035581078,25,51,221,200,True,30.993817999988096,10,10,4.885283035581078,0.8808333333333334,0.8183333333333334,0,0,0,,2.0
pilot|IMG_0015|r2|n20|b200|BDA-EHHO-VC,pilot,IMG_0015,130026.jpg,481,321,2,20,200,1455235506,1455235506,1455235506,BDA-EHHO-VC,4.883956073073835,15,6,225,200,True,32.634539299993776,5,5,4.883956073073835,,,0,92,8,0.92,1.0
pilot|IMG_0015|r2|n20|b400|HHO-VC,pilot,IMG_0015,130026.jpg,481,321,2,20,400,1455235506,1455235506,1455235506,HHO-VC,4.8855804357132975,166,50,228,400,True,53.65381770001841,11,11,4.8855804357132975,,,0,0,0,,4.0
pilot|IMG_0015|r2|n20|b400|EHHO-VC,pilot,IMG_0015,130026.jpg,481,321,2,20,400,1455235506,1455235506,1455235506,EHHO-VC,4.885065750460864,34,6,50,400,True,48.33636800001841,13,13,4.885065750460864,0.2382869263374581,0.1119578743635332,0,0,0,,3.0
pilot|IMG_0015|r2|n20|b400|BEHHO-VC,pilot,IMG_0015,130026.jpg,481,321,2,20,400,1455235506,1455235506,1455235506,BEHHO-VC,4.885032019115998,2,50,112,400,True,49.17955699999584,20,20,4.885032019115998,0.8720208333333334,0.84625,0,0,0,,2.0
pilot|IMG_0015|r2|n20|b400|BDA-EHHO-VC,pilot,IMG_0015,130026.jpg,481,321,2,20,400,1455235506,1455235506,1455235506,BDA-EHHO-VC,4.883956073073835,15,6,225,400,True,51.57935699998052,10,10,4.883956073073835,,,0,183,17,0.915,1.0
pilot|IMG_0034|r1|n10|b200|HHO-VC,pilot,IMG_0034,182053.jpg,481,321,1,10,200,747861275,747861275,747861275,HHO-VC,5.266275523095266,25,40,39,200,True,28.455582399998093,11,11,5.266275523095266,,,0,0,0,,3.0
pilot|IMG_0034|r1|n10|b200|EHHO-VC,pilot,IMG_0034,182053.jpg,481,321,1,10,200,747861275,747861275,747861275,EHHO-VC,5.265978196829031,25,42,40,200,True,29.050397099985275,13,13,5.265978196829031,0.1591038262052418,0.1636589035462115,0,0,0,,1.0
pilot|IMG_0034|r1|n10|b200|BEHHO-VC,pilot,IMG_0034,182053.jpg,481,321,1,10,200,747861275,747861275,747861275,BEHHO-VC,5.266431720133638,64,244,9,200,True,29.83091489999788,20,20,5.266431720133638,0.8290000000000001,0.7766666666666667,0,0,0,,4.0
pilot|IMG_0034|r1|n10|b200|BDA-EHHO-VC,pilot,IMG_0034,182053.jpg,481,321,1,10,200,747861275,747861275,747861275,BDA-EHHO-VC,5.266104975654916,42,65,208,200,True,31.33763599998201,10,10,5.266104975654916,,,0,93,7,0.93,2.0
pilot|IMG_0034|r1|n10|b400|HHO-VC,pilot,IMG_0034,182053.jpg,481,321,1,10,400,747861275,747861275,747861275,HHO-VC,5.265978196829031,25,42,40,400,True,57.28644220001297,22,22,5.265978196829031,,,0,0,0,,1.5
pilot|IMG_0034|r1|n10|b400|EHHO-VC,pilot,IMG_0034,182053.jpg,481,321,1,10,400,747861275,747861275,747861275,EHHO-VC,5.265978196829031,25,42,40,400,True,51.29907850001473,26,26,5.265978196829031,0.1309393855399395,0.0764469444960296,0,0,0,,1.5
pilot|IMG_0034|r1|n10|b400|BEHHO-VC,pilot,IMG_0034,182053.jpg,481,321,1,10,400,747861275,747861275,747861275,BEHHO-VC,5.266023465048981,74,67,38,400,True,69.00696830000379,40,40,5.266023465048981,0.8322916666666668,0.89,0,0,0,,3.0
pilot|IMG_0034|r1|n10|b400|BDA-EHHO-VC,pilot,IMG_0034,182053.jpg,481,321,1,10,400,747861275,747861275,747861275,BDA-EHHO-VC,5.266104975654916,42,65,208,400,True,74.0460185999982,20,20,5.266104975654916,,,0,177,23,0.885,4.0
pilot|IMG_0034|r1|n20|b200|HHO-VC,pilot,IMG_0034,182053.jpg,481,321,1,20,200,747861275,747861275,747861275,HHO-VC,5.266288533232882,43,75,78,200,True,35.73998529999517,6,6,5.266288533232882,,,0,0,0,,3.0
pilot|IMG_0034|r1|n20|b200|EHHO-VC,pilot,IMG_0034,182053.jpg,481,321,1,20,200,747861275,747861275,747861275,EHHO-VC,5.266342019394095,42,37,68,200,True,35.06191029999172,7,7,5.266342019394095,0.2438294169718368,0.187270696228161,0,0,0,,4.0
pilot|IMG_0034|r1|n20|b200|BEHHO-VC,pilot,IMG_0034,182053.jpg,481,321,1,20,200,747861275,747861275,747861275,BEHHO-VC,5.266272370218725,107,28,202,200,True,39.856642699975055,10,10,5.266272370218725,0.8594166666666666,0.905,0,0,0,,2.0
pilot|IMG_0034|r1|n20|b200|BDA-EHHO-VC,pilot,IMG_0034,182053.jpg,481,321,1,20,200,747861275,747861275,747861275,BDA-EHHO-VC,5.266214190943888,64,48,41,200,True,37.5046932999976,5,5,5.266214190943888,,,0,95,5,0.95,1.0
pilot|IMG_0034|r1|n20|b400|HHO-VC,pilot,IMG_0034,182053.jpg,481,321,1,20,400,747861275,747861275,747861275,HHO-VC,5.266288533232882,43,75,78,400,True,74.08851580001647,11,11,5.266288533232882,,,0,0,0,,4.0
pilot|IMG_0034|r1|n20|b400|EHHO-VC,pilot,IMG_0034,182053.jpg,481,321,1,20,400,747861275,747861275,747861275,EHHO-VC,5.265946142904206,25,48,39,400,True,65.77257010000176,13,13,5.265946142904206,0.1778825722953766,0.0945941213089611,0,0,0,,1.0
pilot|IMG_0034|r1|n20|b400|BEHHO-VC,pilot,IMG_0034,182053.jpg,481,321,1,20,400,747861275,747861275,747861275,BEHHO-VC,5.265948430864512,69,38,40,400,True,70.48396099999081,20,20,5.265948430864512,0.8614374999999999,0.8520833333333333,0,0,0,,2.0
pilot|IMG_0034|r1|n20|b400|BDA-EHHO-VC,pilot,IMG_0034,182053.jpg,481,321,1,20,400,747861275,747861275,747861275,BDA-EHHO-VC,5.266064899968324,43,239,20,400,True,70.25394370002323,10,10,5.266064899968324,,,0,187,13,0.935,3.0
pilot|IMG_0034|r2|n10|b200|HHO-VC,pilot,IMG_0034,182053.jpg,481,321,2,10,200,1360068723,1360068723,1360068723,HHO-VC,5.271216606739235,193,126,164,200,True,40.76295839998056,11,11,5.271216606739235,,,0,0,0,,4.0
pilot|IMG_0034|r2|n10|b200|EHHO-VC,pilot,IMG_0034,182053.jpg,481,321,2,10,200,1360068723,1360068723,1360068723,EHHO-VC,5.271138564885778,31,48,105,200,True,31.80567180001526,13,13,5.271138564885778,0.2469489549777916,0.1460881705091226,0,0,0,,3.0
pilot|IMG_0034|r2|n10|b200|BEHHO-VC,pilot,IMG_0034,182053.jpg,481,321,2,10,200,1360068723,1360068723,1360068723,BEHHO-VC,5.270269375091501,146,231,107,200,True,37.50350769999204,20,20,5.270269375091501,0.8179999999999998,0.7866666666666667,0,0,0,,1.0
pilot|IMG_0034|r2|n10|b200|BDA-EHHO-VC,pilot,IMG_0034,182053.jpg,481,321,2,10,200,1360068723,1360068723,1360068723,BDA-EHHO-VC,5.270657395703386,16,112,86,200,True,40.690234899986535,10,10,5.270657395703386,,,0,92,8,0.92,2.0
pilot|IMG_0034|r2|n10|b400|HHO-VC,pilot,IMG_0034,182053.jpg,481,321,2,10,400,1360068723,1360068723,1360068723,HHO-VC,5.271216606739235,193,126,164,400,True,70.58899200000451,20,20,5.271216606739235,,,0,0,0,,4.0
pilot|IMG_0034|r2|n10|b400|EHHO-VC,pilot,IMG_0034,182053.jpg,481,321,2,10,400,1360068723,1360068723,1360068723,EHHO-VC,5.271071780006012,62,86,108,400,True,71.28636220001499,24,24,5.271071780006012,0.27938511252363,0.2344576903338776,0,0,0,,3.0
pilot|IMG_0034|r2|n10|b400|BEHHO-VC,pilot,IMG_0034,182053.jpg,481,321,2,10,400,1360068723,1360068723,1360068723,BEHHO-VC,5.269781243998556,110,242,4,400,True,68.49312170001213,40,40,5.269781243998556,0.7378333333333333,0.8716666666666667,0,0,0,,1.0
pilot|IMG_0034|r2|n10|b400|BDA-EHHO-VC,pilot,IMG_0034,182053.jpg,481,321,2,10,400,1360068723,1360068723,1360068723,BDA-EHHO-VC,5.270657395703386,16,112,86,400,True,74.51395660001435,20,20,5.270657395703386,,,0,188,12,0.94,2.0
pilot|IMG_0034|r2|n20|b200|HHO-VC,pilot,IMG_0034,182053.jpg,481,321,2,20,200,1360068723,1360068723,1360068723,HHO-VC,5.269962979724515,109,237,164,200,True,24.336256600014167,6,6,5.269962979724515,,,0,0,0,,2.5
pilot|IMG_0034|r2|n20|b200|EHHO-VC,pilot,IMG_0034,182053.jpg,481,321,2,20,200,1360068723,1360068723,1360068723,EHHO-VC,5.269962979724515,109,237,164,200,True,23.931767600006424,7,7,5.269962979724515,0.4814819918280442,0.4946319337557089,0,0,0,,2.5
pilot|IMG_0034|r2|n20|b200|BEHHO-VC,pilot,IMG_0034,182053.jpg,481,321,2,20,200,1360068723,1360068723,1360068723,BEHHO-VC,5.269516959666343,134,176,4,200,True,23.30341760002193,10,10,5.269516959666343,0.7975833333333333,0.7629166666666668,0,0,0,,1.0
pilot|IMG_0034|r2|n20|b200|BDA-EHHO-VC,pilot,IMG_0034,182053.jpg,481,321,2,20,200,1360068723,1360068723,1360068723,BDA-EHHO-VC,5.270723228669019,11,109,151,200,True,24.802882200019667,5,5,5.270723228669019,,,0,93,7,0.93,4.0
pilot|IMG_0034|r2|n20|b400|HHO-VC,pilot,IMG_0034,182053.jpg,481,321,2,20,400,1360068723,1360068723,1360068723,HHO-VC,5.269962979724515,109,237,164,400,True,48.44874200000777,11,11,5.269962979724515,,,0,0,0,,2.5
pilot|IMG_0034|r2|n20|b400|EHHO-VC,pilot,IMG_0034,182053.jpg,481,321,2,20,400,1360068723,1360068723,1360068723,EHHO-VC,5.269962979724515,109,237,164,400,True,47.001866000005975,13,13,5.269962979724515,0.477940628794507,0.4424573207974178,0,0,0,,2.5
pilot|IMG_0034|r2|n20|b400|BEHHO-VC,pilot,IMG_0034,182053.jpg,481,321,2,20,400,1360068723,1360068723,1360068723,BEHHO-VC,5.2699803139776416,32,128,4,400,True,41.7664757000166,20,20,5.2699803139776416,0.8335625,0.8345833333333333,0,0,0,,4.0
pilot|IMG_0034|r2|n20|b400|BDA-EHHO-VC,pilot,IMG_0034,182053.jpg,481,321,2,20,400,1360068723,1360068723,1360068723,BDA-EHHO-VC,5.269595486844484,12,120,164,400,True,42.379822899994906,10,10,5.269595486844484,,,0,189,11,0.945,1.0
pilot|IMG_0063|r1|n10|b200|HHO-VC,pilot,IMG_0063,302008.jpg,321,481,1,10,200,827430056,827430056,827430056,HHO-VC,4.041237168075182,237,235,237,200,True,23.861890499974837,12,12,4.041237168075182,,,0,0,0,,3.0
pilot|IMG_0063|r1|n10|b200|EHHO-VC,pilot,IMG_0063,302008.jpg,321,481,1,10,200,827430056,827430056,827430056,EHHO-VC,4.041401289673187,238,236,238,200,True,27.27883669998846,13,13,4.041401289673187,0.5156772153802895,0.3377378800606965,0,0,0,,4.0
pilot|IMG_0063|r1|n10|b200|BEHHO-VC,pilot,IMG_0063,302008.jpg,321,481,1,10,200,827430056,827430056,827430056,BEHHO-VC,4.040043002897697,2,225,3,200,True,21.787758999998918,20,20,4.040043002897697,0.8230833333333333,0.8150000000000001,0,0,0,,1.0
pilot|IMG_0063|r1|n10|b200|BDA-EHHO-VC,pilot,IMG_0063,302008.jpg,321,481,1,10,200,827430056,827430056,827430056,BDA-EHHO-VC,4.040822757132884,250,234,199,200,True,24.01462650002213,10,10,4.040822757132884,,,0,95,5,0.95,2.0
pilot|IMG_0063|r1|n10|b400|HHO-VC,pilot,IMG_0063,302008.jpg,321,481,1,10,400,827430056,827430056,827430056,HHO-VC,4.041128944838683,5,5,5,400,True,50.273659400001634,23,23,4.041128944838683,,,0,0,0,,3.0
pilot|IMG_0063|r1|n10|b400|EHHO-VC,pilot,IMG_0063,302008.jpg,321,481,1,10,400,827430056,827430056,827430056,EHHO-VC,4.041311018899193,230,227,237,400,True,66.76321089998237,27,27,4.041311018899193,0.5646342009205069,0.6446007840066342,0,0,0,,4.0
pilot|IMG_0063|r1|n10|b400|BEHHO-VC,pilot,IMG_0063,302008.jpg,321,481,1,10,400,827430056,827430056,827430056,BEHHO-VC,4.040769958680567,24,249,10,400,True,68.35361489999923,40,40,4.040769958680567,0.8059166666666666,0.8316666666666667,0,0,0,,1.0
pilot|IMG_0063|r1|n10|b400|BDA-EHHO-VC,pilot,IMG_0063,302008.jpg,321,481,1,10,400,827430056,827430056,827430056,BDA-EHHO-VC,4.040948318691804,237,222,236,400,True,73.51325550000183,20,20,4.040948318691804,,,0,182,18,0.91,2.0
pilot|IMG_0063|r1|n20|b200|HHO-VC,pilot,IMG_0063,302008.jpg,321,481,1,20,200,827430056,827430056,827430056,HHO-VC,4.041339711455492,93,229,184,200,True,36.78304629999912,6,6,4.041339711455492,,,0,0,0,,4.0
pilot|IMG_0063|r1|n20|b200|EHHO-VC,pilot,IMG_0063,302008.jpg,321,481,1,20,200,827430056,827430056,827430056,EHHO-VC,4.041086037726192,87,221,182,200,True,35.66220520000206,7,7,4.041086037726192,0.4855189897627904,0.5513280540133945,0,0,0,,3.0
pilot|IMG_0063|r1|n20|b200|BEHHO-VC,pilot,IMG_0063,302008.jpg,321,481,1,20,200,827430056,827430056,827430056,BEHHO-VC,4.040651259801443,13,253,125,200,True,32.006630699994275,10,10,4.040651259801443,0.8401249999999999,0.8529166666666667,0,0,0,,1.0
pilot|IMG_0063|r1|n20|b200|BDA-EHHO-VC,pilot,IMG_0063,302008.jpg,321,481,1,20,200,827430056,827430056,827430056,BDA-EHHO-VC,4.040944880049088,19,190,132,200,True,35.57725760000176,5,5,4.040944880049088,,,0,96,4,0.96,2.0
pilot|IMG_0063|r1|n20|b400|HHO-VC,pilot,IMG_0063,302008.jpg,321,481,1,20,400,827430056,827430056,827430056,HHO-VC,4.041024156858889,87,227,182,400,True,68.05619259999366,12,12,4.041024156858889,,,0,0,0,,3.0
pilot|IMG_0063|r1|n20|b400|EHHO-VC,pilot,IMG_0063,302008.jpg,321,481,1,20,400,827430056,827430056,827430056,EHHO-VC,4.041086037726192,87,221,182,400,True,68.965761200001,14,14,4.041086037726192,0.4958888078091762,0.5194831172739963,0,0,0,,4.0
pilot|IMG_0063|r1|n20|b400|BEHHO-VC,pilot,IMG_0063,302008.jpg,321,481,1,20,400,827430056,827430056,827430056,BEHHO-VC,4.040814642676696,253,223,233,400,True,70.11716470000101,20,20,4.040814642676696,0.803125,0.835,0,0,0,,2.0
pilot|IMG_0063|r1|n20|b400|BDA-EHHO-VC,pilot,IMG_0063,302008.jpg,321,481,1,20,400,827430056,827430056,827430056,BDA-EHHO-VC,4.040804540736914,253,223,218,400,True,61.6715371000173,10,10,4.040804540736914,,,0,185,15,0.925,1.0
pilot|IMG_0063|r2|n10|b200|HHO-VC,pilot,IMG_0063,302008.jpg,321,481,2,10,200,1987326251,1987326251,1987326251,HHO-VC,4.036241958416853,2,7,27,200,True,22.42784449999453,12,12,4.036241958416853,,,0,0,0,,3.0
pilot|IMG_0063|r2|n10|b200|EHHO-VC,pilot,IMG_0063,302008.jpg,321,481,2,10,200,1987326251,1987326251,1987326251,EHHO-VC,4.035906890626422,2,6,19,200,True,21.58160139998654,15,15,4.035906890626422,0.0900311126923372,0.0229490887172078,1,0,0,,1.0
pilot|IMG_0063|r2|n10|b200|BEHHO-VC,pilot,IMG_0063,302008.jpg,321,481,2,10,200,1987326251,1987326251,1987326251,BEHHO-VC,4.035914787617137,4,8,130,200,True,24.73323819998768,20,20,4.035914787617137,0.852,0.8116666666666665,0,0,0,,2.0
pilot|IMG_0063|r2|n10|b200|BDA-EHHO-VC,pilot,IMG_0063,302008.jpg,321,481,2,10,200,1987326251,1987326251,1987326251,BDA-EHHO-VC,4.037997646277465,7,19,128,200,True,23.409072200011,10,10,4.037997646277465,,,0,93,7,0.93,4.0
pilot|IMG_0063|r2|n10|b400|HHO-VC,pilot,IMG_0063,302008.jpg,321,481,2,10,400,1987326251,1987326251,1987326251,HHO-VC,4.035404685443309,3,7,21,400,True,43.16474210002343,23,23,4.035404685443309,,,0,0,0,,1.0
pilot|IMG_0063|r2|n10|b400|EHHO-VC,pilot,IMG_0063,302008.jpg,321,481,2,10,400,1987326251,1987326251,1987326251,EHHO-VC,4.035906890626422,2,6,19,400,True,44.02246149998973,28,28,4.035906890626422,0.074953204855021,0.0544926195711532,3,0,0,,2.0
pilot|IMG_0063|r2|n10|b400|BEHHO-VC,pilot,IMG_0063,302008.jpg,321,481,2,10,400,1987326251,1987326251,1987326251,BEHHO-VC,4.03590820484303,2,6,200,400,True,47.30510600001435,40,40,4.03590820484303,0.8497916666666665,0.8783333333333333,0,0,0,,3.0
pilot|IMG_0063|r2|n10|b400|BDA-EHHO-VC,pilot,IMG_0063,302008.jpg,321,481,2,10,400,1987326251,1987326251,1987326251,BDA-EHHO-VC,4.037997646277465,7,19,128,400,True,45.77044910000404,20,20,4.037997646277465,,,0,184,16,0.92,4.0
pilot|IMG_0063|r2|n20|b200|HHO-VC,pilot,IMG_0063,302008.jpg,321,481,2,20,200,1987326251,1987326251,1987326251,HHO-VC,4.035498164418606,3,7,16,200,True,22.164638699992796,6,6,4.035498164418606,,,0,0,0,,1.5
pilot|IMG_0063|r2|n20|b200|EHHO-VC,pilot,IMG_0063,302008.jpg,321,481,2,20,200,1987326251,1987326251,1987326251,EHHO-VC,4.035498164418606,3,7,16,200,True,23.302355399995577,7,7,4.035498164418606,0.208617625557573,0.0317049372324037,0,0,0,,1.5
pilot|IMG_0063|r2|n20|b200|BEHHO-VC,pilot,IMG_0063,302008.jpg,321,481,2,20,200,1987326251,1987326251,1987326251,BEHHO-VC,4.037255469348376,2,10,152,200,True,23.94750060001388,10,10,4.037255469348376,0.8622500000000001,0.9,0,0,0,,3.0
pilot|IMG_0063|r2|n20|b200|BDA-EHHO-VC,pilot,IMG_0063,302008.jpg,321,481,2,20,200,1987326251,1987326251,1987326251,BDA-EHHO-VC,4.037875297346829,10,8,196,200,True,30.59321869999985,5,5,4.037875297346829,,,0,94,6,0.94,4.0
pilot|IMG_0063|r2|n20|b400|HHO-VC,pilot,IMG_0063,302008.jpg,321,481,2,20,400,1987326251,1987326251,1987326251,HHO-VC,4.036112164203122,2,7,10,400,True,64.62748999998439,12,12,4.036112164203122,,,0,0,0,,1.0
pilot|IMG_0063|r2|n20|b400|EHHO-VC,pilot,IMG_0063,302008.jpg,321,481,2,20,400,1987326251,1987326251,1987326251,EHHO-VC,4.036132218239536,2,6,6,400,True,74.45222629999625,14,14,4.036132218239536,0.1405366456525516,0.0375325728243505,3,0,0,,2.0
pilot|IMG_0063|r2|n20|b400|BEHHO-VC,pilot,IMG_0063,302008.jpg,321,481,2,20,400,1987326251,1987326251,1987326251,BEHHO-VC,4.0370148474444045,6,8,33,400,True,71.16418339998927,20,20,4.0370148474444045,0.8822083333333332,0.8562500000000001,0,0,0,,3.0
pilot|IMG_0063|r2|n20|b400|BDA-EHHO-VC,pilot,IMG_0063,302008.jpg,321,481,2,20,400,1987326251,1987326251,1987326251,BDA-EHHO-VC,4.037752620421938,20,8,192,400,True,67.94600060000084,10,10,4.037971219233875,,,0,179,21,0.895,4.0
pilot|IMG_0065|r1|n10|b200|HHO-VC,pilot,IMG_0065,304074.jpg,321,481,1,10,200,839736107,839736107,839736107,HHO-VC,5.243825772082952,233,233,233,200,True,37.89257639998687,11,11,5.243825772082952,,,0,0,0,,2.5
pilot|IMG_0065|r1|n10|b200|EHHO-VC,pilot,IMG_0065,304074.jpg,321,481,1,10,200,839736107,839736107,839736107,EHHO-VC,5.243825772082952,233,233,233,200,True,38.39535469998373,13,13,5.243825772082952,0.5823751082250584,0.6222421774112962,0,0,0,,2.5
pilot|IMG_0065|r1|n10|b200|BEHHO-VC,pilot,IMG_0065,304074.jpg,321,481,1,10,200,839736107,839736107,839736107,BEHHO-VC,5.243780319204924,255,247,253,200,True,35.461135799996555,20,20,5.243780319204924,0.6529166666666667,0.805,0,0,0,,1.0
pilot|IMG_0065|r1|n10|b200|BDA-EHHO-VC,pilot,IMG_0065,304074.jpg,321,481,1,10,200,839736107,839736107,839736107,BDA-EHHO-VC,5.243996750169419,221,245,238,200,True,39.14526009999099,10,10,5.243996750169419,,,0,94,6,0.94,4.0
pilot|IMG_0065|r1|n10|b400|HHO-VC,pilot,IMG_0065,304074.jpg,321,481,1,10,400,839736107,839736107,839736107,HHO-VC,5.243832533833977,254,254,254,400,True,51.38352249999298,23,23,5.243832533833977,,,0,0,0,,2.5
pilot|IMG_0065|r1|n10|b400|EHHO-VC,pilot,IMG_0065,304074.jpg,321,481,1,10,400,839736107,839736107,839736107,EHHO-VC,5.243832533833977,254,254,254,400,True,51.45936769997934,26,26,5.243832533833977,0.5542169421590517,0.7341614279557108,0,0,0,,2.5
pilot|IMG_0065|r1|n10|b400|BEHHO-VC,pilot,IMG_0065,304074.jpg,321,481,1,10,400,839736107,839736107,839736107,BEHHO-VC,5.243429578715549,7,79,91,400,True,60.18949540000176,40,40,5.243429578715549,0.8219583333333332,0.9433333333333334,0,0,0,,1.0
pilot|IMG_0065|r1|n10|b400|BDA-EHHO-VC,pilot,IMG_0065,304074.jpg,321,481,1,10,400,839736107,839736107,839736107,BDA-EHHO-VC,5.244083639824733,225,229,175,400,True,71.5527010000078,20,20,5.244083639824733,,,0,184,16,0.92,4.0
pilot|IMG_0065|r1|n20|b200|HHO-VC,pilot,IMG_0065,304074.jpg,321,481,1,20,200,839736107,839736107,839736107,HHO-VC,5.243855613410488,255,255,255,200,True,40.20756780001102,6,6,5.243855613410488,,,0,0,0,,2.5
pilot|IMG_0065|r1|n20|b200|EHHO-VC,pilot,IMG_0065,304074.jpg,321,481,1,20,200,839736107,839736107,839736107,EHHO-VC,5.243855613410488,255,255,255,200,True,37.22322680000798,7,7,5.243855613410488,0.577764608091388,0.5680186751350955,0,0,0,,2.5
pilot|IMG_0065|r1|n20|b200|BEHHO-VC,pilot,IMG_0065,304074.jpg,321,481,1,20,200,839736107,839736107,839736107,BEHHO-VC,5.243638371975955,213,250,252,200,True,37.68234199998551,10,10,5.243638371975955,0.8902916666666666,0.8383333333333334,0,0,0,,1.0
pilot|IMG_0065|r1|n20|b200|BDA-EHHO-VC,pilot,IMG_0065,304074.jpg,321,481,1,20,200,839736107,839736107,839736107,BDA-EHHO-VC,5.243886264560664,232,221,255,200,True,39.01458429999184,5,5,5.243886264560664,,,0,96,4,0.96,4.0
pilot|IMG_0065|r1|n20|b400|HHO-VC,pilot,IMG_0065,304074.jpg,321,481,1,20,400,839736107,839736107,839736107,HHO-VC,5.243832533833977,254,254,254,400,True,64.02079380000941,12,12,5.243832533833977,,,0,0,0,,3.5
pilot|IMG_0065|r1|n20|b400|EHHO-VC,pilot,IMG_0065,304074.jpg,321,481,1,20,400,839736107,839736107,839736107,EHHO-VC,5.243832533833977,254,254,254,400,True,48.3853149000206,13,13,5.243832533833977,0.5843327071357766,0.6370543279922662,0,0,0,,3.5
pilot|IMG_0065|r1|n20|b400|BEHHO-VC,pilot,IMG_0065,304074.jpg,321,481,1,20,400,839736107,839736107,839736107,BEHHO-VC,5.243672360903603,215,239,255,400,True,48.15761010002461,20,20,5.243672360903603,0.7988125000000001,0.8416666666666667,0,0,0,,1.0
pilot|IMG_0065|r1|n20|b400|BDA-EHHO-VC,pilot,IMG_0065,304074.jpg,321,481,1,20,400,839736107,839736107,839736107,BDA-EHHO-VC,5.243786242696003,233,247,231,400,True,67.46311189999687,10,10,5.243786242696003,,,0,187,13,0.935,2.0
pilot|IMG_0065|r2|n10|b200|HHO-VC,pilot,IMG_0065,304074.jpg,321,481,2,10,200,1234979416,1234979416,1234979416,HHO-VC,5.243817196795416,111,212,227,200,True,37.845842899987474,12,12,5.243817196795416,,,0,0,0,,3.0
pilot|IMG_0065|r2|n10|b200|EHHO-VC,pilot,IMG_0065,304074.jpg,321,481,2,10,200,1234979416,1234979416,1234979416,EHHO-VC,5.243870149618345,111,215,231,200,True,38.97145899999305,14,14,5.243870149618345,0.49031140190096,0.3970104660744588,0,0,0,,4.0
pilot|IMG_0065|r2|n10|b200|BEHHO-VC,pilot,IMG_0065,304074.jpg,321,481,2,10,200,1234979416,1234979416,1234979416,BEHHO-VC,5.243258754273014,138,14,136,200,True,38.1515447999991,20,20,5.243258754273014,0.8636666666666667,0.9016666666666668,0,0,0,,1.0
pilot|IMG_0065|r2|n10|b200|BDA-EHHO-VC,pilot,IMG_0065,304074.jpg,321,481,2,10,200,1234979416,1234979416,1234979416,BDA-EHHO-VC,5.243762340219778,194,10,22,200,True,40.26121170000988,10,10,5.243762340219778,,,0,91,9,0.91,2.0
pilot|IMG_0065|r2|n10|b400|HHO-VC,pilot,IMG_0065,304074.jpg,321,481,2,10,400,1234979416,1234979416,1234979416,HHO-VC,5.2429694424166255,5,6,4,400,True,68.22332210000604,23,23,5.2429694424166255,,,0,0,0,,1.0
pilot|IMG_0065|r2|n10|b400|EHHO-VC,pilot,IMG_0065,304074.jpg,321,481,2,10,400,1234979416,1234979416,1234979416,EHHO-VC,5.243817196795416,111,212,227,400,True,77.70823849999579,26,26,5.243817196795416,0.4953346229288339,0.4149156460018791,0,0,0,,4.0
pilot|IMG_0065|r2|n10|b400|BEHHO-VC,pilot,IMG_0065,304074.jpg,321,481,2,10,400,1234979416,1234979416,1234979416,BEHHO-VC,5.243589598120413,68,6,204,400,True,79.0360742000048,40,40,5.243589598120413,0.8734583333333333,0.9066666666666668,0,0,0,,3.0
pilot|IMG_0065|r2|n10|b400|BDA-EHHO-VC,pilot,IMG_0065,304074.jpg,321,481,2,10,400,1234979416,1234979416,1234979416,BDA-EHHO-VC,5.243254443902307,148,6,227,400,True,77.9092018000083,20,20,5.243254443902307,,,0,181,19,0.905,2.0
pilot|IMG_0065|r2|n20|b200|HHO-VC,pilot,IMG_0065,304074.jpg,321,481,2,20,200,1234979416,1234979416,1234979416,HHO-VC,5.243815536386251,146,233,233,200,True,43.04735490001622,6,6,5.243815536386251,,,0,0,0,,3.0
pilot|IMG_0065|r2|n20|b200|EHHO-VC,pilot,IMG_0065,304074.jpg,321,481,2,20,200,1234979416,1234979416,1234979416,EHHO-VC,5.243867162184069,122,233,250,200,True,35.22460409998894,7,7,5.243867162184069,0.5104229700560803,0.5326593450519324,0,0,0,,4.0
pilot|IMG_0065|r2|n20|b200|BEHHO-VC,pilot,IMG_0065,304074.jpg,321,481,2,20,200,1234979416,1234979416,1234979416,BEHHO-VC,5.243452190648026,24,14,180,200,True,40.158356100000674,10,10,5.243452190648026,0.8949999999999999,0.9358333333333334,0,0,0,,1.0
pilot|IMG_0065|r2|n20|b200|BDA-EHHO-VC,pilot,IMG_0065,304074.jpg,321,481,2,20,200,1234979416,1234979416,1234979416,BDA-EHHO-VC,5.243780492874851,205,14,185,200,True,36.12267229999998,5,5,5.243780492874851,,,0,94,6,0.94,2.0
pilot|IMG_0065|r2|n20|b400|HHO-VC,pilot,IMG_0065,304074.jpg,321,481,2,20,400,1234979416,1234979416,1234979416,HHO-VC,5.243874507711018,153,226,226,400,True,72.75730960001238,12,12,5.243874507711018,,,0,0,0,,3.0
pilot|IMG_0065|r2|n20|b400|EHHO-VC,pilot,IMG_0065,304074.jpg,321,481,2,20,400,1234979416,1234979416,1234979416,EHHO-VC,5.243914095581029,2,10,8,400,True,70.89897070001462,13,13,5.243914095581029,0.2540164644995222,0.0242029868404295,3,0,0,,4.0
pilot|IMG_0065|r2|n20|b400|BEHHO-VC,pilot,IMG_0065,304074.jpg,321,481,2,20,400,1234979416,1234979416,1234979416,BEHHO-VC,5.243292235229041,3,10,231,400,True,45.28952660001232,20,20,5.243292235229041,0.867,0.8454166666666666,0,0,0,,1.0
pilot|IMG_0065|r2|n20|b400|BDA-EHHO-VC,pilot,IMG_0065,304074.jpg,321,481,2,20,400,1234979416,1234979416,1234979416,BDA-EHHO-VC,5.243342787221667,77,14,253,400,True,44.05242720001843,10,10,5.243342787221667,,,0,185,15,0.925,2.0
pilot|IMG_0067|r1|n10|b200|HHO-VC,pilot,IMG_0067,3096.jpg,481,321,1,10,200,1774026926,1774026926,1774026926,HHO-VC,5.812360398629051,255,227,255,200,True,19.276747699972475,11,11,5.812360398629051,,,0,0,0,,2.5
pilot|IMG_0067|r1|n10|b200|EHHO-VC,pilot,IMG_0067,3096.jpg,481,321,1,10,200,1774026926,1774026926,1774026926,EHHO-VC,5.812360398629051,255,227,255,200,True,21.838287699996727,14,14,5.812360398629051,0.5684781469484473,0.5206142473962141,0,0,0,,2.5
pilot|IMG_0067|r1|n10|b200|BEHHO-VC,pilot,IMG_0067,3096.jpg,481,321,1,10,200,1774026926,1774026926,1774026926,BEHHO-VC,5.812065375485762,238,75,203,200,True,29.28329659998417,20,20,5.812065375485762,0.8196666666666668,0.81,0,0,0,,1.0
pilot|IMG_0067|r1|n10|b200|BDA-EHHO-VC,pilot,IMG_0067,3096.jpg,481,321,1,10,200,1774026926,1774026926,1774026926,BDA-EHHO-VC,5.8124550582949785,255,217,189,200,True,37.46379900001921,10,10,5.812596513235211,,,0,91,9,0.91,4.0
pilot|IMG_0067|r1|n10|b400|HHO-VC,pilot,IMG_0067,3096.jpg,481,321,1,10,400,1774026926,1774026926,1774026926,HHO-VC,5.812424772356053,255,228,255,400,True,62.7885981000145,23,23,5.812424772356053,,,0,0,0,,2.0
pilot|IMG_0067|r1|n10|b400|EHHO-VC,pilot,IMG_0067,3096.jpg,481,321,1,10,400,1774026926,1774026926,1774026926,EHHO-VC,5.812428683705029,255,229,255,400,True,74.77300170002854,26,26,5.812428683705029,0.5918403212170275,0.6468844643898267,0,0,0,,3.0
pilot|IMG_0067|r1|n10|b400|BEHHO-VC,pilot,IMG_0067,3096.jpg,481,321,1,10,400,1774026926,1774026926,1774026926,BEHHO-VC,5.811840473726136,255,63,107,400,True,71.98675199999707,40,40,5.811840473726136,0.8287083333333334,0.6916666666666665,0,0,0,,1.0
pilot|IMG_0067|r1|n10|b400|BDA-EHHO-VC,pilot,IMG_0067,3096.jpg,481,321,1,10,400,1774026926,1774026926,1774026926,BDA-EHHO-VC,5.812596513235211,158,132,188,400,True,72.39099300000817,20,20,5.812596513235211,,,0,187,13,0.935,4.0
pilot|IMG_0067|r1|n20|b200|HHO-VC,pilot,IMG_0067,3096.jpg,481,321,1,20,200,1774026926,1774026926,1774026926,HHO-VC,5.812203158371443,237,143,203,200,True,24.08982160000596,6,6,5.812203158371443,,,0,0,0,,3.0
pilot|IMG_0067|r1|n20|b200|EHHO-VC,pilot,IMG_0067,3096.jpg,481,321,1,20,200,1774026926,1774026926,1774026926,EHHO-VC,5.812099716517207,255,156,223,200,True,23.37847359999432,7,7,5.812099716517207,0.5732284564447218,0.6053727970238575,0,0,0,,1.0
pilot|IMG_0067|r1|n20|b200|BEHHO-VC,pilot,IMG_0067,3096.jpg,481,321,1,20,200,1774026926,1774026926,1774026926,BEHHO-VC,5.812152272626864,255,235,222,200,True,36.736218999983976,10,10,5.812152272626864,0.7531666666666667,0.8083333333333332,0,0,0,,2.0
pilot|IMG_0067|r1|n20|b200|BDA-EHHO-VC,pilot,IMG_0067,3096.jpg,481,321,1,20,200,1774026926,1774026926,1774026926,BDA-EHHO-VC,5.812397195062179,235,47,254,200,True,38.55611790000694,5,5,5.812397195062179,,,0,96,4,0.96,4.0
pilot|IMG_0067|r1|n20|b400|HHO-VC,pilot,IMG_0067,3096.jpg,481,321,1,20,400,1774026926,1774026926,1774026926,HHO-VC,5.81167265884116,255,100,218,400,True,75.37470240000403,12,12,5.81167265884116,,,0,0,0,,1.0
pilot|IMG_0067|r1|n20|b400|EHHO-VC,pilot,IMG_0067,3096.jpg,481,321,1,20,400,1774026926,1774026926,1774026926,EHHO-VC,5.811843304815636,255,113,203,400,True,74.50192360000801,13,13,5.811843304815636,0.5729219211776659,0.5515563895088352,0,0,0,,2.0
pilot|IMG_0067|r1|n20|b400|BEHHO-VC,pilot,IMG_0067,3096.jpg,481,321,1,20,400,1774026926,1774026926,1774026926,BEHHO-VC,5.811887839684329,255,63,123,400,True,70.22305219998816,20,20,5.811887839684329,0.7699791666666667,0.8208333333333334,0,0,0,,3.0
pilot|IMG_0067|r1|n20|b400|BDA-EHHO-VC,pilot,IMG_0067,3096.jpg,481,321,1,20,400,1774026926,1774026926,1774026926,BDA-EHHO-VC,5.812390912553799,206,72,22,400,True,70.83268419999513,10,10,5.812390912553799,,,0,187,13,0.935,4.0
pilot|IMG_0067|r2|n10|b200|HHO-VC,pilot,IMG_0067,3096.jpg,481,321,2,10,200,1502492182,1502492182,1502492182,HHO-VC,5.812431251182008,182,145,252,200,True,37.86863320000703,11,11,5.812431251182008,,,0,0,0,,2.0
pilot|IMG_0067|r2|n10|b200|EHHO-VC,pilot,IMG_0067,3096.jpg,481,321,2,10,200,1502492182,1502492182,1502492182,EHHO-VC,5.812329850667912,147,118,200,200,True,41.72650839999551,13,13,5.812329850667912,0.5090150648324833,0.5037847977979599,0,0,0,,1.0
pilot|IMG_0067|r2|n10|b200|BEHHO-VC,pilot,IMG_0067,3096.jpg,481,321,2,10,200,1502492182,1502492182,1502492182,BEHHO-VC,5.812458482415569,63,123,175,200,True,42.94088579999516,20,20,5.812458482415569,0.8621666666666666,0.9116666666666666,0,0,0,,3.0
pilot|IMG_0067|r2|n10|b200|BDA-EHHO-VC,pilot,IMG_0067,3096.jpg,481,321,2,10,200,1502492182,1502492182,1502492182,BDA-EHHO-VC,5.812662163561189,177,189,196,200,True,40.91849860001821,10,10,5.812662163561189,,,0,92,8,0.92,4.0
pilot|IMG_0067|r2|n10|b400|HHO-VC,pilot,IMG_0067,3096.jpg,481,321,2,10,400,1502492182,1502492182,1502492182,HHO-VC,5.812165177524349,146,118,177,400,True,72.54329880001023,22,22,5.812165177524349,,,0,0,0,,1.5
pilot|IMG_0067|r2|n10|b400|EHHO-VC,pilot,IMG_0067,3096.jpg,481,321,2,10,400,1502492182,1502492182,1502492182,EHHO-VC,5.812165177524349,146,118,177,400,True,75.87390050000977,25,25,5.812165177524349,0.4092422412544097,0.3267374597155626,0,0,0,,1.5
pilot|IMG_0067|r2|n10|b400|BEHHO-VC,pilot,IMG_0067,3096.jpg,481,321,2,10,400,1502492182,1502492182,1502492182,BEHHO-VC,5.812342240546291,179,151,254,400,True,83.28529890000937,40,40,5.812342240546291,0.8558333333333333,0.835,0,0,0,,3.0
pilot|IMG_0067|r2|n10|b400|BDA-EHHO-VC,pilot,IMG_0067,3096.jpg,481,321,2,10,400,1502492182,1502492182,1502492182,BDA-EHHO-VC,5.812662163561189,177,189,196,400,True,76.05558459999156,20,20,5.812662163561189,,,0,186,14,0.93,4.0
pilot|IMG_0067|r2|n20|b200|HHO-VC,pilot,IMG_0067,3096.jpg,481,321,2,20,200,1502492182,1502492182,1502492182,HHO-VC,5.812417573658844,145,104,190,200,True,37.73687890000292,6,6,5.812417573658844,,,0,0,0,,3.0
pilot|IMG_0067|r2|n20|b200|EHHO-VC,pilot,IMG_0067,3096.jpg,481,321,2,20,200,1502492182,1502492182,1502492182,EHHO-VC,5.812376289628838,182,125,237,200,True,34.36399569999776,7,7,5.812376289628838,0.4919274322899505,0.4497482923527062,0,0,0,,2.0
pilot|IMG_0067|r2|n20|b200|BEHHO-VC,pilot,IMG_0067,3096.jpg,481,321,2,20,200,1502492182,1502492182,1502492182,BEHHO-VC,5.8124953151175545,133,158,250,200,True,35.42621549998876,10,10,5.8124953151175545,0.9145833333333332,0.9266666666666666,0,0,0,,4.0
pilot|IMG_0067|r2|n20|b200|BDA-EHHO-VC,pilot,IMG_0067,3096.jpg,481,321,2,20,200,1502492182,1502492182,1502492182,BDA-EHHO-VC,5.8123136946500695,101,117,247,200,True,37.91047240002081,5,5,5.8123136946500695,,,0,95,5,0.95,1.0
pilot|IMG_0067|r2|n20|b400|HHO-VC,pilot,IMG_0067,3096.jpg,481,321,2,20,400,1502492182,1502492182,1502492182,HHO-VC,5.8124048882419,181,123,237,400,True,74.48827989998972,11,11,5.8124048882419,,,0,0,0,,4.0
pilot|IMG_0067|r2|n20|b400|EHHO-VC,pilot,IMG_0067,3096.jpg,481,321,2,20,400,1502492182,1502492182,1502492182,EHHO-VC,5.812361428939621,141,95,186,400,True,46.49402760001249,13,13,5.812361428939621,0.4449174389935174,0.4512580067725894,0,0,0,,3.0
pilot|IMG_0067|r2|n20|b400|BEHHO-VC,pilot,IMG_0067,3096.jpg,481,321,2,20,400,1502492182,1502492182,1502492182,BEHHO-VC,5.812336573130867,159,123,251,400,True,61.6663480999996,20,20,5.812336573130867,0.9011041666666668,0.7954166666666667,0,0,0,,2.0
pilot|IMG_0067|r2|n20|b400|BDA-EHHO-VC,pilot,IMG_0067,3096.jpg,481,321,2,20,400,1502492182,1502492182,1502492182,BDA-EHHO-VC,5.8123136946500695,101,117,247,400,True,50.59995939998771,10,10,5.8123136946500695,,,0,183,17,0.915,1.0
pilot|IMG_0076|r1|n10|b200|HHO-VC,pilot,IMG_0076,41033.jpg,481,321,1,10,200,996011701,996011701,996011701,HHO-VC,4.883264507527573,175,118,246,200,True,18.290042099979477,11,11,4.883264507527573,,,0,0,0,,1.0
pilot|IMG_0076|r1|n10|b200|EHHO-VC,pilot,IMG_0076,41033.jpg,481,321,1,10,200,996011701,996011701,996011701,EHHO-VC,4.883370763666605,166,115,232,200,True,12.614448599983008,13,13,4.883370763666605,0.5140683718821454,0.5513371324149505,0,0,0,,2.0
pilot|IMG_0076|r1|n10|b200|BEHHO-VC,pilot,IMG_0076,41033.jpg,481,321,1,10,200,996011701,996011701,996011701,BEHHO-VC,4.88342638376155,171,111,246,200,True,18.64519440001459,20,20,4.88342638376155,0.8055,0.8716666666666667,0,0,0,,3.0
pilot|IMG_0076|r1|n10|b200|BDA-EHHO-VC,pilot,IMG_0076,41033.jpg,481,321,1,10,200,996011701,996011701,996011701,BDA-EHHO-VC,4.883464007858003,152,51,227,200,True,27.67034579999745,10,10,4.883464007858003,,,0,95,5,0.95,4.0
pilot|IMG_0076|r1|n10|b400|HHO-VC,pilot,IMG_0076,41033.jpg,481,321,1,10,400,996011701,996011701,996011701,HHO-VC,4.883370763666605,166,115,232,400,True,52.38961779998499,23,23,4.883370763666605,,,0,0,0,,3.5
pilot|IMG_0076|r1|n10|b400|EHHO-VC,pilot,IMG_0076,41033.jpg,481,321,1,10,400,996011701,996011701,996011701,EHHO-VC,4.883370763666605,166,115,232,400,True,55.95310529999552,27,27,4.883370763666605,0.4945231467563903,0.5947196014001653,0,0,0,,3.5
pilot|IMG_0076|r1|n10|b400|BEHHO-VC,pilot,IMG_0076,41033.jpg,481,321,1,10,400,996011701,996011701,996011701,BEHHO-VC,4.883291306562757,170,112,228,400,True,50.436555399996,40,40,4.883291306562757,0.8027916666666666,0.8533333333333332,0,0,0,,1.0
pilot|IMG_0076|r1|n10|b400|BDA-EHHO-VC,pilot,IMG_0076,41033.jpg,481,321,1,10,400,996011701,996011701,996011701,BDA-EHHO-VC,4.883339444301744,215,2,215,400,True,47.60598839999875,20,20,4.883339444301744,,,0,182,18,0.91,2.0
pilot|IMG_0076|r1|n20|b200|HHO-VC,pilot,IMG_0076,41033.jpg,481,321,1,20,200,996011701,996011701,996011701,HHO-VC,4.883204161398102,175,115,255,200,True,22.86587429998326,6,6,4.883204161398102,,,0,0,0,,2.0
pilot|IMG_0076|r1|n20|b200|EHHO-VC,pilot,IMG_0076,41033.jpg,481,321,1,20,200,996011701,996011701,996011701,EHHO-VC,4.883072124766064,174,116,253,200,True,24.49912980000954,7,7,4.883072124766064,0.4966625875022479,0.5089030404581941,0,0,0,,1.0
pilot|IMG_0076|r1|n20|b200|BEHHO-VC,pilot,IMG_0076,41033.jpg,481,321,1,20,200,996011701,996011701,996011701,BEHHO-VC,4.88364896387348,170,2,9,200,True,25.358700000011595,10,10,4.88364896387348,0.8737083333333333,0.8445833333333334,0,0,0,,4.0
pilot|IMG_0076|r1|n20|b200|BDA-EHHO-VC,pilot,IMG_0076,41033.jpg,481,321,1,20,200,996011701,996011701,996011701,BDA-EHHO-VC,4.883294385444565,170,2,2,200,True,24.60352669999702,5,5,4.883294385444565,,,0,94,6,0.94,3.0
pilot|IMG_0076|r1|n20|b400|HHO-VC,pilot,IMG_0076,41033.jpg,481,321,1,20,400,996011701,996011701,996011701,HHO-VC,4.883204161398102,175,115,255,400,True,48.491235399997095,12,12,4.883204161398102,,,0,0,0,,2.0
pilot|IMG_0076|r1|n20|b400|EHHO-VC,pilot,IMG_0076,41033.jpg,481,321,1,20,400,996011701,996011701,996011701,EHHO-VC,4.883217264265227,175,116,255,400,True,46.47644699999364,14,14,4.883217264265227,0.5109588660031983,0.4708313568864644,0,0,0,,3.0
pilot|IMG_0076|r1|n20|b400|BEHHO-VC,pilot,IMG_0076,41033.jpg,481,321,1,20,400,996011701,996011701,996011701,BEHHO-VC,4.883257122262847,155,2,216,400,True,46.88737159999437,20,20,4.883257122262847,0.932875,0.96125,0,0,0,,4.0
pilot|IMG_0076|r1|n20|b400|BDA-EHHO-VC,pilot,IMG_0076,41033.jpg,481,321,1,20,400,996011701,996011701,996011701,BDA-EHHO-VC,4.882525232848952,157,120,5,400,True,48.29976520000491,10,10,4.882525232848952,,,0,187,13,0.935,1.0
pilot|IMG_0076|r2|n10|b200|HHO-VC,pilot,IMG_0076,41033.jpg,481,321,2,10,200,1999416426,1999416426,1999416426,HHO-VC,4.881193846572603,204,126,138,200,True,23.63718869999866,11,11,4.881193846572603,,,0,0,0,,2.0
pilot|IMG_0076|r2|n10|b200|EHHO-VC,pilot,IMG_0076,41033.jpg,481,321,2,10,200,1999416426,1999416426,1999416426,EHHO-VC,4.881238132766423,217,128,141,200,True,25.037498899997445,13,13,4.881238132766423,0.4576565149804099,0.4818179757096745,0,0,0,,3.0
pilot|IMG_0076|r2|n10|b200|BEHHO-VC,pilot,IMG_0076,41033.jpg,481,321,2,10,200,1999416426,1999416426,1999416426,BEHHO-VC,4.880896187267357,80,2,144,200,True,25.08463520000805,20,20,4.880896187267357,0.7229166666666667,0.43,0,0,0,,1.0
pilot|IMG_0076|r2|n10|b200|BDA-EHHO-VC,pilot,IMG_0076,41033.jpg,481,321,2,10,200,1999416426,1999416426,1999416426,BDA-EHHO-VC,4.881822101597348,202,198,151,200,True,25.54389619998983,10,10,4.881822101597348,,,0,94,6,0.94,4.0
pilot|IMG_0076|r2|n10|b400|HHO-VC,pilot,IMG_0076,41033.jpg,481,321,2,10,400,1999416426,1999416426,1999416426,HHO-VC,4.881171255189092,216,126,141,400,True,48.82964779998292,21,21,4.881171255189092,,,0,0,0,,2.0
pilot|IMG_0076|r2|n10|b400|EHHO-VC,pilot,IMG_0076,41033.jpg,481,321,2,10,400,1999416426,1999416426,1999416426,EHHO-VC,4.881102447614764,205,127,140,400,True,49.15009680000367,25,25,4.881102447614764,0.4251918474477418,0.5010860706091298,0,0,0,,1.0
pilot|IMG_0076|r2|n10|b400|BEHHO-VC,pilot,IMG_0076,41033.jpg,481,321,2,10,400,1999416426,1999416426,1999416426,BEHHO-VC,4.881741166634401,2,2,160,400,True,44.53358260000823,40,40,4.881741166634401,0.7464583333333333,0.5666666666666668,0,0,0,,4.0
pilot|IMG_0076|r2|n10|b400|BDA-EHHO-VC,pilot,IMG_0076,41033.jpg,481,321,2,10,400,1999416426,1999416426,1999416426,BDA-EHHO-VC,4.881648689586406,228,137,138,400,True,47.41527870000573,20,20,4.882822275335173,,,0,180,20,0.9,3.0
pilot|IMG_0076|r2|n20|b200|HHO-VC,pilot,IMG_0076,41033.jpg,481,321,2,20,200,1999416426,1999416426,1999416426,HHO-VC,4.881100103670955,192,135,139,200,True,23.40654060000088,6,6,4.881100103670955,,,0,0,0,,2.0
pilot|IMG_0076|r2|n20|b200|EHHO-VC,pilot,IMG_0076,41033.jpg,481,321,2,20,200,1999416426,1999416426,1999416426,EHHO-VC,4.881117335637064,209,135,138,200,True,27.4540990999958,7,7,4.881117335637064,0.4514066175627869,0.4284711447183277,0,0,0,,3.0
pilot|IMG_0076|r2|n20|b200|BEHHO-VC,pilot,IMG_0076,41033.jpg,481,321,2,20,200,1999416426,1999416426,1999416426,BEHHO-VC,4.880793783705715,208,2,132,200,True,36.982570599997416,10,10,4.880793783705715,0.7727916666666667,0.8070833333333333,0,0,0,,1.0
pilot|IMG_0076|r2|n20|b200|BDA-EHHO-VC,pilot,IMG_0076,41033.jpg,481,321,2,20,200,1999416426,1999416426,1999416426,BDA-EHHO-VC,4.881681720722021,167,134,144,200,True,37.98166160000255,5,5,4.881681720722021,,,0,93,7,0.93,4.0
pilot|IMG_0076|r2|n20|b400|HHO-VC,pilot,IMG_0076,41033.jpg,481,321,2,20,400,1999416426,1999416426,1999416426,HHO-VC,4.880824037666189,219,138,152,400,True,76.62481219999609,11,11,4.880824037666189,,,0,0,0,,2.0
pilot|IMG_0076|r2|n20|b400|EHHO-VC,pilot,IMG_0076,41033.jpg,481,321,2,20,400,1999416426,1999416426,1999416426,EHHO-VC,4.881042058249002,205,136,138,400,True,76.93517229999998,12,12,4.881042058249002,0.466987548545803,0.5526943637962975,0,0,0,,3.0
pilot|IMG_0076|r2|n20|b400|BEHHO-VC,pilot,IMG_0076,41033.jpg,481,321,2,20,400,1999416426,1999416426,1999416426,BEHHO-VC,4.881077800693358,79,2,162,400,True,72.38182069998584,20,20,4.881077800693358,0.8328749999999999,0.7624999999999998,0,0,0,,4.0
pilot|IMG_0076|r2|n20|b400|BDA-EHHO-VC,pilot,IMG_0076,41033.jpg,481,321,2,20,400,1999416426,1999416426,1999416426,BDA-EHHO-VC,4.880345366358852,196,2,138,400,True,46.445710900006816,10,10,4.881727593879997,,,0,178,22,0.89,1.0
pilot|IMG_0078|r1|n10|b200|HHO-VC,pilot,IMG_0078,42012.jpg,321,481,1,10,200,1368832785,1368832785,1368832785,HHO-VC,4.885725357835996,162,220,152,200,True,29.96450370000093,11,11,4.885725357835996,,,0,0,0,,4.0
pilot|IMG_0078|r1|n10|b200|EHHO-VC,pilot,IMG_0078,42012.jpg,321,481,1,10,200,1368832785,1368832785,1368832785,EHHO-VC,4.883543857927688,3,6,2,200,True,33.29466789998696,12,12,4.883543857927688,0.169677346983888,0.0705945165715582,1,0,0,,1.0
pilot|IMG_0078|r1|n10|b200|BEHHO-VC,pilot,IMG_0078,42012.jpg,321,481,1,10,200,1368832785,1368832785,1368832785,BEHHO-VC,4.8843376153146005,80,6,2,200,True,34.986431600002106,20,20,4.8843376153146005,0.793,0.8099999999999999,0,0,0,,3.0
pilot|IMG_0078|r1|n10|b200|BDA-EHHO-VC,pilot,IMG_0078,42012.jpg,321,481,1,10,200,1368832785,1368832785,1368832785,BDA-EHHO-VC,4.8842466878177575,112,240,3,200,True,39.06952739998815,10,10,4.8842466878177575,,,0,90,10,0.9,2.0
pilot|IMG_0078|r1|n10|b400|HHO-VC,pilot,IMG_0078,42012.jpg,321,481,1,10,400,1368832785,1368832785,1368832785,HHO-VC,4.883848406052581,3,23,3,400,True,71.7895295000053,21,21,4.883848406052581,,,0,0,0,,1.0
pilot|IMG_0078|r1|n10|b400|EHHO-VC,pilot,IMG_0078,42012.jpg,321,481,1,10,400,1368832785,1368832785,1368832785,EHHO-VC,4.884040456069942,53,235,3,400,True,68.99649680001312,25,25,4.884040456069942,0.1612709479856616,0.3877161381042419,0,0,0,,3.0
pilot|IMG_0078|r1|n10|b400|BEHHO-VC,pilot,IMG_0078,42012.jpg,321,481,1,10,400,1368832785,1368832785,1368832785,BEHHO-VC,4.88396725302974,48,6,10,400,True,55.78731880002306,40,40,4.88396725302974,0.818125,0.7683333333333334,0,0,0,,2.0
pilot|IMG_0078|r1|n10|b400|BDA-EHHO-VC,pilot,IMG_0078,42012.jpg,321,481,1,10,400,1368832785,1368832785,1368832785,BDA-EHHO-VC,4.8842466878177575,112,240,3,400,True,71.34413559999666,20,20,4.8842466878177575,,,0,178,22,0.89,4.0
pilot|IMG_0078|r1|n20|b200|HHO-VC,pilot,IMG_0078,42012.jpg,321,481,1,20,200,1368832785,1368832785,1368832785,HHO-VC,4.884971048255698,3,230,202,200,True,38.82604680000805,6,6,4.884971048255698,,,0,0,0,,4.0
pilot|IMG_0078|r1|n20|b200|EHHO-VC,pilot,IMG_0078,42012.jpg,321,481,1,20,200,1368832785,1368832785,1368832785,EHHO-VC,4.884704143768393,3,219,177,200,True,41.92112819998874,7,7,4.884704143768393,0.4709094843085729,0.469751987879785,0,0,0,,3.0
pilot|IMG_0078|r1|n20|b200|BEHHO-VC,pilot,IMG_0078,42012.jpg,321,481,1,20,200,1368832785,1368832785,1368832785,BEHHO-VC,4.884703411573075,80,180,7,200,True,37.703049000003375,10,10,4.884703411573075,0.8995416666666666,0.8479166666666668,0,0,0,,2.0
pilot|IMG_0078|r1|n20|b200|BDA-EHHO-VC,pilot,IMG_0078,42012.jpg,321,481,1,20,200,1368832785,1368832785,1368832785,BDA-EHHO-VC,4.8842466878177575,112,240,3,200,True,36.52280080001219,5,5,4.8842466878177575,,,0,95,5,0.95,1.0
pilot|IMG_0078|r1|n20|b400|HHO-VC,pilot,IMG_0078,42012.jpg,321,481,1,20,400,1368832785,1368832785,1368832785,HHO-VC,4.8850392005933685,34,250,195,400,True,68.68624360000831,11,11,4.8850392005933685,,,0,0,0,,4.0
pilot|IMG_0078|r1|n20|b400|EHHO-VC,pilot,IMG_0078,42012.jpg,321,481,1,20,400,1368832785,1368832785,1368832785,EHHO-VC,4.884804462108652,27,246,181,400,True,73.07628930002102,13,13,4.884804462108652,0.4803327211439703,0.5513161895535477,0,0,0,,3.0
pilot|IMG_0078|r1|n20|b400|BEHHO-VC,pilot,IMG_0078,42012.jpg,321,481,1,20,400,1368832785,1368832785,1368832785,BEHHO-VC,4.884765341960079,25,229,6,400,True,72.15934320000815,20,20,4.884765341960079,0.9205208333333332,0.94625,0,0,0,,2.0
pilot|IMG_0078|r1|n20|b400|BDA-EHHO-VC,pilot,IMG_0078,42012.jpg,321,481,1,20,400,1368832785,1368832785,1368832785,BDA-EHHO-VC,4.8842466878177575,112,240,3,400,True,80.45726189998095,10,10,4.8842466878177575,,,0,189,11,0.945,1.0
pilot|IMG_0078|r2|n10|b200|HHO-VC,pilot,IMG_0078,42012.jpg,321,481,2,10,200,1218605923,1218605923,1218605923,HHO-VC,4.88842727205549,172,255,35,200,True,36.27742040000157,11,11,4.88842727205549,,,0,0,0,,3.0
pilot|IMG_0078|r2|n10|b200|EHHO-VC,pilot,IMG_0078,42012.jpg,321,481,2,10,200,1218605923,1218605923,1218605923,EHHO-VC,4.8882444627739,170,247,17,200,True,38.07157910001115,13,13,4.8882444627739,0.4273501105089967,0.2709224224082567,0,0,0,,1.0
pilot|IMG_0078|r2|n10|b200|BEHHO-VC,pilot,IMG_0078,42012.jpg,321,481,2,10,200,1218605923,1218605923,1218605923,BEHHO-VC,4.888297615324144,189,236,3,200,True,40.36356369999703,20,20,4.888297615324144,0.834,0.9066666666666666,0,0,0,,2.0
pilot|IMG_0078|r2|n10|b200|BDA-EHHO-VC,pilot,IMG_0078,42012.jpg,321,481,2,10,200,1218605923,1218605923,1218605923,BDA-EHHO-VC,4.889057211125268,190,238,121,200,True,24.032193199993344,10,10,4.889057211125268,,,0,93,7,0.93,4.0
pilot|IMG_0078|r2|n10|b400|HHO-VC,pilot,IMG_0078,42012.jpg,321,481,2,10,400,1218605923,1218605923,1218605923,HHO-VC,4.8887008876580245,179,251,85,400,True,48.29050549998647,22,22,4.8887008876580245,,,0,0,0,,3.0
pilot|IMG_0078|r2|n10|b400|EHHO-VC,pilot,IMG_0078,42012.jpg,321,481,2,10,400,1218605923,1218605923,1218605923,EHHO-VC,4.888671072655337,168,251,75,400,True,49.79127220000373,26,26,4.888671072655337,0.445435370553336,0.4285418632295612,0,0,0,,2.0
pilot|IMG_0078|r2|n10|b400|BEHHO-VC,pilot,IMG_0078,42012.jpg,321,481,2,10,400,1218605923,1218605923,1218605923,BEHHO-VC,4.888297615324144,189,236,3,400,True,78.69763290000265,40,40,4.888297615324144,0.8066666666666666,0.6516666666666666,0,0,0,,1.0
pilot|IMG_0078|r2|n10|b400|BDA-EHHO-VC,pilot,IMG_0078,42012.jpg,321,481,2,10,400,1218605923,1218605923,1218605923,BDA-EHHO-VC,4.889057211125268,190,238,121,400,True,79.74312979998649,20,20,4.889057211125268,,,0,184,16,0.92,4.0
pilot|IMG_0078|r2|n20|b200|HHO-VC,pilot,IMG_0078,42012.jpg,321,481,2,20,200,1218605923,1218605923,1218605923,HHO-VC,4.889086800217913,98,245,167,200,True,38.82804890000261,6,6,4.889086800217913,,,0,0,0,,3.0
pilot|IMG_0078|r2|n20|b200|EHHO-VC,pilot,IMG_0078,42012.jpg,321,481,2,20,200,1218605923,1218605923,1218605923,EHHO-VC,4.889139460303523,93,240,152,200,True,37.80047029998968,7,7,4.889139460303523,0.4674584550834135,0.3531083587121323,0,0,0,,4.0
pilot|IMG_0078|r2|n20|b200|BEHHO-VC,pilot,IMG_0078,42012.jpg,321,481,2,20,200,1218605923,1218605923,1218605923,BEHHO-VC,4.888729773674397,187,247,125,200,True,38.88446000000113,10,10,4.888729773674397,0.8577916666666667,0.9204166666666668,0,0,0,,1.0
pilot|IMG_0078|r2|n20|b200|BDA-EHHO-VC,pilot,IMG_0078,42012.jpg,321,481,2,20,200,1218605923,1218605923,1218605923,BDA-EHHO-VC,4.888878334689182,187,253,24,200,True,38.79291769998963,5,5,4.888878334689182,,,0,90,10,0.9,2.0
pilot|IMG_0078|r2|n20|b400|HHO-VC,pilot,IMG_0078,42012.jpg,321,481,2,20,400,1218605923,1218605923,1218605923,HHO-VC,4.888962869799331,85,242,154,400,True,78.13753000000725,11,11,4.888962869799331,,,0,0,0,,2.0
pilot|IMG_0078|r2|n20|b400|EHHO-VC,pilot,IMG_0078,42012.jpg,321,481,2,20,400,1218605923,1218605923,1218605923,EHHO-VC,4.889052680858664,98,244,167,400,True,75.00444920000155,13,13,4.889052680858664,0.4839187798864634,0.4492709615160678,0,0,0,,3.0
pilot|IMG_0078|r2|n20|b400|BEHHO-VC,pilot,IMG_0078,42012.jpg,321,481,2,20,400,1218605923,1218605923,1218605923,BEHHO-VC,4.88911488479871,23,244,36,400,True,78.26479470002232,20,20,4.88911488479871,0.8934374999999999,0.9270833333333334,0,0,0,,4.0
pilot|IMG_0078|r2|n20|b400|BDA-EHHO-VC,pilot,IMG_0078,42012.jpg,321,481,2,20,400,1218605923,1218605923,1218605923,BDA-EHHO-VC,4.88882905762,49,219,13,400,True,73.05642840001383,10,10,4.88882905762,,,0,180,20,0.9,1.0
pilot|IMG_0082|r1|n10|b200|HHO-VC,pilot,IMG_0082,54082.jpg,321,481,1,10,200,1522188686,1522188686,1522188686,HHO-VC,5.48055799007759,2,7,2,200,True,35.37812889998895,11,11,5.48055799007759,,,0,0,0,,1.0
pilot|IMG_0082|r1|n10|b200|EHHO-VC,pilot,IMG_0082,54082.jpg,321,481,1,10,200,1522188686,1522188686,1522188686,EHHO-VC,5.480994957499057,2,25,2,200,True,35.243416899989825,13,13,5.480994957499057,0.1487317491048551,0.0451002101817534,0,0,0,,2.0
pilot|IMG_0082|r1|n10|b200|BEHHO-VC,pilot,IMG_0082,54082.jpg,321,481,1,10,200,1522188686,1522188686,1522188686,BEHHO-VC,5.481163497510401,2,20,2,200,True,39.07945560000371,20,20,5.481163497510401,0.6939166666666666,0.6116666666666667,0,0,0,,3.0
pilot|IMG_0082|r1|n10|b200|BDA-EHHO-VC,pilot,IMG_0082,54082.jpg,321,481,1,10,200,1522188686,1522188686,1522188686,BDA-EHHO-VC,5.481258054998992,2,161,2,200,True,43.605987399991136,10,10,5.481258054998992,,,0,90,10,0.9,4.0
pilot|IMG_0082|r1|n10|b400|HHO-VC,pilot,IMG_0082,54082.jpg,321,481,1,10,400,1522188686,1522188686,1522188686,HHO-VC,5.48055799007759,2,7,2,400,True,65.77339909999864,21,21,5.48055799007759,,,0,0,0,,1.0
pilot|IMG_0082|r1|n10|b400|EHHO-VC,pilot,IMG_0082,54082.jpg,321,481,1,10,400,1522188686,1522188686,1522188686,EHHO-VC,5.4807565200990025,2,151,2,400,True,68.79344030001084,25,25,5.4807565200990025,0.2048396795125823,0.3094002796920744,0,0,0,,2.0
pilot|IMG_0082|r1|n10|b400|BEHHO-VC,pilot,IMG_0082,54082.jpg,321,481,1,10,400,1522188686,1522188686,1522188686,BEHHO-VC,5.481037933747964,2,144,2,400,True,67.02533279999625,40,40,5.481037933747964,0.6488750000000001,0.7866666666666666,0,0,0,,3.0
pilot|IMG_0082|r1|n10|b400|BDA-EHHO-VC,pilot,IMG_0082,54082.jpg,321,481,1,10,400,1522188686,1522188686,1522188686,BDA-EHHO-VC,5.481258054998992,2,161,2,400,True,78.14773130000685,20,20,5.481258054998992,,,0,189,11,0.945,4.0
pilot|IMG_0082|r1|n20|b200|HHO-VC,pilot,IMG_0082,54082.jpg,321,481,1,20,200,1522188686,1522188686,1522188686,HHO-VC,5.4821862737304805,154,149,151,200,True,39.275704500003485,6,6,5.4821862737304805,,,0,0,0,,4.0
pilot|IMG_0082|r1|n20|b200|EHHO-VC,pilot,IMG_0082,54082.jpg,321,481,1,20,200,1522188686,1522188686,1522188686,EHHO-VC,5.482054765051586,107,103,105,200,True,39.91722829997889,7,7,5.482054765051586,0.4066295607900615,0.26594658652488,0,0,0,,3.0
pilot|IMG_0082|r1|n20|b200|BEHHO-VC,pilot,IMG_0082,54082.jpg,321,481,1,20,200,1522188686,1522188686,1522188686,BEHHO-VC,5.481163497510401,2,20,2,200,True,40.49730720001389,10,10,5.481163497510401,0.6942083333333333,0.5041666666666668,0,0,0,,1.0
pilot|IMG_0082|r1|n20|b200|BDA-EHHO-VC,pilot,IMG_0082,54082.jpg,321,481,1,20,200,1522188686,1522188686,1522188686,BDA-EHHO-VC,5.4816898148885445,101,151,242,200,True,31.23406590000377,5,5,5.4816898148885445,,,0,95,5,0.95,2.0
pilot|IMG_0082|r1|n20|b400|HHO-VC,pilot,IMG_0082,54082.jpg,321,481,1,20,400,1522188686,1522188686,1522188686,HHO-VC,5.482114293583727,95,92,95,400,True,78.40284100000281,11,11,5.482114293583727,,,0,0,0,,4.0
pilot|IMG_0082|r1|n20|b400|EHHO-VC,pilot,IMG_0082,54082.jpg,321,481,1,20,400,1522188686,1522188686,1522188686,EHHO-VC,5.481963470432063,147,142,144,400,True,72.71856740000658,13,13,5.481963470432063,0.4159557315122019,0.4978871253127702,0,0,0,,3.0
pilot|IMG_0082|r1|n20|b400|BEHHO-VC,pilot,IMG_0082,54082.jpg,321,481,1,20,400,1522188686,1522188686,1522188686,BEHHO-VC,5.481313531260312,100,144,2,400,True,80.24664540000958,20,20,5.481313531260312,0.8256874999999999,0.8799999999999999,0,0,0,,1.0
pilot|IMG_0082|r1|n20|b400|BDA-EHHO-VC,pilot,IMG_0082,54082.jpg,321,481,1,20,400,1522188686,1522188686,1522188686,BDA-EHHO-VC,5.4816898148885445,101,151,242,400,True,82.53089160000673,10,10,5.4816898148885445,,,0,178,22,0.89,2.0
pilot|IMG_0082|r2|n10|b200|HHO-VC,pilot,IMG_0082,54082.jpg,321,481,2,10,200,1743986458,1743986458,1743986458,HHO-VC,5.483809854872109,107,245,155,200,True,37.48248159998912,13,13,5.483809854872109,,,0,0,0,,2.0
pilot|IMG_0082|r2|n10|b200|EHHO-VC,pilot,IMG_0082,54082.jpg,321,481,2,10,200,1743986458,1743986458,1743986458,EHHO-VC,5.48376086747819,108,245,158,200,True,28.306890099978773,15,15,5.48376086747819,0.4528655134124676,0.3717809682855597,0,0,0,,1.0
pilot|IMG_0082|r2|n10|b200|BEHHO-VC,pilot,IMG_0082,54082.jpg,321,481,2,10,200,1743986458,1743986458,1743986458,BEHHO-VC,5.483917138431669,226,231,162,200,True,24.528192199999467,20,20,5.483917138431669,0.9053333333333332,0.8849999999999999,0,0,0,,3.0
pilot|IMG_0082|r2|n10|b200|BDA-EHHO-VC,pilot,IMG_0082,54082.jpg,321,481,2,10,200,1743986458,1743986458,1743986458,BDA-EHHO-VC,5.484026248093696,148,15,101,200,True,35.83328819999588,10,10,5.484026248093696,,,0,93,7,0.93,4.0
pilot|IMG_0082|r2|n10|b400|HHO-VC,pilot,IMG_0082,54082.jpg,321,481,2,10,400,1743986458,1743986458,1743986458,HHO-VC,5.483835789076704,106,245,155,400,True,78.26161210000282,24,24,5.483835789076704,,,0,0,0,,4.0
pilot|IMG_0082|r2|n10|b400|EHHO-VC,pilot,IMG_0082,54082.jpg,321,481,2,10,400,1743986458,1743986458,1743986458,EHHO-VC,5.48376086747819,108,245,158,400,True,48.85245390000637,27,27,5.48376086747819,0.477054184773507,0.385435408924773,0,0,0,,3.0
pilot|IMG_0082|r2|n10|b400|BEHHO-VC,pilot,IMG_0082,54082.jpg,321,481,2,10,400,1743986458,1743986458,1743986458,BEHHO-VC,5.483373099216717,161,197,135,400,True,41.50677239999641,40,40,5.483373099216717,0.8972083333333334,0.9316666666666666,0,0,0,,1.0
pilot|IMG_0082|r2|n10|b400|BDA-EHHO-VC,pilot,IMG_0082,54082.jpg,321,481,2,10,400,1743986458,1743986458,1743986458,BDA-EHHO-VC,5.483702197541377,183,245,132,400,True,41.60835229998338,20,20,5.483702197541377,,,0,185,15,0.925,2.0
pilot|IMG_0082|r2|n20|b200|HHO-VC,pilot,IMG_0082,54082.jpg,321,481,2,20,200,1743986458,1743986458,1743986458,HHO-VC,5.483152474647018,160,226,143,200,True,23.830920199980028,7,7,5.483152474647018,,,0,0,0,,2.0
pilot|IMG_0082|r2|n20|b200|EHHO-VC,pilot,IMG_0082,54082.jpg,321,481,2,20,200,1743986458,1743986458,1743986458,EHHO-VC,5.483114449800439,151,246,136,200,True,24.972139099991185,8,8,5.483114449800439,0.5082915791718068,0.5738552510233447,0,0,0,,1.0
pilot|IMG_0082|r2|n20|b200|BEHHO-VC,pilot,IMG_0082,54082.jpg,321,481,2,20,200,1743986458,1743986458,1743986458,BEHHO-VC,5.483891281392698,196,201,144,200,True,23.76509550001356,10,10,5.483891281392698,0.8530000000000001,0.8683333333333333,0,0,0,,4.0
pilot|IMG_0082|r2|n20|b200|BDA-EHHO-VC,pilot,IMG_0082,54082.jpg,321,481,2,20,200,1743986458,1743986458,1743986458,BDA-EHHO-VC,5.483635356834832,164,252,153,200,True,24.922572899988158,5,5,5.483635356834832,,,0,94,6,0.94,3.0
pilot|IMG_0082|r2|n20|b400|HHO-VC,pilot,IMG_0082,54082.jpg,321,481,2,20,400,1743986458,1743986458,1743986458,HHO-VC,5.483269645180823,160,199,135,400,True,48.71689029998379,12,12,5.483269645180823,,,0,0,0,,3.0
pilot|IMG_0082|r2|n20|b400|EHHO-VC,pilot,IMG_0082,54082.jpg,321,481,2,20,400,1743986458,1743986458,1743986458,EHHO-VC,5.483099379133464,161,219,136,400,True,46.39095189998625,14,14,5.483099379133464,0.5013020880018365,0.4967514079798366,0,0,0,,1.0
pilot|IMG_0082|r2|n20|b400|BEHHO-VC,pilot,IMG_0082,54082.jpg,321,481,2,20,400,1743986458,1743986458,1743986458,BEHHO-VC,5.483239289776151,134,245,17,400,True,49.58631929999683,20,20,5.483239289776151,0.8836875000000001,0.9679166666666666,0,0,0,,2.0
pilot|IMG_0082|r2|n20|b400|BDA-EHHO-VC,pilot,IMG_0082,54082.jpg,321,481,2,20,400,1743986458,1743986458,1743986458,BDA-EHHO-VC,5.483579607193701,157,207,136,400,True,48.34029689998715,10,10,5.483579607193701,,,0,177,23,0.885,4.0
pilot|IMG_0090|r1|n10|b200|HHO-VC,pilot,IMG_0090,69040.jpg,481,321,1,10,200,1031586320,1031586320,1031586320,HHO-VC,5.199026212379178,242,2,2,200,True,38.13508509998792,12,12,5.199026212379178,,,0,0,0,,1.5
pilot|IMG_0090|r1|n10|b200|EHHO-VC,pilot,IMG_0090,69040.jpg,481,321,1,10,200,1031586320,1031586320,1031586320,EHHO-VC,5.199026212379178,242,2,2,200,True,36.04385379998712,14,14,5.199026212379178,0.3611914153259967,0.3666361345019791,0,0,0,,1.5
pilot|IMG_0090|r1|n10|b200|BEHHO-VC,pilot,IMG_0090,69040.jpg,481,321,1,10,200,1031586320,1031586320,1031586320,BEHHO-VC,5.19943662955847,16,2,2,200,True,26.30978359997971,20,20,5.19943662955847,0.6316666666666666,0.6433333333333334,0,0,0,,3.0
pilot|IMG_0090|r1|n10|b200|BDA-EHHO-VC,pilot,IMG_0090,69040.jpg,481,321,1,10,200,1031586320,1031586320,1031586320,BDA-EHHO-VC,5.201320376430616,160,3,113,200,True,22.988434300001245,10,10,5.201320376430616,,,0,91,9,0.91,4.0
pilot|IMG_0090|r1|n10|b400|HHO-VC,pilot,IMG_0090,69040.jpg,481,321,1,10,400,1031586320,1031586320,1031586320,HHO-VC,5.199018127764403,239,2,2,400,True,12982.751355099988,22,22,5.199018127764403,,,0,0,0,,2.0
pilot|IMG_0090|r1|n10|b400|EHHO-VC,pilot,IMG_0090,69040.jpg,481,321,1,10,400,1031586320,1031586320,1031586320,EHHO-VC,5.198978906482163,238,2,2,400,True,21.107962000009135,26,26,5.198978906482163,0.3411033584288822,0.2731457352936363,0,0,0,,1.0
pilot|IMG_0090|r1|n10|b400|BEHHO-VC,pilot,IMG_0090,69040.jpg,481,321,1,10,400,1031586320,1031586320,1031586320,BEHHO-VC,5.19943662955847,16,2,2,400,True,20.455048300034832,40,40,5.19943662955847,0.5123333333333334,0.4616666666666667,0,0,0,,3.0
pilot|IMG_0090|r1|n10|b400|BDA-EHHO-VC,pilot,IMG_0090,69040.jpg,481,321,1,10,400,1031586320,1031586320,1031586320,BDA-EHHO-VC,5.200988803686758,193,2,97,400,True,21.28668199997628,20,20,5.200988803686758,,,0,186,14,0.93,4.0
pilot|IMG_0090|r1|n20|b200|HHO-VC,pilot,IMG_0090,69040.jpg,481,321,1,20,200,1031586320,1031586320,1031586320,HHO-VC,5.199288521455961,255,2,2,200,True,9.92069930001162,6,6,5.199288521455961,,,0,0,0,,2.0
pilot|IMG_0090|r1|n20|b200|EHHO-VC,pilot,IMG_0090,69040.jpg,481,321,1,20,200,1031586320,1031586320,1031586320,EHHO-VC,5.198947551833162,7,2,2,200,True,31.1941313999705,6,6,5.198947551833162,0.1884395653267661,0.0098679221013681,2,0,0,,1.0
pilot|IMG_0090|r1|n20|b200|BEHHO-VC,pilot,IMG_0090,69040.jpg,481,321,1,20,200,1031586320,1031586320,1031586320,BEHHO-VC,5.199476951193295,128,2,2,200,True,28.506645800021943,10,10,5.199476951193295,0.6704166666666667,0.6699999999999999,0,0,0,,3.0
pilot|IMG_0090|r1|n20|b200|BDA-EHHO-VC,pilot,IMG_0090,69040.jpg,481,321,1,20,200,1031586320,1031586320,1031586320,BDA-EHHO-VC,5.200890780271869,241,2,228,200,True,21.853900599991903,5,5,5.200890780271869,,,0,91,9,0.91,4.0
pilot|IMG_0090|r1|n20|b400|HHO-VC,pilot,IMG_0090,69040.jpg,481,321,1,20,400,1031586320,1031586320,1031586320,HHO-VC,5.198978906482163,238,2,2,400,True,42.08427719998872,11,11,5.198978906482163,,,0,0,0,,1.0
pilot|IMG_0090|r1|n20|b400|EHHO-VC,pilot,IMG_0090,69040.jpg,481,321,1,20,400,1031586320,1031586320,1031586320,EHHO-VC,5.1994017339878384,3,2,2,400,True,55.46567179996055,13,13,5.1994017339878384,0.1161260999315487,0.0362254922742995,4,0,0,,2.5
pilot|IMG_0090|r1|n20|b400|BEHHO-VC,pilot,IMG_0090,69040.jpg,481,321,1,20,400,1031586320,1031586320,1031586320,BEHHO-VC,5.1994017339878384,3,2,2,400,True,49.43371539999498,20,20,5.1994017339878384,0.6664791666666667,0.4983333333333333,0,0,0,,2.5
pilot|IMG_0090|r1|n20|b400|BDA-EHHO-VC,pilot,IMG_0090,69040.jpg,481,321,1,20,400,1031586320,1031586320,1031586320,BDA-EHHO-VC,5.199854723733407,96,2,2,400,True,48.2272933999775,10,10,5.199854723733407,,,0,188,12,0.94,4.0
pilot|IMG_0090|r2|n10|b200|HHO-VC,pilot,IMG_0090,69040.jpg,481,321,2,10,200,593307423,593307423,593307423,HHO-VC,5.199237005919301,7,2,2,200,True,22.15982860000804,10,10,5.199237005919301,,,0,0,0,,3.5
pilot|IMG_0090|r2|n10|b200|EHHO-VC,pilot,IMG_0090,69040.jpg,481,321,2,10,200,593307423,593307423,593307423,EHHO-VC,5.199237005919301,7,2,2,200,True,22.627390900044706,12,12,5.199237005919301,0.147830951637796,0.1373092334988992,6,0,0,,3.5
pilot|IMG_0090|r2|n10|b200|BEHHO-VC,pilot,IMG_0090,69040.jpg,481,321,2,10,200,593307423,593307423,593307423,BEHHO-VC,5.19739788921806,128,205,2,200,True,23.229502100031823,20,20,5.19739788921806,0.7390000000000001,0.6133333333333334,0,0,0,,2.0
pilot|IMG_0090|r2|n10|b200|BDA-EHHO-VC,pilot,IMG_0090,69040.jpg,481,321,2,10,200,593307423,593307423,593307423,BDA-EHHO-VC,5.196990902053351,191,173,2,200,True,15.425451699993571,10,10,5.196990902053351,,,0,94,6,0.94,1.0
pilot|IMG_0090|r2|n10|b400|HHO-VC,pilot,IMG_0090,69040.jpg,481,321,2,10,400,593307423,593307423,593307423,HHO-VC,5.199237005919301,7,2,2,400,True,41.57423890003702,23,23,5.199237005919301,,,0,0,0,,4.0
pilot|IMG_0090|r2|n10|b400|EHHO-VC,pilot,IMG_0090,69040.jpg,481,321,2,10,400,593307423,593307423,593307423,EHHO-VC,5.198209990931103,7,4,2,400,True,41.61172899999656,26,26,5.198209990931103,0.0881666769064892,0.1272752382709016,13,0,0,,2.0
pilot|IMG_0090|r2|n10|b400|BEHHO-VC,pilot,IMG_0090,69040.jpg,481,321,2,10,400,593307423,593307423,593307423,BEHHO-VC,5.197835593112903,32,136,2,400,True,52.81210760003887,40,40,5.197835593112903,0.6463333333333333,0.71,0,0,0,,1.0
pilot|IMG_0090|r2|n10|b400|BDA-EHHO-VC,pilot,IMG_0090,69040.jpg,481,321,2,10,400,593307423,593307423,593307423,BDA-EHHO-VC,5.199008409965397,87,36,2,400,True,53.73883409996051,20,20,5.199008409965397,,,0,183,17,0.915,3.0
pilot|IMG_0090|r2|n20|b200|HHO-VC,pilot,IMG_0090,69040.jpg,481,321,2,20,200,593307423,593307423,593307423,HHO-VC,5.198426061708742,101,41,2,200,True,26.712108199950308,5,5,5.198426061708742,,,0,0,0,,4.0
pilot|IMG_0090|r2|n20|b200|EHHO-VC,pilot,IMG_0090,69040.jpg,481,321,2,20,200,593307423,593307423,593307423,EHHO-VC,5.198013135222095,92,65,2,200,True,26.44483019999461,7,7,5.198013135222095,0.3030704667787652,0.2002138011650054,0,0,0,,3.0
pilot|IMG_0090|r2|n20|b200|BEHHO-VC,pilot,IMG_0090,69040.jpg,481,321,2,20,200,593307423,593307423,593307423,BEHHO-VC,5.196881800493145,116,194,2,200,True,21.30593660002341,10,10,5.196881800493145,0.827,0.79875,0,0,0,,1.0
pilot|IMG_0090|r2|n20|b200|BDA-EHHO-VC,pilot,IMG_0090,69040.jpg,481,321,2,20,200,593307423,593307423,593307423,BDA-EHHO-VC,5.197941891527769,193,132,2,200,True,16.5102999000228,5,5,5.197966641244492,,,0,95,5,0.95,2.0
pilot|IMG_0090|r2|n20|b400|HHO-VC,pilot,IMG_0090,69040.jpg,481,321,2,20,400,593307423,593307423,593307423,HHO-VC,5.199022036865748,106,2,2,400,True,32.6192418000428,12,12,5.199022036865748,,,0,0,0,,4.0
pilot|IMG_0090|r2|n20|b400|EHHO-VC,pilot,IMG_0090,69040.jpg,481,321,2,20,400,593307423,593307423,593307423,EHHO-VC,5.198984962148228,17,2,2,400,True,52.96752720000222,14,14,5.198984962148228,0.1974949951703397,0.0281114793452104,0,0,0,,3.0
pilot|IMG_0090|r2|n20|b400|BEHHO-VC,pilot,IMG_0090,69040.jpg,481,321,2,20,400,593307423,593307423,593307423,BEHHO-VC,5.196881800493145,116,194,2,400,True,52.28091259999201,20,20,5.196881800493145,0.8195625,0.8266666666666667,0,0,0,,1.0
pilot|IMG_0090|r2|n20|b400|BDA-EHHO-VC,pilot,IMG_0090,69040.jpg,481,321,2,20,400,593307423,593307423,593307423,BDA-EHHO-VC,5.1969766584604224,35,176,2,400,True,58.113236300006974,10,10,5.1969766584604224,,,0,183,17,0.915,2.0
pilot|IMG_0093|r1|n10|b200|HHO-VC,pilot,IMG_0093,8023.jpg,481,321,1,10,200,2102841768,2102841768,2102841768,HHO-VC,5.66310146377197,92,130,46,200,True,30.011934000009205,11,11,5.66310146377197,,,0,0,0,,4.0
pilot|IMG_0093|r1|n10|b200|EHHO-VC,pilot,IMG_0093,8023.jpg,481,321,1,10,200,2102841768,2102841768,2102841768,EHHO-VC,5.662823453328528,79,118,41,200,True,28.751401000015903,13,13,5.662823453328528,0.2887764726885468,0.2716612083157674,0,0,0,,1.0
pilot|IMG_0093|r1|n10|b200|BEHHO-VC,pilot,IMG_0093,8023.jpg,481,321,1,10,200,2102841768,2102841768,2102841768,BEHHO-VC,5.662954032740412,10,211,155,200,True,25.73877460003132,20,20,5.662954032740412,0.83575,0.8233333333333333,0,0,0,,3.0
pilot|IMG_0093|r1|n10|b200|BDA-EHHO-VC,pilot,IMG_0093,8023.jpg,481,321,1,10,200,2102841768,2102841768,2102841768,BDA-EHHO-VC,5.662930695647506,94,187,8,200,True,26.885772600013297,10,10,5.662930695647506,,,0,90,10,0.9,2.0
pilot|IMG_0093|r1|n10|b400|HHO-VC,pilot,IMG_0093,8023.jpg,481,321,1,10,400,2102841768,2102841768,2102841768,HHO-VC,5.662823453328528,79,118,41,400,True,47.08274469996104,23,23,5.662823453328528,,,0,0,0,,3.0
pilot|IMG_0093|r1|n10|b400|EHHO-VC,pilot,IMG_0093,8023.jpg,481,321,1,10,400,2102841768,2102841768,2102841768,EHHO-VC,5.662791202873623,14,30,4,400,True,50.572528499993496,27,27,5.662791202873623,0.1164514594423728,0.0493160610649198,0,0,0,,2.0
pilot|IMG_0093|r1|n10|b400|BEHHO-VC,pilot,IMG_0093,8023.jpg,481,321,1,10,400,2102841768,2102841768,2102841768,BEHHO-VC,5.662772479783403,88,240,15,400,True,30.70401279994985,40,40,5.662772479783403,0.8416666666666666,0.7833333333333333,0,0,0,,1.0
pilot|IMG_0093|r1|n10|b400|BDA-EHHO-VC,pilot,IMG_0093,8023.jpg,481,321,1,10,400,2102841768,2102841768,2102841768,BDA-EHHO-VC,5.66297480748511,20,27,158,400,True,40.74727259995416,20,20,5.66297480748511,,,0,180,20,0.9,4.0
pilot|IMG_0093|r1|n20|b200|HHO-VC,pilot,IMG_0093,8023.jpg,481,321,1,20,200,2102841768,2102841768,2102841768,HHO-VC,5.663079873050589,67,46,18,200,True,23.558399299974557,6,6,5.663079873050589,,,0,0,0,,4.0
pilot|IMG_0093|r1|n20|b200|EHHO-VC,pilot,IMG_0093,8023.jpg,481,321,1,20,200,2102841768,2102841768,2102841768,EHHO-VC,5.662652845369081,95,54,21,200,True,25.135933900019158,7,7,5.662652845369081,0.2899403207384941,0.2514164206182642,0,0,0,,2.0
pilot|IMG_0093|r1|n20|b200|BEHHO-VC,pilot,IMG_0093,8023.jpg,481,321,1,20,200,2102841768,2102841768,2102841768,BEHHO-VC,5.662851624739399,14,202,111,200,True,28.19165749999229,10,10,5.662851624739399,0.8875,0.8441666666666666,0,0,0,,3.0
pilot|IMG_0093|r1|n20|b200|BDA-EHHO-VC,pilot,IMG_0093,8023.jpg,481,321,1,20,200,2102841768,2102841768,2102841768,BDA-EHHO-VC,5.66262053592614,21,83,21,200,True,31.96059089998016,5,5,5.66308305405478,,,0,92,8,0.92,1.0
pilot|IMG_0093|r1|n20|b400|HHO-VC,pilot,IMG_0093,8023.jpg,481,321,1,20,400,2102841768,2102841768,2102841768,HHO-VC,5.662777408071617,84,52,21,400,True,57.11198580003111,12,12,5.662777408071617,,,0,0,0,,3.0
pilot|IMG_0093|r1|n20|b400|EHHO-VC,pilot,IMG_0093,8023.jpg,481,321,1,20,400,2102841768,2102841768,2102841768,EHHO-VC,5.662704993684016,92,59,21,400,True,59.09536970005138,14,14,5.662704993684016,0.2463873900926877,0.2040224299936036,0,0,0,,2.0
pilot|IMG_0093|r1|n20|b400|BEHHO-VC,pilot,IMG_0093,8023.jpg,481,321,1,20,400,2102841768,2102841768,2102841768,BEHHO-VC,5.662815724952664,17,97,70,400,True,62.1080704999622,20,20,5.662815724952664,0.8423541666666667,0.8312499999999999,0,0,0,,4.0
pilot|IMG_0093|r1|n20|b400|BDA-EHHO-VC,pilot,IMG_0093,8023.jpg,481,321,1,20,400,2102841768,2102841768,2102841768,BDA-EHHO-VC,5.662590280531194,19,174,40,400,True,33.848766900016926,10,10,5.662590280531194,,,0,181,19,0.905,1.0
pilot|IMG_0093|r2|n10|b200|HHO-VC,pilot,IMG_0093,8023.jpg,481,321,2,10,200,2114118811,2114118811,2114118811,HHO-VC,5.6645227683965205,3,66,45,200,True,10.58689510001568,11,11,5.6645227683965205,,,0,0,0,,2.0
pilot|IMG_0093|r2|n10|b200|EHHO-VC,pilot,IMG_0093,8023.jpg,481,321,2,10,200,2114118811,2114118811,2114118811,EHHO-VC,5.664334028355444,3,66,44,200,True,10.63562620000448,14,14,5.664334028355444,0.2046129745797934,0.1313255560246945,0,0,0,,1.0
pilot|IMG_0093|r2|n10|b200|BEHHO-VC,pilot,IMG_0093,8023.jpg,481,321,2,10,200,2114118811,2114118811,2114118811,BEHHO-VC,5.66536228057154,9,40,8,200,True,10.45052010001382,20,20,5.66536228057154,0.7902499999999999,0.2883333333333333,0,0,0,,4.0
pilot|IMG_0093|r2|n10|b200|BDA-EHHO-VC,pilot,IMG_0093,8023.jpg,481,321,2,10,200,2114118811,2114118811,2114118811,BDA-EHHO-VC,5.665291470077673,4,119,237,200,True,10.671860300004482,10,10,5.665291470077673,,,0,93,7,0.93,3.0
pilot|IMG_0093|r2|n10|b400|HHO-VC,pilot,IMG_0093,8023.jpg,481,321,2,10,400,2114118811,2114118811,2114118811,HHO-VC,5.6645227683965205,3,66,45,400,True,20.060652799962558,22,22,5.6645227683965205,,,0,0,0,,1.5
pilot|IMG_0093|r2|n10|b400|EHHO-VC,pilot,IMG_0093,8023.jpg,481,321,2,10,400,2114118811,2114118811,2114118811,EHHO-VC,5.6645227683965205,3,66,45,400,True,21.293497500009835,25,25,5.6645227683965205,0.1731718746892271,0.1690679648159178,0,0,0,,1.5
pilot|IMG_0093|r2|n10|b400|BEHHO-VC,pilot,IMG_0093,8023.jpg,481,321,2,10,400,2114118811,2114118811,2114118811,BEHHO-VC,5.664726568922878,5,131,128,400,True,21.225425200012975,40,40,5.664726568922878,0.7524583333333333,0.7033333333333335,0,0,0,,3.0
pilot|IMG_0093|r2|n10|b400|BDA-EHHO-VC,pilot,IMG_0093,8023.jpg,481,321,2,10,400,2114118811,2114118811,2114118811,BDA-EHHO-VC,5.665096411409579,3,189,191,400,True,22.552863000018988,20,20,5.665096411409579,,,0,180,20,0.9,4.0
pilot|IMG_0093|r2|n20|b200|HHO-VC,pilot,IMG_0093,8023.jpg,481,321,2,20,200,2114118811,2114118811,2114118811,HHO-VC,5.665137312686052,3,80,34,200,True,10.46639320004033,6,6,5.665137312686052,,,0,0,0,,3.0
pilot|IMG_0093|r2|n20|b200|EHHO-VC,pilot,IMG_0093,8023.jpg,481,321,2,20,200,2114118811,2114118811,2114118811,EHHO-VC,5.664979337685966,5,131,56,200,True,10.416954799962696,7,7,5.664979337685966,0.2737132453760351,0.2787176599728922,0,0,0,,2.0
pilot|IMG_0093|r2|n20|b200|BEHHO-VC,pilot,IMG_0093,8023.jpg,481,321,2,20,200,2114118811,2114118811,2114118811,BEHHO-VC,5.664838619384059,3,214,19,200,True,11.222570099984296,10,10,5.664838619384059,0.8610000000000001,0.8883333333333333,0,0,0,,1.0
pilot|IMG_0093|r2|n20|b200|BDA-EHHO-VC,pilot,IMG_0093,8023.jpg,481,321,2,20,200,2114118811,2114118811,2114118811,BDA-EHHO-VC,5.6656975494567705,48,212,237,200,True,10.770119000051636,5,5,5.6656975494567705,,,0,94,6,0.94,4.0
pilot|IMG_0093|r2|n20|b400|HHO-VC,pilot,IMG_0093,8023.jpg,481,321,2,20,400,2114118811,2114118811,2114118811,HHO-VC,5.664431979157933,3,66,29,400,True,20.28261149994796,11,11,5.664431979157933,,,0,0,0,,1.5
pilot|IMG_0093|r2|n20|b400|EHHO-VC,pilot,IMG_0093,8023.jpg,481,321,2,20,400,2114118811,2114118811,2114118811,EHHO-VC,5.664431979157933,3,66,29,400,True,22.11838099994929,13,13,5.664431979157933,0.1907810388727301,0.1248795136211944,0,0,0,,1.5
pilot|IMG_0093|r2|n20|b400|BEHHO-VC,pilot,IMG_0093,8023.jpg,481,321,2,20,400,2114118811,2114118811,2114118811,BEHHO-VC,5.66505334072684,4,213,112,400,True,21.21786430000793,20,20,5.66505334072684,0.8165416666666667,0.8475,0,0,0,,3.0
pilot|IMG_0093|r2|n20|b400|BDA-EHHO-VC,pilot,IMG_0093,8023.jpg,481,321,2,20,400,2114118811,2114118811,2114118811,BDA-EHHO-VC,5.665646053833133,2,215,255,400,True,22.61149589996785,10,10,5.666008720410517,,,0,179,21,0.895,4.0
